cohort_id,institution,n_students,rule_days_auc,rule_days_recall,rule_best_auc,rule_best_name,local_auc,local_recall,transferred_auc,transferred_recall,local_gain_over_rule,transferred_gain_over_rule,cutoff
ku_Accountancy_1819,KU Leuven,752,0.6294389204545455,0.2857142857142857,0.6410054788961038,cum_clicks,0.5842854153588617,0.2488888888888888,0.5315912086137083,0.22884990253411303,-0.04515350509568383,-0.09784771184083718,f25
ku_Accountancy_1920,KU Leuven,705,0.6455858330858331,0.3125,0.6656565562815563,cum_clicks,0.6225697149794343,0.3056768558951965,0.5303060646779028,0.23404581322301382,-0.02301611810639881,-0.1152797684079303,f25
ku_Accountancy_2021,KU Leuven,723,0.6767842793483821,0.32407407407407407,0.6767842793483821,cum_active_days,0.6451567545992235,0.3133640552995391,0.5303284723110799,0.2501414827391058,-0.03162752474915864,-0.1464558070373022,f25
ku_Globaleconom_1819,KU Leuven,743,0.6029333824070667,0.2553846153846154,0.6103974972396025,cum_clicks,0.5502245123297754,0.2461538461538461,0.5356605905636376,0.22715249662618078,-0.0527088700772913,-0.06727279184342916,f25
ku_Globaleconom_1920,KU Leuven,681,0.6554090263053659,0.281437125748503,0.6554090263053659,cum_active_days,0.6109065914862881,0.3053892215568862,0.5616503016902914,0.2614770459081836,-0.044502434819077785,-0.0937587246150745,f25
ku_Globaleconom_2021,KU Leuven,335,0.6696390355257527,0.2883435582822086,0.6696390355257527,cum_active_days,0.6383934940790412,0.2453987730061349,0.5568623549171116,0.250026907760198,-0.031245541446711433,-0.1127766806086411,f25
oulad_AAA_2013J,OULAD,383,0.7318773552586503,0.4380952380952381,0.7431654676258993,active_weeks,0.6686879068174032,0.4285714285714285,0.5957379550904731,0.31406926406926405,-0.06318944844124708,-0.13613940016817716,f25
oulad_AAA_2014J,OULAD,365,0.723443675889328,0.35714285714285715,0.7308900338791643,active_weeks,0.6861942405420667,0.3660714285714285,0.5969173489553925,0.2958603896103896,-0.03724943534726133,-0.1265263269339355,f25
oulad_BBB_2013B,OULAD,1767,0.8139529926675382,0.36099585062240663,0.8232806953178691,active_weeks,0.8209915617265131,0.3620331950207469,0.635781385275793,0.27209072048283667,0.007038569058974931,-0.1781716073917452,f25
oulad_BBB_2013J,OULAD,2237,0.8142715873422587,0.3742489270386266,0.8365859810390108,active_weeks,0.8397572224713344,0.3768240343347639,0.6282669999592362,0.259851736246586,0.025485635129075757,-0.1860045873830225,f25
oulad_BBB_2014B,OULAD,1613,0.8203422643536473,0.36455981941309257,0.8403594350138639,active_weeks,0.8458211332635743,0.3645598194130925,0.634942004210947,0.2527960188795403,0.02547886890992701,-0.18540026014270028,f25
oulad_BBB_2014J,OULAD,2292,0.8187682748538012,0.393859649122807,0.8405244883040937,active_weeks,0.848897797880117,0.3973684210526316,0.6246256077773347,0.26172248803827747,0.030129523026315774,-0.19414266707646655,f25
oulad_CCC_2014B,OULAD,1936,0.8369103517895162,0.30243519245875883,0.8525584745953491,active_weeks,0.8668481834694117,0.3032207384131972,0.6616078363513787,0.2510533457116332,0.0299378316798955,-0.17530251543813757,f25
oulad_CCC_2014J,OULAD,2498,0.818902570677863,0.327714093054619,0.8341778248723629,active_weeks,0.8546050642918596,0.3331085637221848,0.6506823036056649,0.270643045423895,0.03570249361399658,-0.16822026707219806,f25
oulad_DDD_2013B,OULAD,1303,0.7975743639195906,0.3266078184110971,0.8000976683233192,active_weeks,0.7998998590609004,0.3291298865069357,0.6332808464438165,0.2737590278573885,0.0023254951413098635,-0.16429351747577403,f25
oulad_DDD_2013J,OULAD,1938,0.8223320327923416,0.3408476104598738,0.8321399319744909,active_weeks,0.8392731473273285,0.3408476104598738,0.6452078350664706,0.27670300844331497,0.016941114534986923,-0.17712419772587096,f25
oulad_DDD_2014B,OULAD,1228,0.8110452071098277,0.32176234979973295,0.8191283576431763,active_weeks,0.8128945762059921,0.3257676902536716,0.6393378049964006,0.2695412064570943,0.0018493690961643994,-0.17170740211342717,f25
oulad_DDD_2014J,OULAD,1803,0.8294542856857396,0.34718100890207715,0.8294542856857396,cum_active_days,0.8420905394199162,0.3521266073194856,0.6334776963275413,0.2736039924467224,0.012636253734176539,-0.1959765893581984,f25
oulad_EEE_2013J,OULAD,1052,0.8614314255319937,0.46275395033860045,0.8614314255319937,cum_active_days,0.8448368527764496,0.4717832957110609,0.6759834020575828,0.3642006977221424,-0.0165945727555441,-0.18544802347441092,f25
oulad_EEE_2014B,OULAD,694,0.8521598550399389,0.4094955489614243,0.8592748672169165,active_weeks,0.8864673465825499,0.4065281899109792,0.6820336308248683,0.3243862961963852,0.034307491542611035,-0.1701262242150705,f25
oulad_EEE_2014J,OULAD,1188,0.8709809825489649,0.4642857142857143,0.8709809825489649,cum_active_days,0.8711303722268635,0.4702380952380952,0.678381922556813,0.3585407647907648,0.00014938967789857038,-0.192599059992152,f25
oulad_FFF_2013B,OULAD,1614,0.7971647218670076,0.36538461538461536,0.7971647218670076,cum_active_days,0.8161941459276019,0.375,0.6302721240755728,0.2920126748251748,0.01902942406059427,-0.16689259779143484,f25
oulad_FFF_2013J,OULAD,2283,0.8272550466614395,0.3728956228956229,0.8272550466614395,cum_active_days,0.8350671863228941,0.3804713804713804,0.64799488415356,0.29717630853994487,0.0078121396614546645,-0.17926016250787946,f25
oulad_FFF_2014B,OULAD,1500,0.8206861214132345,0.33687943262411346,0.8206861214132345,cum_active_days,0.8285573051091302,0.3498817966903073,0.6491474500026618,0.2841446378680421,0.007871183695895678,-0.17153867141057266,f25
oulad_FFF_2014J,OULAD,2365,0.8644925883203638,0.37580128205128205,0.8669491598374768,active_weeks,0.87991529508987,0.375801282051282,0.6713812092022421,0.30536130536130535,0.01542270676950619,-0.1931113791181217,f25
oviedo_C1112_1415,Oviedo,199,0.7538665038665039,0.3333333333333333,0.7538665038665039,cum_active_days,0.6979039479039479,0.3055555555555556,0.6307062876830318,0.26658053402239446,-0.05596255596255595,-0.12316021618347206,f25
oviedo_C1127_1415,Oviedo,106,0.5332950631458093,0.3076923076923077,0.5951014159969383,weeks_since_active,0.6794871794871795,0.2564102564102564,0.5296237951565963,0.25700655933214067,0.1461921163413702,-0.003671267989213023,f25
oviedo_C1200_1415,Oviedo,107,0.6226380813953488,0.28125,0.6226380813953488,cum_active_days,0.5890261627906976,0.21875,0.5758011087074094,0.24345930232558138,-0.03361191860465118,-0.046836972687939404,f25
oviedo_C1303_1415,Oviedo,112,0.65,0.24285714285714285,0.6642857142857143,cum_clicks,0.5137755102040816,0.1857142857142857,0.5632771713336497,0.2225913621262458,-0.1362244897959184,-0.08672282866635028,f25
oviedo_C174_1415,Oviedo,96,0.9235294117647059,0.4222222222222222,0.9335511982570806,cum_clicks,0.915686274509804,0.4,0.8108831129350964,0.38604651162790693,-0.007843137254901933,-0.11264629882960953,f25
oviedo_C190_1415,Oviedo,112,0.4607843137254902,0.19672131147540983,0.4607843137254902,cum_active_days,0.539376406300225,0.180327868852459,0.4518587457857714,0.17384674037361794,0.07859209257473476,-0.008925567939718826,f25
oviedo_C1978_1415,Oviedo,164,0.6738209285187915,0.3695652173913043,0.6738209285187915,cum_active_days,0.5646647015475313,0.2608695652173913,0.6101823447755823,0.3023255813953488,-0.10915622697126015,-0.06363858374320919,f25
oviedo_C2011_1415,Oviedo,120,0.7283142389525368,0.4230769230769231,0.7283142389525368,cum_active_days,0.5777414075286416,0.2307692307692307,0.6370085258630532,0.36046511627906974,-0.15057283142389521,-0.09130571308948354,f25
oviedo_C2024_1415,Oviedo,327,0.5666783216783217,0.28846153846153844,0.5666783216783217,cum_active_days,0.4983566433566433,0.1923076923076923,0.5221369328346072,0.2173524150268336,-0.06832167832167835,-0.0445413888437145,f25
oviedo_C2150_1415,Oviedo,106,0.7347091932457785,0.4146341463414634,0.7932457786116324,active_weeks,0.6382739212007505,0.3658536585365853,0.64703957415245,0.31083380601247873,-0.096435272045028,-0.0876696190933286,f25
oviedo_C2271_1415,Oviedo,596,0.5880537800308573,0.26720647773279355,0.5887556117536513,active_weeks,0.5281080704847859,0.2226720647773279,0.5359934594625072,0.22257791168439878,-0.05994570954607137,-0.05206032056835008,f25
oviedo_C2335_1415,Oviedo,428,0.527111444277861,0.2,0.5350574712643679,active_weeks,0.4976761619190405,0.196551724137931,0.49303836453866084,0.19639133921411384,-0.029435282358820536,-0.03407307973920021,f25
oviedo_C2406_1415,Oviedo,133,0.6325301204819277,0.24096385542168675,0.7602409638554217,cum_clicks,0.707710843373494,0.2891566265060241,0.5749285514149622,0.23788175959652558,0.0751807228915663,-0.05760156906696545,f25
oviedo_C2468_1415,Oviedo,82,0.6519928613920285,0.3170731707317073,0.6778703152885187,cum_clicks,0.562760261748959,0.2439024390243902,0.5957555718495359,0.2614861032331254,-0.08923259964306951,-0.05623728954249263,f25
oviedo_C2607_1415,Oviedo,277,0.4896924523233951,0.19607843137254902,0.5065135643298415,active_weeks,0.4558487778673113,0.2205882352941176,0.49376206360212127,0.1927724578203374,-0.03384367445608377,0.004069611278726182,f25
oviedo_C3022_1415,Oviedo,238,0.5399653979238754,0.25,0.5440311418685121,active_weeks,0.5353806228373702,0.2205882352941176,0.5135541562726321,0.20109439124487,-0.004584775086505233,-0.02641124165124331,f25
oviedo_C3029_1415,Oviedo,231,0.5310271646859083,0.15789473684210525,0.5340407470288625,active_weeks,0.5009762308998302,0.1578947368421052,0.5062196470170174,0.1961444308445532,-0.030050933786078038,-0.02480751766889089,f25
oviedo_C4189_1415,Oviedo,128,0.4876225490196079,0.25,0.48921568627450984,active_weeks,0.5012254901960784,0.2166666666666666,0.49956965344277243,0.26085271317829456,0.01360294117647054,0.011947104423164545,f25
oviedo_C4213_1415,Oviedo,140,0.6516007532956686,0.3220338983050847,0.6516007532956686,cum_active_days,0.6246076585059636,0.3050847457627119,0.5840888188148732,0.26487977926685063,-0.02699309478970502,-0.0675119344807954,f25
oviedo_C836_1415,Oviedo,87,0.5808668076109936,0.3181818181818182,0.5808668076109936,cum_active_days,0.581923890063425,0.2727272727272727,0.5336176803185997,0.21670190274841433,0.0010570824524314126,-0.047249127292393944,f25
ukzn_ISTN101_2019,UKZN,1056,0.6737572297566813,0.375,0.6737572297566813,cum_active_days,0.5958534852413242,0.3097826086956521,0.5624208333686953,0.2680388529139685,-0.07790374451535709,-0.11133639638798598,f25
ukzn_ISTN101_2020,UKZN,978,0.7344851826629468,0.4489795918367347,0.7364622921289076,active_weeks,0.6999297027745436,0.4285714285714285,0.6112374134547206,0.29830655666521927,-0.03455547988840324,-0.12324776920822622,f25
ukzn_ISTN101_2021,UKZN,741,0.7962026501849511,0.5396825396825397,0.8264503441494592,cum_clicks,0.7861708105070937,0.5238095238095238,0.6104904565646423,0.3356973995271867,-0.010031839677857368,-0.18571219362030877,f25
ukzn_ISTN102_2018,UKZN,257,0.6570961718020542,0.3235294117647059,0.6570961718020542,cum_active_days,0.5314347961406783,0.2352941176470588,0.539739654727139,0.22872340425531912,-0.1256613756613758,-0.11735651707491512,f25
ukzn_ISTN103_2019,UKZN,1113,0.6590118901189013,0.27666666666666667,0.6602193521935219,cum_clicks,0.6179520295202952,0.2766666666666666,0.5415166226130347,0.22510638297872337,-0.04105986059860611,-0.11749526750586659,f25
ukzn_ISTN103_2020,UKZN,1082,0.6983229171350209,0.3565217391304348,0.6983229171350209,cum_active_days,0.6591385279438875,0.3130434782608696,0.5545547948154023,0.24606845513413503,-0.03918438919113343,-0.14376812231961866,f25
ukzn_ISTN211_2019,UKZN,280,0.7905827787860455,0.5263157894736842,0.7918935269207502,active_weeks,0.5998185117967332,0.3684210526315789,0.5941293071269517,0.3023516237402015,-0.19076426698931237,-0.19645347165909388,f25
ukzn_ISTN211_2021,UKZN,327,0.7577798861480076,0.47058823529411764,0.7644212523719165,cum_clicks,0.6953510436432637,0.3529411764705882,0.6166256207355969,0.3391739674593241,-0.0624288425047439,-0.14115426541241072,f25
ukzn_ISTN212_2018,UKZN,238,0.7635309278350515,0.38636363636363635,0.7635309278350515,cum_active_days,0.7098172446110591,0.3409090909090909,0.5748943149414744,0.27852998065764023,-0.05371368322399239,-0.18863661289357714,f25
ukzn_ISTN212_2019,UKZN,264,0.7724688974688976,0.38095238095238093,0.7724688974688976,cum_active_days,0.7253324753324752,0.4047619047619047,0.5759889829038766,0.2781155015197568,-0.04713642213642233,-0.196479914565021,f25
ukzn_ISTN2IP_2018,UKZN,99,0.7108108108108109,0.28,0.7502702702702704,cum_clicks,0.5935135135135136,0.2,0.5729959746981024,0.24000000000000002,-0.11729729729729732,-0.1378148361127085,f25
ukzn_ISTN2IP_2019,UKZN,116,0.7061688311688311,0.39285714285714285,0.7061688311688311,cum_active_days,0.549512987012987,0.2142857142857142,0.5993368333793866,0.29559270516717323,-0.1566558441558441,-0.10683199778944452,f25
ukzn_ISTN3ND_2018,UKZN,144,0.627142569066344,0.22807017543859648,0.627142569066344,cum_active_days,0.5004033071183707,0.2456140350877192,0.5302759221359832,0.21985815602836872,-0.12673926194797336,-0.09686664693036084,f25
ukzn_ISTN3ND_2019,UKZN,223,0.7246698831894363,0.4318181818181818,0.7835830370746573,cum_clicks,0.6867064499746064,0.3863636363636363,0.5651994208097857,0.2669245647969052,-0.03796343321482987,-0.15947046237965057,f25
ukzn_ISTN3SA_2018,UKZN,141,0.6906906906906908,0.4,0.6906906906906908,cum_active_days,0.6345345345345345,0.2666666666666666,0.5899846655165804,0.2815602836879432,-0.05615615615615632,-0.10070602517411043,f25
ukzn_ISTN3SA_2019,UKZN,195,0.5930588235294119,0.32,0.5930588235294119,cum_active_days,0.6430588235294118,0.36,0.5346382978723404,0.2374468085106383,0.04999999999999993,-0.058420525657071454,f25
zambia_ICT1110_2020,Zambia,65,0.5497448979591837,0.1836734693877551,0.5778061224489796,active_weeks,0.4853316326530612,0.1836734693877551,0.5068375710940114,0.19437939110070254,-0.06441326530612251,-0.04290732686517229,f25
zambia_ICT1110_2021,Zambia,52,0.57421875,0.25,0.61171875,active_weeks,0.3984375,0.125,0.5472848360655738,0.2182377049180328,-0.17578125,-0.026933913934426235,f25
ku_Accountancy_1819,KU Leuven,752,0.6435715976731601,0.29464285714285715,0.6435715976731601,cum_active_days,0.6260399756493507,0.2991071428571428,0.5500637543195109,0.24373433583959897,-0.017531622023809423,-0.09350784335364914,f33
ku_Accountancy_1920,KU Leuven,705,0.6579995173745175,0.30357142857142855,0.6805993837243837,cum_clicks,0.6089016557766558,0.2901785714285714,0.549582848102585,0.2533677944862155,-0.04909786159786167,-0.1084166692719325,f33
ku_Accountancy_2021,KU Leuven,723,0.6843724888596683,0.3287037037037037,0.6843724888596683,cum_active_days,0.64944480970122,0.3287037037037037,0.527015384359064,0.24252761533463285,-0.0349276791584483,-0.15735710450060425,f33
ku_Globaleconom_1819,KU Leuven,743,0.6108354803091646,0.26461538461538464,0.619735001840265,cum_clicks,0.5915421420684579,0.2738461538461538,0.5546355952450136,0.23427800269905527,-0.01929333824070667,-0.05619988506415097,f33
ku_Globaleconom_1920,KU Leuven,681,0.6692665253151284,0.33532934131736525,0.6692665253151284,cum_active_days,0.5858011603252639,0.2754491017964072,0.5538506235532212,0.26000630318310747,-0.08346536498986457,-0.11541590176190719,f33
ku_Globaleconom_2021,KU Leuven,335,0.666642887715794,0.3006134969325153,0.666642887715794,cum_active_days,0.587262804965045,0.2515337423312883,0.5477844275405306,0.23904854159939723,-0.07938008275074904,-0.11885846017526347,f33
oulad_AAA_2013J,OULAD,383,0.7425316889345667,0.44761904761904764,0.7685337444330249,active_weeks,0.7094552929085304,0.4,0.6171077423775265,0.32186147186147185,-0.03307639602603629,-0.12542394655704014,f33
oulad_AAA_2014J,OULAD,365,0.7292490118577075,0.3482142857142857,0.7597049689440994,weeks_since_active,0.751464568040655,0.4017857142857143,0.6178103023458754,0.3031655844155844,0.02221555618294746,-0.1114387095118321,f33
oulad_BBB_2013B,OULAD,1767,0.8260381195000077,0.3620331950207469,0.8482415526836603,active_weeks,0.8596516951473467,0.3630705394190871,0.6819690770840957,0.2808609958506224,0.03361357564733902,-0.144069042415912,f33
oulad_BBB_2013J,OULAD,2237,0.82310350073666,0.37510729613733906,0.8523152744859395,weeks_since_active,0.8597867689449746,0.3768240343347639,0.6655982032628508,0.2632657042528287,0.03668326820831458,-0.15750529747380926,f33
oulad_BBB_2014B,OULAD,1613,0.832315927727977,0.36455981941309257,0.8559721605534355,active_weeks,0.8534066527769584,0.3645598194130925,0.6627533469802869,0.2514621383131541,0.02109072504898135,-0.16956258074769015,f33
oulad_BBB_2014J,OULAD,2292,0.828445952119883,0.39473684210526316,0.8512084247076024,active_weeks,0.8686673824317739,0.3991228070175439,0.6672558143800947,0.27065390749601276,0.04022143031189085,-0.1611901377397883,f33
oulad_CCC_2014B,OULAD,1936,0.8573902338746846,0.3040062843676355,0.875385515859616,active_weeks,0.8815922767681004,0.3040062843676355,0.6835350219609265,0.2580161393987002,0.024202042893415765,-0.17385521191375808,f33
oulad_CCC_2014J,OULAD,2498,0.8267853405923954,0.327714093054619,0.8534597357905191,active_weeks,0.8573491358549605,0.3337828725556305,0.6546873900624453,0.26345552626739405,0.03056379526256514,-0.17209795052995014,f33
oulad_DDD_2013B,OULAD,1303,0.8170969018124273,0.32786885245901637,0.8286069282694162,active_weeks,0.8224229162030512,0.3291298865069357,0.6608010600778199,0.2871718445488937,0.005326014390623857,-0.15629584173460742,f33
oulad_DDD_2013J,OULAD,1938,0.838636291946254,0.34265103697024346,0.8540828901813324,active_weeks,0.8592495222225003,0.3426510369702434,0.6782419454184136,0.2952496106238216,0.020613230276246286,-0.16039434652784035,f33
oulad_DDD_2014B,OULAD,1228,0.8328042121576159,0.32443257676902537,0.8625669298800627,active_weeks,0.8574592149309727,0.3257676902536716,0.6752246495042039,0.2799793664279645,0.02465500277335675,-0.157579562653412,f33
oulad_DDD_2014J,OULAD,1803,0.8359191569503143,0.34817012858555885,0.8452183806412293,active_weeks,0.8530757625713116,0.3501483679525222,0.6708492084090614,0.285653268590954,0.0171566056209973,-0.1650699485412529,f33
oulad_EEE_2013J,OULAD,1052,0.8658775256035317,0.46275395033860045,0.8679773302642454,active_weeks,0.8449313717858904,0.474040632054176,0.6824220673076437,0.3456289759901498,-0.02094615381764131,-0.18345545829588805,f33
oulad_EEE_2014B,OULAD,694,0.8659244113075498,0.4094955489614243,0.8695775045923414,active_weeks,0.8568394716937219,0.4124629080118694,0.688491339346637,0.32465605611006204,-0.009084939613827947,-0.17743307196091285,f33
oulad_EEE_2014J,OULAD,1188,0.8740311426714936,0.4662698412698413,0.8774671052631579,active_weeks,0.8618769145084935,0.4702380952380952,0.6764225839746673,0.3434794372294372,-0.012154228163000158,-0.19760855869682636,f33
oulad_FFF_2013B,OULAD,1614,0.8159520706275821,0.3713942307692308,0.8159520706275821,cum_active_days,0.8306302872319495,0.3774038461538461,0.6519068093231896,0.30482408216783213,0.014678216604367411,-0.16404526130439256,f33
oulad_FFF_2013J,OULAD,2283,0.8396541518687637,0.37457912457912457,0.8560229386713405,active_weeks,0.8779076918346325,0.3846801346801347,0.6772575188022469,0.30875038261401894,0.03825353996586878,-0.16239663306651675,f33
oulad_FFF_2014B,OULAD,1500,0.8402086451081182,0.3380614657210402,0.8529118861199673,active_weeks,0.8598143087455989,0.351063829787234,0.6735021953216859,0.2933591231463572,0.01960566363748073,-0.16670644978643234,f33
oulad_FFF_2014J,OULAD,2365,0.8765849889814752,0.3766025641025641,0.8919596331749422,active_weeks,0.8971514674150081,0.3782051282051282,0.6996924141864551,0.3145032051282051,0.020566478433532875,-0.17689257479502007,f33
oviedo_C1112_1415,Oviedo,199,0.7682641432641433,0.32407407407407407,0.7682641432641433,cum_active_days,0.7575295075295075,0.3333333333333333,0.6489290210220443,0.2855297157622739,-0.010734635734635734,-0.11933512224209897,f33
oviedo_C1127_1415,Oviedo,106,0.5585533869115958,0.28205128205128205,0.6282051282051282,weeks_since_active,0.5855338691159587,0.3333333333333333,0.5535070621846047,0.26714370900417406,0.026980482204362888,-0.00504632472699118,f33
oviedo_C1200_1415,Oviedo,107,0.6836845930232558,0.28125,0.6836845930232558,cum_active_days,0.6115552325581395,0.234375,0.5982245470524608,0.26344476744186046,-0.07212936046511631,-0.08546004597079504,f33
oviedo_C1303_1415,Oviedo,112,0.641156462585034,0.24285714285714285,0.6670068027210885,cum_clicks,0.4948979591836735,0.2142857142857142,0.5538996994146496,0.21594684385382057,-0.14625850340136048,-0.08725676317038444,f33
oviedo_C174_1415,Oviedo,96,0.9409586056644881,0.4222222222222222,0.9769063180827887,cum_clicks,0.9531590413943356,0.4222222222222222,0.8484572123423012,0.3901808785529716,0.012200435729847525,-0.09250139332218688,f33
oviedo_C190_1415,Oviedo,112,0.43571198971391834,0.16393442622950818,0.4496946319511411,active_weeks,0.5249116039858567,0.1967213114754098,0.44147548458956587,0.17537171178040406,0.08919961427193834,0.005763494875647535,f33
oviedo_C1978_1415,Oviedo,164,0.7278924097273397,0.43478260869565216,0.7278924097273397,cum_active_days,0.7129697862932941,0.4565217391304347,0.6223693681342222,0.3432760364004044,-0.014922623434045601,-0.10552304159311754,f33
oviedo_C2011_1415,Oviedo,120,0.7557283142389526,0.5,0.7557283142389526,cum_active_days,0.6900572831423896,0.3461538461538461,0.6442498001750847,0.3819320214669052,-0.06567103109656303,-0.11147851406386788,f33
oviedo_C2024_1415,Oviedo,327,0.5440909090909091,0.2692307692307692,0.5535314685314685,active_weeks,0.3842307692307692,0.1538461538461538,0.5182859001463652,0.21198568872987472,-0.15986013986013986,-0.02580500894454385,f33
oviedo_C2150_1415,Oviedo,106,0.7560975609756098,0.4146341463414634,0.8088180112570357,active_weeks,0.7575984990619136,0.4146341463414634,0.6159038352458659,0.30516165626772546,0.0015009380863038047,-0.14019372572974387,f33
oviedo_C2271_1415,Oviedo,596,0.6381274433604398,0.30364372469635625,0.6575583216361379,cum_clicks,0.6528021066552209,0.3319838056680162,0.569198476608352,0.24084361171264473,0.014674663294781065,-0.06892896675208782,f33
oviedo_C2335_1415,Oviedo,428,0.5419415292353823,0.21724137931034482,0.549087956021989,active_weeks,0.5087831084457771,0.2172413793103448,0.5067172808944365,0.19591018444266237,-0.03315842078960518,-0.03522424834094584,f33
oviedo_C2406_1415,Oviedo,133,0.6536144578313253,0.26506024096385544,0.78,cum_clicks,0.7373493975903616,0.3012048192771084,0.5918604651162791,0.2479686186606892,0.08373493975903623,-0.061753992715046224,f33
oviedo_C2468_1415,Oviedo,82,0.6567519333729923,0.34146341463414637,0.6683521713265913,cum_clicks,0.6838191552647234,0.3658536585365853,0.5815890319992253,0.2586500283607487,0.027067221891731053,-0.07516290137376702,f33
oviedo_C2607_1415,Oviedo,277,0.48146655922643034,0.18627450980392157,0.496273166800967,active_weeks,0.451248992747784,0.2009803921568627,0.48035467771052354,0.19368445052439576,-0.03021756647864632,-0.0011118815159067985,f33
oviedo_C3022_1415,Oviedo,238,0.5573529411764706,0.25,0.5856833910034602,weeks_since_active,0.5347318339100346,0.1764705882352941,0.5349983906011105,0.21648426812585495,-0.022621107266435958,-0.022354550575360066,f33
oviedo_C3029_1415,Oviedo,231,0.5215619694397283,0.15789473684210525,0.5264006791171477,cum_clicks,0.4742784380305602,0.2236842105263158,0.5115923717771548,0.19798041615667067,-0.047283531409168134,-0.009969597662573548,f33
oviedo_C4189_1415,Oviedo,128,0.4876225490196079,0.25,0.48921568627450984,active_weeks,0.5012254901960784,0.2166666666666666,0.500062699498404,0.26705426356589146,0.01360294117647054,0.012440150478796097,f33
oviedo_C4213_1415,Oviedo,140,0.6957522494245658,0.3559322033898305,0.6957522494245658,cum_active_days,0.5597405314919439,0.288135593220339,0.6280286330214067,0.29680725266062274,-0.1360117179326219,-0.06772361640315916,f33
oviedo_C836_1415,Oviedo,87,0.5705602536997886,0.25,0.57161733615222,cum_clicks,0.538583509513742,0.1363636363636363,0.528793205172329,0.21035940803382658,-0.03197674418604657,-0.041767048527459605,f33
ukzn_ISTN101_2019,UKZN,1056,0.6809745213402474,0.3967391304347826,0.6809745213402474,cum_active_days,0.6696188173115277,0.3315217391304347,0.5646292110813127,0.27104532839962997,-0.01135570402871966,-0.11634531025893469,f33
ukzn_ISTN101_2020,UKZN,978,0.7478855912655696,0.46938775510204084,0.7500604116781265,active_weeks,0.7177456558511456,0.3877551020408163,0.6053881140665963,0.3122014763352149,-0.030139935414424057,-0.14249747719897332,f33
ukzn_ISTN101_2021,UKZN,741,0.8030973451327433,0.5714285714285714,0.8282530317928548,cum_clicks,0.7943999625415555,0.5079365079365079,0.618613758606227,0.3887200270178993,-0.008697382591187797,-0.1844835865265163,f33
ukzn_ISTN102_2018,UKZN,257,0.6689620292561469,0.3382352941176471,0.6689620292561469,cum_active_days,0.5453625894802365,0.2205882352941176,0.5492555178099608,0.2434292866082603,-0.12359943977591037,-0.11970651144618605,f33
ukzn_ISTN103_2019,UKZN,1113,0.6702931529315294,0.3,0.6702931529315294,cum_active_days,0.6532164821648216,0.3033333333333333,0.5614547730583689,0.24723404255319148,-0.017076670766707713,-0.10883837987316047,f33
ukzn_ISTN103_2020,UKZN,1082,0.6955262802931523,0.4,0.6955262802931523,cum_active_days,0.6516613461624926,0.3565217391304348,0.5567798401839806,0.2518038852913968,-0.04386493413065973,-0.1387464401091717,f33
ukzn_ISTN211_2019,UKZN,280,0.7689050211736237,0.5263157894736842,0.7773744706594071,active_weeks,0.7341197822141561,0.4736842105263157,0.5841839252079821,0.32026875699888013,-0.03478523895946761,-0.18472109596564157,f33
ukzn_ISTN211_2021,UKZN,327,0.810910815939279,0.4117647058823529,0.8319734345351044,cum_clicks,0.802371916508539,0.6470588235294118,0.624552868504986,0.37672090112640794,-0.008538899430740043,-0.18635794743429301,f33
ukzn_ISTN212_2018,UKZN,238,0.7569704779756327,0.38636363636363635,0.7569704779756327,cum_active_days,0.6538191190253047,0.2954545454545454,0.6005727930766316,0.30029013539651833,-0.10315135895032801,-0.15639768489900108,f33
ukzn_ISTN212_2019,UKZN,264,0.7815851565851566,0.42857142857142855,0.7815851565851566,cum_active_days,0.6991634491634491,0.4047619047619047,0.5844663052109861,0.3019250253292806,-0.08242170742170751,-0.1971188513741705,f33
ukzn_ISTN2IP_2018,UKZN,99,0.7224324324324325,0.28,0.7559459459459459,cum_clicks,0.8137837837837838,0.52,0.5737320299022427,0.2374468085106383,0.0913513513513513,-0.1487004025301898,f33
ukzn_ISTN2IP_2019,UKZN,116,0.7477678571428572,0.4642857142857143,0.7477678571428572,cum_active_days,0.599025974025974,0.25,0.591021345675601,0.2849544072948328,-0.1487418831168832,-0.15674651146725616,f33
ukzn_ISTN3ND_2018,UKZN,144,0.6041540633192176,0.24561403508771928,0.6041540633192176,cum_active_days,0.5361968138737648,0.2105263157894736,0.5099668344252659,0.20679357969391554,-0.06795724944545278,-0.0941872288939517,f33
ukzn_ISTN3ND_2019,UKZN,223,0.7184484509903505,0.36363636363636365,0.7666328085322498,cum_clicks,0.6686135093956324,0.2954545454545454,0.5673970478588332,0.29352030947775626,-0.04983494159471813,-0.15105140313151733,f33
ukzn_ISTN3SA_2018,UKZN,141,0.6878378378378378,0.3333333333333333,0.6878378378378378,cum_active_days,0.543993993993994,0.2333333333333333,0.5643728835218197,0.25815602836879425,-0.14384384384384385,-0.12346495431601812,f33
ukzn_ISTN3SA_2019,UKZN,195,0.6051764705882353,0.32,0.6182352941176471,weeks_since_active,0.5823529411764706,0.36,0.5483404255319149,0.2740425531914894,-0.022823529411764687,-0.05683604505632045,f33
zambia_ICT1110_2020,Zambia,65,0.5503826530612244,0.22448979591836735,0.5669642857142858,active_weeks,0.5982142857142858,0.2244897959183673,0.5052693208430913,0.20207427233188355,0.04783163265306145,-0.04511333221813307,f33
zambia_ICT1110_2021,Zambia,52,0.57890625,0.21875,0.6039062499999999,active_weeks,0.45546875,0.1875,0.5427638319672131,0.2192622950819672,-0.12343749999999998,-0.03614241803278684,f33
ku_Accountancy_1819,KU Leuven,752,0.6669034090909092,0.32589285714285715,0.6794676677489178,cum_clicks,0.6468215107763131,0.3377777777777778,0.5436009148210555,0.2530994152046783,-0.02008189831459606,-0.12330249426985362,f50
ku_Accountancy_1920,KU Leuven,705,0.672125594000594,0.35267857142857145,0.7155386842886843,cum_clicks,0.6989798691768287,0.3056768558951965,0.5529668701460658,0.2643836665900559,0.026854275176234732,-0.11915872385452819,f50
ku_Accountancy_2021,KU Leuven,723,0.6944490101541383,0.35648148148148145,0.6959054715464971,cum_clicks,0.6614898944083603,0.3548387096774194,0.5139394714879655,0.24310776942355888,-0.032959115745778034,-0.1805095386661728,f50
ku_Globaleconom_1819,KU Leuven,743,0.6283842473316158,0.28615384615384615,0.6415642252484357,cum_clicks,0.6129517850570483,0.2461538461538461,0.562855445570127,0.2417813765182186,-0.015432462274567516,-0.06552880176148879,f50
ku_Globaleconom_1920,KU Leuven,681,0.7107399986020176,0.3712574850299401,0.7282206015983597,cum_clicks,0.6922633332556676,0.3173652694610778,0.5390146391632055,0.2763945792625276,-0.018476665346350063,-0.17172535943881218,f50
ku_Globaleconom_2021,KU Leuven,335,0.6747752889142532,0.2883435582822086,0.6747752889142532,cum_active_days,0.629048366386075,0.263803680981595,0.554268259105461,0.24260036594553866,-0.04572692252817823,-0.12050702980879224,f50
oulad_AAA_2013J,OULAD,383,0.7787769784172661,0.47619047619047616,0.802946214457006,active_weeks,0.7831791709489551,0.4857142857142857,0.6516140334485658,0.37770562770562766,0.004402192531688942,-0.1271629449687003,f50
oulad_AAA_2014J,OULAD,365,0.7688629305477132,0.4107142857142857,0.8154114906832298,active_weeks,0.8101002258610954,0.5535714285714286,0.6661246053847338,0.3660714285714285,0.04123729531338227,-0.10273832516297932,f50
oulad_BBB_2013B,OULAD,1767,0.8516985061207194,0.36410788381742737,0.8807745074228903,active_weeks,0.8948038476046775,0.3641078838174273,0.7210604048473449,0.30408336476801207,0.04310534148395806,-0.1306381012733745,f50
oulad_BBB_2013J,OULAD,2237,0.8594196399974376,0.3802575107296137,0.9037805874063161,weeks_since_active,0.9146775510857728,0.3819742489270386,0.7245874212385206,0.30019508388607097,0.05525791108833511,-0.13483221875891704,f50
oulad_BBB_2014B,OULAD,1613,0.8629405609496338,0.36455981941309257,0.8890194714665856,active_weeks,0.8941326332589168,0.3645598194130925,0.7178945808120483,0.2825518161296942,0.031192072309283003,-0.14504598013758552,f50
oulad_BBB_2014J,OULAD,2292,0.8630307322124756,0.39824561403508774,0.8901037859405458,weeks_since_active,0.8994110166910331,0.3973684210526316,0.7121662849022019,0.3081738437001595,0.036380284478557456,-0.1508644473102737,f50
oulad_CCC_2014B,OULAD,1936,0.8898363623653582,0.3040062843676355,0.9123352041886306,active_weeks,0.9208292900820974,0.3040062843676355,0.7419679864980452,0.27711918874526886,0.030992927716739116,-0.14786837586731305,f50
oulad_CCC_2014J,OULAD,2498,0.866411447970264,0.3337828725556305,0.8939654341984196,active_weeks,0.898126882999113,0.3351314902225219,0.7275074897200365,0.29629743149635257,0.03171543502884899,-0.1389039582502275,f50
oulad_DDD_2013B,OULAD,1303,0.8492656331132705,0.3291298865069357,0.8739349207526642,active_weeks,0.8773706203792994,0.3278688524590163,0.6948175940099759,0.2986644503037945,0.028104987266028836,-0.15444803910329463,f50
oulad_DDD_2013J,OULAD,1938,0.8711170040930603,0.3462578899909829,0.8917111994091548,active_weeks,0.900882787066234,0.3471596032461677,0.7155785995035484,0.3107836707926879,0.029765782973173782,-0.15553840458951185,f50
oulad_DDD_2014B,OULAD,1228,0.8632832642549146,0.3257676902536716,0.8922000384646473,active_weeks,0.8877250390917883,0.3257676902536716,0.721244065282463,0.2973965287049399,0.02444177483687371,-0.14203919897245165,f50
oulad_DDD_2014J,OULAD,1803,0.861873557533795,0.35113748763600394,0.8797919851332313,active_weeks,0.8838071616261527,0.3531157270029673,0.714230996345071,0.31235950004495994,0.021933604092357672,-0.147642561188724,f50
oulad_EEE_2013J,OULAD,1052,0.9028196317835923,0.46952595936794583,0.9149162116781017,active_weeks,0.9145418422681596,0.4717832957110609,0.7343360014314322,0.39046788426020923,0.011722210484567341,-0.16848363035216007,f50
oulad_EEE_2014B,OULAD,694,0.8982661313783673,0.4094955489614243,0.914615697911212,active_weeks,0.9100690721392416,0.4094955489614243,0.7368872690700236,0.3527110871324521,0.011802940760874292,-0.16137886230834375,f50
oulad_EEE_2014J,OULAD,1188,0.9058816021535321,0.4662698412698413,0.9195195743989603,active_weeks,0.9149581128747796,0.4682539682539682,0.7430592804085129,0.39132395382395385,0.009076510721247488,-0.1628223217450192,f50
oulad_FFF_2013B,OULAD,1614,0.8515940082136534,0.3786057692307692,0.8713588800904977,active_weeks,0.8872689909994098,0.3882211538461538,0.6897990865831738,0.3290537587412587,0.035674982785756426,-0.1617949216304796,f50
oulad_FFF_2013J,OULAD,2283,0.8859239272481283,0.38215488215488214,0.911010792860108,active_weeks,0.9261430899558754,0.3846801346801347,0.7271819219593193,0.33597337006427913,0.04021916270774706,-0.158742005288809,f50
oulad_FFF_2014B,OULAD,1500,0.8746927436904014,0.3463356973995272,0.9035432074666898,active_weeks,0.9059045625754586,0.3522458628841607,0.7163691743710775,0.3092091124006017,0.031211818885057196,-0.1583235693193239,f50
oulad_FFF_2014J,OULAD,2365,0.9123740330096641,0.37740384615384615,0.9300678758349976,active_weeks,0.9408181111264148,0.3774038461538461,0.7422547761940387,0.337995337995338,0.02844407811675065,-0.17011925681562545,f50
oviedo_C1112_1415,Oviedo,199,0.8143060643060642,0.37037037037037035,0.8143060643060642,cum_active_days,0.7878510378510379,0.3518518518518518,0.6908287664101618,0.31524547803617564,-0.026455026455026287,-0.12347729789590245,f50
oviedo_C1127_1415,Oviedo,106,0.6039035591274398,0.3333333333333333,0.6599693838499808,weeks_since_active,0.6335629544584768,0.3076923076923077,0.6069384739985225,0.31007751937984496,0.02965939533103701,0.003034914871082761,f50
oviedo_C1200_1415,Oviedo,107,0.6969476744186047,0.3125,0.6969476744186047,cum_active_days,0.6660610465116279,0.28125,0.5936570443482964,0.26816860465116277,-0.030886627906976827,-0.10329063007030836,f50
oviedo_C1303_1415,Oviedo,112,0.6557823129251701,0.24285714285714285,0.6646258503401361,cum_clicks,0.5083333333333333,0.2142857142857142,0.5655038759689922,0.2232558139534883,-0.14744897959183678,-0.09027843695617788,f50
oviedo_C174_1415,Oviedo,96,0.9311546840958606,0.4222222222222222,0.9311546840958606,cum_active_days,0.9274509803921568,0.4222222222222222,0.6005269291179004,0.22842377260981908,-0.0037037037037037646,-0.33062775497796015,f50
oviedo_C190_1415,Oviedo,112,0.3977820636451301,0.14754098360655737,0.5477338476374156,weeks_since_active,0.5278045644487304,0.2295081967213114,0.48562490188603075,0.20129622569576813,0.13002250080360028,0.08784283824090067,f50
oviedo_C1978_1415,Oviedo,164,0.7675018422991894,0.5217391304347826,0.7858327192336035,weeks_since_active,0.7978997789240972,0.5434782608695652,0.7067295333413309,0.448432760364004,0.030397936624907862,-0.060772308957858456,f50
oviedo_C2011_1415,Oviedo,120,0.7786415711947626,0.5384615384615384,0.7927577741407529,weeks_since_active,0.6740998363338789,0.4615384615384615,0.6822545959730522,0.4463327370304114,-0.1045417348608837,-0.09638697522171047,f50
oviedo_C2024_1415,Oviedo,327,0.568006993006993,0.2692307692307692,0.568006993006993,cum_active_days,0.3756643356643356,0.1153846153846153,0.5257163766466092,0.2267441860465116,-0.19234265734265737,-0.04229061636038378,f50
oviedo_C2150_1415,Oviedo,106,0.7947467166979362,0.4146341463414634,0.8555347091932458,active_weeks,0.7568480300187618,0.3658536585365853,0.6838780051485667,0.33182076006806577,-0.0378986866791744,-0.1108687115493695,f50
oviedo_C2271_1415,Oviedo,596,0.6729058153428535,0.3319838056680162,0.6879226941057736,cum_clicks,0.6850515643307077,0.3360323886639676,0.5791008730338798,0.2601449957631108,0.012145748987854144,-0.09380494230897374,f50
oviedo_C2335_1415,Oviedo,428,0.5956396801599201,0.23793103448275862,0.5956396801599201,cum_active_days,0.5250499750124937,0.2206896551724138,0.5355464709505712,0.21860465116279065,-0.07058970514742635,-0.06009320920934891,f50
oviedo_C2406_1415,Oviedo,133,0.6548192771084338,0.27710843373493976,0.762409638554217,cum_clicks,0.760722891566265,0.2891566265060241,0.5892602970019614,0.2325581395348837,0.10590361445783125,-0.06555898010647243,f50
oviedo_C2468_1415,Oviedo,82,0.6534800713860797,0.36585365853658536,0.6861986912552053,cum_clicks,0.6347412254610351,0.3414634146341463,0.5986815710471342,0.26829268292682923,-0.0187388459250446,-0.05479850033894551,f50
oviedo_C2607_1415,Oviedo,277,0.9072992210582863,0.2696078431372549,0.9072992210582863,cum_active_days,0.8982675261885575,0.2598039215686274,0.7158002735978112,0.24452804377564977,-0.009031694869728768,-0.19149894746047513,f50
oviedo_C3022_1415,Oviedo,238,0.6650951557093425,0.36764705882352944,0.689446366782007,cum_clicks,0.6573961937716264,0.3382352941176471,0.5734439124487004,0.27633378932968533,-0.007698961937716131,-0.09165124326064211,f50
oviedo_C3029_1415,Oviedo,231,0.5254244482173175,0.15789473684210525,0.5267402376910016,cum_clicks,0.4266553480475382,0.1710526315789473,0.5038121372448375,0.2114443084455324,-0.0987691001697793,-0.021612310972479953,f50
oviedo_C4189_1415,Oviedo,128,0.4827205882352941,0.21666666666666667,0.5037990196078431,weeks_since_active,0.4735294117647058,0.2166666666666666,0.5145377336981304,0.20697674418604647,-0.009191176470588314,0.03181714546283626,f50
oviedo_C4213_1415,Oviedo,140,0.7222222222222222,0.3559322033898305,0.7222222222222222,cum_active_days,0.622619794936179,0.3050847457627119,0.6373329051032375,0.3109972408356326,-0.09960242728604318,-0.08488931711898473,f50
oviedo_C836_1415,Oviedo,87,0.6419133192389008,0.2727272727272727,0.7066596194503172,weeks_since_active,0.63107822410148,0.2272727272727272,0.6103176164019863,0.27114164904862575,-0.01083509513742087,-0.031595702836914485,f50
ukzn_ISTN101_2019,UKZN,1056,0.6695970033905067,0.3695652173913043,0.6695970033905067,cum_active_days,0.6715322098125249,0.3804347826086957,0.56692106516647,0.2850370027752081,0.0019352064220182763,-0.10267593822403664,f50
ukzn_ISTN101_2020,UKZN,978,0.7784758682805738,0.5510204081632653,0.7872959732870543,active_weeks,0.7357703038158213,0.5306122448979592,0.6215506333995019,0.3300043421623968,-0.04270556446475249,-0.1569252348810719,f50
ukzn_ISTN101_2021,UKZN,741,0.8056140843751463,0.5873015873015873,0.8346326731282483,cum_clicks,0.7859366952287306,0.5873015873015873,0.6344862763616295,0.3975008443093549,-0.019677389146415702,-0.1711278080135168,f50
ukzn_ISTN102_2018,UKZN,257,0.7045596016184251,0.36764705882352944,0.7045596016184251,cum_active_days,0.5019063180827887,0.2205882352941176,0.5732521140844044,0.27565707133917394,-0.20265328353563639,-0.13130748753402077,f50
ukzn_ISTN103_2019,UKZN,1113,0.6950164001640016,0.33,0.6950164001640016,cum_active_days,0.6608343583435834,0.3,0.5898542740746556,0.269290780141844,-0.034182041820418174,-0.10516212608934594,f50
ukzn_ISTN103_2020,UKZN,1082,0.7348590441077291,0.4434782608695652,0.8095454341081786,cum_clicks,0.7985432309698305,0.6173913043478261,0.5411622391844848,0.2819611470860314,0.06368418686210142,-0.19369680492324426,f50
ukzn_ISTN211_2019,UKZN,280,0.7672917927001411,0.5789473684210527,0.7672917927001411,cum_active_days,0.6555757209114741,0.4210526315789473,0.6315725116165322,0.38185890257558786,-0.11171607178866705,-0.13571928108360898,f50
ukzn_ISTN211_2021,UKZN,327,0.8649905123339658,0.7058823529411765,0.9252371916508539,cum_clicks,0.8215370018975333,0.8235294117647058,0.5816262263313012,0.3304130162703379,-0.04345351043643253,-0.2833642860026646,f50
ukzn_ISTN212_2018,UKZN,238,0.7673383317713214,0.38636363636363635,0.7673383317713214,cum_active_days,0.624707122774133,0.2727272727272727,0.6366502821591657,0.3152804642166344,-0.1426312089971884,-0.13068804961215563,f50
ukzn_ISTN212_2019,UKZN,264,0.8308665808665808,0.5714285714285714,0.8308665808665808,cum_active_days,0.7597597597597597,0.4285714285714285,0.6375163157078051,0.3383991894630192,-0.0711068211068211,-0.19335026515877574,f50
ukzn_ISTN2IP_2018,UKZN,99,0.7227027027027028,0.24,0.7540540540540541,cum_clicks,0.6245945945945947,0.28,0.5922139160437033,0.2502127659574468,-0.0981081081081081,-0.13048878665899943,f50
ukzn_ISTN2IP_2019,UKZN,116,0.7942370129870131,0.5357142857142857,0.7942370129870131,cum_active_days,0.687702922077922,0.3928571428571428,0.6142623998342084,0.3381458966565349,-0.10653409090909105,-0.17997461315280472,f50
ukzn_ISTN3ND_2018,UKZN,144,0.6075821738253679,0.24561403508771928,0.6075821738253679,cum_active_days,0.4123815285339786,0.1578947368421052,0.5142766429401947,0.21388577827547584,-0.19520064529138936,-0.09330553088517324,f50
ukzn_ISTN3ND_2019,UKZN,223,0.7176231589639411,0.38636363636363635,0.7573006602336211,cum_clicks,0.7479685119349924,0.4318181818181818,0.5862680051435548,0.26740812379110246,0.03034535297105123,-0.13135515382038632,f50
ukzn_ISTN3SA_2018,UKZN,141,0.6788288288288289,0.4,0.6788288288288289,cum_active_days,0.5468468468468468,0.2666666666666666,0.5781707239154048,0.28652482269503543,-0.13198198198198208,-0.10065810491342408,f50
ukzn_ISTN3SA_2019,UKZN,195,0.6088235294117648,0.36,0.6088235294117648,cum_active_days,0.6278823529411764,0.28,0.5176645807259074,0.2629787234042553,0.019058823529411684,-0.09115894868585739,f50
zambia_ICT1110_2020,Zambia,65,0.5229591836734694,0.22448979591836735,0.5765306122448979,active_weeks,0.6294642857142857,0.1836734693877551,0.5120441619270659,0.20408163265306117,0.10650510204081631,-0.010915021746403464,f50
zambia_ICT1110_2021,Zambia,52,0.5921875,0.21875,0.6132812499999999,active_weeks,0.3875,0.15625,0.5478611680327868,0.2192622950819672,-0.20468749999999997,-0.04432633196721314,f50
