cohort_id,institution,rule,n_students,auc,recall_at_flag20,cutoff
oulad_AAA_2013J,OULAD,cum_active_days,383,0.7318773552586503,0.4380952380952381,f25
oulad_AAA_2013J,OULAD,cum_clicks,383,0.6789482699554643,0.4,f25
oulad_AAA_2013J,OULAD,active_weeks,383,0.7431654676258993,0.44761904761904764,f25
oulad_AAA_2013J,OULAD,weeks_since_active,383,0.6681397738951695,0.4095238095238095,f25
oulad_AAA_2014J,OULAD,cum_active_days,365,0.723443675889328,0.35714285714285715,f25
oulad_AAA_2014J,OULAD,cum_clicks,365,0.7062923489553924,0.38392857142857145,f25
oulad_AAA_2014J,OULAD,active_weeks,365,0.7308900338791643,0.38392857142857145,f25
oulad_AAA_2014J,OULAD,weeks_since_active,365,0.6983519198193111,0.39285714285714285,f25
oulad_BBB_2013B,OULAD,cum_active_days,1767,0.8139529926675382,0.36099585062240663,f25
oulad_BBB_2013B,OULAD,cum_clicks,1767,0.7959415676689592,0.3578838174273859,f25
oulad_BBB_2013B,OULAD,active_weeks,1767,0.8232806953178691,0.3620331950207469,f25
oulad_BBB_2013B,OULAD,weeks_since_active,1767,0.7885374089901458,0.36410788381742737,f25
oulad_BBB_2013J,OULAD,cum_active_days,2237,0.8142715873422587,0.3742489270386266,f25
oulad_BBB_2013J,OULAD,cum_clicks,2237,0.8120355838831593,0.3776824034334764,f25
oulad_BBB_2013J,OULAD,active_weeks,2237,0.8365859810390108,0.37510729613733906,f25
oulad_BBB_2013J,OULAD,weeks_since_active,2237,0.8251309173019026,0.3776824034334764,f25
oulad_BBB_2014B,OULAD,cum_active_days,1613,0.8203422643536473,0.36455981941309257,f25
oulad_BBB_2014B,OULAD,cum_clicks,1613,0.8180624167471379,0.36455981941309257,f25
oulad_BBB_2014B,OULAD,active_weeks,1613,0.8403594350138639,0.36455981941309257,f25
oulad_BBB_2014B,OULAD,weeks_since_active,1613,0.8286753130618113,0.36455981941309257,f25
oulad_BBB_2014J,OULAD,cum_active_days,2292,0.8187682748538012,0.393859649122807,f25
oulad_BBB_2014J,OULAD,cum_clicks,2292,0.8152351364522419,0.38859649122807016,f25
oulad_BBB_2014J,OULAD,active_weeks,2292,0.8405244883040937,0.3956140350877193,f25
oulad_BBB_2014J,OULAD,weeks_since_active,2292,0.8365055433723196,0.39824561403508774,f25
oulad_CCC_2014B,OULAD,cum_active_days,1936,0.8369103517895162,0.30243519245875883,f25
oulad_CCC_2014B,OULAD,cum_clicks,1936,0.8215548833588665,0.3032207384131972,f25
oulad_CCC_2014B,OULAD,active_weeks,1936,0.8525584745953491,0.3040062843676355,f25
oulad_CCC_2014B,OULAD,weeks_since_active,1936,0.8273191081979956,0.3040062843676355,f25
oulad_CCC_2014J,OULAD,cum_active_days,2498,0.818902570677863,0.327714093054619,f25
oulad_CCC_2014J,OULAD,cum_clicks,2498,0.8065109002189013,0.3310856372218476,f25
oulad_CCC_2014J,OULAD,active_weeks,2498,0.8341778248723629,0.3331085637221848,f25
oulad_CCC_2014J,OULAD,weeks_since_active,2498,0.7845795867117976,0.3351314902225219,f25
oulad_DDD_2013B,OULAD,cum_active_days,1303,0.7975743639195906,0.3266078184110971,f25
oulad_DDD_2013B,OULAD,cum_clicks,1303,0.7774176000791236,0.3228247162673392,f25
oulad_DDD_2013B,OULAD,active_weeks,1303,0.8000976683233192,0.3266078184110971,f25
oulad_DDD_2013B,OULAD,weeks_since_active,1303,0.7611453156294044,0.3291298865069357,f25
oulad_DDD_2013J,OULAD,cum_active_days,1938,0.8223320327923416,0.3408476104598738,f25
oulad_DDD_2013J,OULAD,cum_clicks,1938,0.80736946640112,0.3345356176735798,f25
oulad_DDD_2013J,OULAD,active_weeks,1938,0.8321399319744909,0.3435527502254283,f25
oulad_DDD_2013J,OULAD,weeks_since_active,1938,0.8061153344551268,0.34445446348061315,f25
oulad_DDD_2014B,OULAD,cum_active_days,1228,0.8110452071098277,0.32176234979973295,f25
oulad_DDD_2014B,OULAD,cum_clicks,1228,0.7991406774795065,0.32176234979973295,f25
oulad_DDD_2014B,OULAD,active_weeks,1228,0.8191283576431763,0.32309746328437916,f25
oulad_DDD_2014B,OULAD,weeks_since_active,1228,0.782298457790624,0.3257676902536716,f25
oulad_DDD_2014J,OULAD,cum_active_days,1803,0.8294542856857396,0.34718100890207715,f25
oulad_DDD_2014J,OULAD,cum_clicks,1803,0.817006614113439,0.34520276953511375,f25
oulad_DDD_2014J,OULAD,active_weeks,1803,0.82454365614603,0.35113748763600394,f25
oulad_DDD_2014J,OULAD,weeks_since_active,1803,0.7868359659902687,0.35311572700296734,f25
oulad_EEE_2013J,OULAD,cum_active_days,1052,0.8614314255319937,0.46275395033860045,f25
oulad_EEE_2013J,OULAD,cum_clicks,1052,0.8275936201521942,0.4582392776523702,f25
oulad_EEE_2013J,OULAD,active_weeks,1052,0.8477762086386668,0.4650112866817156,f25
oulad_EEE_2013J,OULAD,weeks_since_active,1052,0.7899861742782269,0.47404063205417607,f25
oulad_EEE_2014B,OULAD,cum_active_days,694,0.8521598550399389,0.4094955489614243,f25
oulad_EEE_2014B,OULAD,cum_clicks,694,0.8370986376746545,0.4094955489614243,f25
oulad_EEE_2014B,OULAD,active_weeks,694,0.8592748672169165,0.4124629080118694,f25
oulad_EEE_2014B,OULAD,weeks_since_active,694,0.8151842339309611,0.4094955489614243,f25
oulad_EEE_2014J,OULAD,cum_active_days,1188,0.8709809825489649,0.4642857142857143,f25
oulad_EEE_2014J,OULAD,cum_clicks,1188,0.8604598881462917,0.4623015873015873,f25
oulad_EEE_2014J,OULAD,active_weeks,1188,0.868674870045484,0.4603174603174603,f25
oulad_EEE_2014J,OULAD,weeks_since_active,1188,0.8034176877378632,0.47023809523809523,f25
oulad_FFF_2013B,OULAD,cum_active_days,1614,0.7971647218670076,0.36538461538461536,f25
oulad_FFF_2013B,OULAD,cum_clicks,1614,0.791158948947472,0.36538461538461536,f25
oulad_FFF_2013B,OULAD,active_weeks,1614,0.7770094555380681,0.36899038461538464,f25
oulad_FFF_2013B,OULAD,weeks_since_active,1614,0.735374040920716,0.3713942307692308,f25
oulad_FFF_2013J,OULAD,cum_active_days,2283,0.8272550466614395,0.3728956228956229,f25
oulad_FFF_2013J,OULAD,cum_clicks,2283,0.8228541118952079,0.36784511784511786,f25
oulad_FFF_2013J,OULAD,active_weeks,2283,0.8205710068723767,0.37457912457912457,f25
oulad_FFF_2013J,OULAD,weeks_since_active,2283,0.7937956428824009,0.38215488215488214,f25
oulad_FFF_2014B,OULAD,cum_active_days,1500,0.8206861214132345,0.33687943262411346,f25
oulad_FFF_2014B,OULAD,cum_clicks,1500,0.8105186486506026,0.3404255319148936,f25
oulad_FFF_2014B,OULAD,active_weeks,1500,0.8040789178794254,0.34515366430260047,f25
oulad_FFF_2014B,OULAD,weeks_since_active,1500,0.77036747854628,0.34988179669030733,f25
oulad_FFF_2014J,OULAD,cum_active_days,2365,0.8644925883203638,0.37580128205128205,f25
oulad_FFF_2014J,OULAD,cum_clicks,2365,0.8578255199366436,0.3733974358974359,f25
oulad_FFF_2014J,OULAD,active_weeks,2365,0.8669491598374768,0.3766025641025641,f25
oulad_FFF_2014J,OULAD,weeks_since_active,2365,0.8366266958198472,0.3766025641025641,f25
ku_Accountancy_1819,KU Leuven,cum_active_days,752,0.6294389204545455,0.2857142857142857,f25
ku_Accountancy_1819,KU Leuven,cum_clicks,752,0.6410054788961038,0.32589285714285715,f25
ku_Accountancy_1819,KU Leuven,active_weeks,752,0.5693401650432901,0.2544642857142857,f25
ku_Accountancy_1819,KU Leuven,weeks_since_active,752,0.5111945346320346,0.21428571428571427,f25
ku_Globaleconom_1819,KU Leuven,cum_active_days,743,0.6029333824070667,0.2553846153846154,f25
ku_Globaleconom_1819,KU Leuven,cum_clicks,743,0.6103974972396025,0.27076923076923076,f25
ku_Globaleconom_1819,KU Leuven,active_weeks,743,0.5690688259109311,0.25846153846153846,f25
ku_Globaleconom_1819,KU Leuven,weeks_since_active,743,0.539885903570114,0.24307692307692308,f25
ku_Accountancy_1920,KU Leuven,cum_active_days,705,0.6455858330858331,0.3125,f25
ku_Accountancy_1920,KU Leuven,cum_clicks,705,0.6656565562815563,0.33482142857142855,f25
ku_Accountancy_1920,KU Leuven,active_weeks,705,0.5719900876150876,0.2767857142857143,f25
ku_Accountancy_1920,KU Leuven,weeks_since_active,705,0.522228615978616,0.22321428571428573,f25
ku_Globaleconom_1920,KU Leuven,cum_active_days,681,0.6554090263053659,0.281437125748503,f25
ku_Globaleconom_1920,KU Leuven,cum_clicks,681,0.6372585568163285,0.32335329341317365,f25
ku_Globaleconom_1920,KU Leuven,active_weeks,681,0.6039166802581607,0.2994011976047904,f25
ku_Globaleconom_1920,KU Leuven,weeks_since_active,681,0.578951047321699,0.30538922155688625,f25
ku_Accountancy_2021,KU Leuven,cum_active_days,723,0.6767842793483821,0.32407407407407407,f25
ku_Accountancy_2021,KU Leuven,cum_clicks,723,0.675766126086639,0.32407407407407407,f25
ku_Accountancy_2021,KU Leuven,active_weeks,723,0.5254812258017386,0.23148148148148148,f25
ku_Accountancy_2021,KU Leuven,weeks_since_active,723,0.5153499159909417,0.2175925925925926,f25
ku_Globaleconom_2021,KU Leuven,cum_active_days,335,0.6696390355257527,0.2883435582822086,f25
ku_Globaleconom_2021,KU Leuven,cum_clicks,335,0.6294407190754745,0.26993865030674846,f25
ku_Globaleconom_2021,KU Leuven,active_weeks,335,0.5637038093879297,0.26380368098159507,f25
ku_Globaleconom_2021,KU Leuven,weeks_since_active,335,0.5375945213297189,0.24539877300613497,f25
ukzn_ISTN101_2019,UKZN,cum_active_days,1056,0.6737572297566813,0.375,f25
ukzn_ISTN101_2019,UKZN,cum_clicks,1056,0.6393005833665735,0.33695652173913043,f25
ukzn_ISTN101_2019,UKZN,active_weeks,1056,0.6650067311527722,0.3641304347826087,f25
ukzn_ISTN101_2019,UKZN,weeks_since_active,1056,0.5559745213402473,0.2826086956521739,f25
ukzn_ISTN101_2020,UKZN,cum_active_days,978,0.7344851826629468,0.4489795918367347,f25
ukzn_ISTN101_2020,UKZN,cum_clicks,978,0.5897168339887086,0.2857142857142857,f25
ukzn_ISTN101_2020,UKZN,active_weeks,978,0.7364622921289076,0.4489795918367347,f25
ukzn_ISTN101_2020,UKZN,weeks_since_active,978,0.7044001669559105,0.3877551020408163,f25
ukzn_ISTN101_2021,UKZN,cum_active_days,741,0.7962026501849511,0.5396825396825397,f25
ukzn_ISTN101_2021,UKZN,cum_clicks,741,0.8264503441494592,0.6507936507936508,f25
ukzn_ISTN101_2021,UKZN,active_weeks,741,0.6661047899985955,0.42857142857142855,f25
ukzn_ISTN101_2021,UKZN,weeks_since_active,741,0.6312567308142529,0.38095238095238093,f25
ukzn_ISTN102_2018,UKZN,cum_active_days,257,0.6570961718020542,0.3235294117647059,f25
ukzn_ISTN102_2018,UKZN,cum_clicks,257,0.6417678182384065,0.3088235294117647,f25
ukzn_ISTN102_2018,UKZN,active_weeks,257,0.60609243697479,0.29411764705882354,f25
ukzn_ISTN102_2018,UKZN,weeks_since_active,257,0.6006847183317772,0.29411764705882354,f25
ukzn_ISTN103_2019,UKZN,cum_active_days,1113,0.6590118901189013,0.27666666666666667,f25
ukzn_ISTN103_2019,UKZN,cum_clicks,1113,0.6602193521935219,0.2966666666666667,f25
ukzn_ISTN103_2019,UKZN,active_weeks,1113,0.637751127511275,0.3,f25
ukzn_ISTN103_2019,UKZN,weeks_since_active,1113,0.5619946699466996,0.28,f25
ukzn_ISTN103_2020,UKZN,cum_active_days,1082,0.6983229171350209,0.3565217391304348,f25
ukzn_ISTN103_2020,UKZN,cum_clicks,1082,0.6747358482082639,0.3652173913043478,f25
ukzn_ISTN103_2020,UKZN,active_weeks,1082,0.672699069286453,0.34782608695652173,f25
ukzn_ISTN103_2020,UKZN,weeks_since_active,1082,0.5640124095139607,0.25217391304347825,f25
ukzn_ISTN211_2019,UKZN,cum_active_days,280,0.7905827787860455,0.5263157894736842,f25
ukzn_ISTN211_2019,UKZN,cum_clicks,280,0.7334139947570074,0.5263157894736842,f25
ukzn_ISTN211_2019,UKZN,active_weeks,280,0.7918935269207502,0.5263157894736842,f25
ukzn_ISTN211_2019,UKZN,weeks_since_active,280,0.5825771324863884,0.2631578947368421,f25
ukzn_ISTN211_2021,UKZN,cum_active_days,327,0.7577798861480076,0.47058823529411764,f25
ukzn_ISTN211_2021,UKZN,cum_clicks,327,0.7644212523719165,0.4117647058823529,f25
ukzn_ISTN211_2021,UKZN,active_weeks,327,0.7020872865275143,0.47058823529411764,f25
ukzn_ISTN211_2021,UKZN,weeks_since_active,327,0.6500948766603416,0.47058823529411764,f25
ukzn_ISTN212_2018,UKZN,cum_active_days,238,0.7635309278350515,0.38636363636363635,f25
ukzn_ISTN212_2018,UKZN,cum_clicks,238,0.6978678537956888,0.29545454545454547,f25
ukzn_ISTN212_2018,UKZN,active_weeks,238,0.7177835051546393,0.3409090909090909,f25
ukzn_ISTN212_2018,UKZN,weeks_since_active,238,0.6481373008434863,0.4090909090909091,f25
ukzn_ISTN212_2019,UKZN,cum_active_days,264,0.7724688974688976,0.38095238095238093,f25
ukzn_ISTN212_2019,UKZN,cum_clicks,264,0.7583118833118834,0.47619047619047616,f25
ukzn_ISTN212_2019,UKZN,active_weeks,264,0.7166988416988417,0.40476190476190477,f25
ukzn_ISTN212_2019,UKZN,weeks_since_active,264,0.6155083655083655,0.35714285714285715,f25
ukzn_ISTN2IP_2018,UKZN,cum_active_days,99,0.7108108108108109,0.28,f25
ukzn_ISTN2IP_2018,UKZN,cum_clicks,99,0.7502702702702704,0.4,f25
ukzn_ISTN2IP_2018,UKZN,active_weeks,99,0.6221621621621622,0.24,f25
ukzn_ISTN2IP_2018,UKZN,weeks_since_active,99,0.5424324324324324,0.28,f25
ukzn_ISTN2IP_2019,UKZN,cum_active_days,116,0.7061688311688311,0.39285714285714285,f25
ukzn_ISTN2IP_2019,UKZN,cum_clicks,116,0.6921672077922079,0.39285714285714285,f25
ukzn_ISTN2IP_2019,UKZN,active_weeks,116,0.671875,0.42857142857142855,f25
ukzn_ISTN2IP_2019,UKZN,weeks_since_active,116,0.638189935064935,0.35714285714285715,f25
ukzn_ISTN3ND_2018,UKZN,cum_active_days,144,0.627142569066344,0.22807017543859648,f25
ukzn_ISTN3ND_2018,UKZN,cum_clicks,144,0.5864085501109095,0.2631578947368421,f25
ukzn_ISTN3ND_2018,UKZN,active_weeks,144,0.6138334341601129,0.22807017543859648,f25
ukzn_ISTN3ND_2018,UKZN,weeks_since_active,144,0.5356926799758016,0.24561403508771928,f25
ukzn_ISTN3ND_2019,UKZN,cum_active_days,223,0.7246698831894363,0.4318181818181818,f25
ukzn_ISTN3ND_2019,UKZN,cum_clicks,223,0.7835830370746573,0.4318181818181818,f25
ukzn_ISTN3ND_2019,UKZN,active_weeks,223,0.6869603859827323,0.38636363636363635,f25
ukzn_ISTN3ND_2019,UKZN,weeks_since_active,223,0.5205053326561706,0.2727272727272727,f25
ukzn_ISTN3SA_2018,UKZN,cum_active_days,141,0.6906906906906908,0.4,f25
ukzn_ISTN3SA_2018,UKZN,cum_clicks,141,0.6135135135135136,0.3333333333333333,f25
ukzn_ISTN3SA_2018,UKZN,active_weeks,141,0.6896396396396397,0.4,f25
ukzn_ISTN3SA_2018,UKZN,weeks_since_active,141,0.6222222222222222,0.43333333333333335,f25
ukzn_ISTN3SA_2019,UKZN,cum_active_days,195,0.5930588235294119,0.32,f25
ukzn_ISTN3SA_2019,UKZN,cum_clicks,195,0.5875294117647059,0.28,f25
ukzn_ISTN3SA_2019,UKZN,active_weeks,195,0.5768235294117647,0.28,f25
ukzn_ISTN3SA_2019,UKZN,weeks_since_active,195,0.5461176470588236,0.24,f25
zambia_ICT1110_2020,Zambia,cum_active_days,65,0.5497448979591837,0.1836734693877551,f25
zambia_ICT1110_2020,Zambia,cum_clicks,65,0.46875,0.20408163265306123,f25
zambia_ICT1110_2020,Zambia,active_weeks,65,0.5778061224489796,0.1836734693877551,f25
zambia_ICT1110_2020,Zambia,weeks_since_active,65,0.5363520408163266,0.1836734693877551,f25
zambia_ICT1110_2021,Zambia,cum_active_days,52,0.57421875,0.25,f25
zambia_ICT1110_2021,Zambia,cum_clicks,52,0.58828125,0.25,f25
zambia_ICT1110_2021,Zambia,active_weeks,52,0.61171875,0.28125,f25
zambia_ICT1110_2021,Zambia,weeks_since_active,52,0.5039062499999999,0.125,f25
oviedo_C1112_1415,Oviedo,cum_active_days,199,0.7538665038665039,0.3333333333333333,f25
oviedo_C1112_1415,Oviedo,cum_clicks,199,0.7318376068376068,0.32407407407407407,f25
oviedo_C1112_1415,Oviedo,active_weeks,199,0.6834045584045584,0.3148148148148148,f25
oviedo_C1112_1415,Oviedo,weeks_since_active,199,0.5972222222222222,0.26851851851851855,f25
oviedo_C1127_1415,Oviedo,cum_active_days,106,0.5332950631458093,0.3076923076923077,f25
oviedo_C1127_1415,Oviedo,cum_clicks,106,0.5237275162648297,0.3076923076923077,f25
oviedo_C1127_1415,Oviedo,active_weeks,106,0.553769613471106,0.3076923076923077,f25
oviedo_C1127_1415,Oviedo,weeks_since_active,106,0.5951014159969383,0.2564102564102564,f25
oviedo_C1200_1415,Oviedo,cum_active_days,107,0.6226380813953488,0.28125,f25
oviedo_C1200_1415,Oviedo,cum_clicks,107,0.5813953488372093,0.265625,f25
oviedo_C1200_1415,Oviedo,active_weeks,107,0.5443313953488372,0.25,f25
oviedo_C1200_1415,Oviedo,weeks_since_active,107,0.59375,0.25,f25
oviedo_C1303_1415,Oviedo,cum_active_days,112,0.65,0.24285714285714285,f25
oviedo_C1303_1415,Oviedo,cum_clicks,112,0.6642857142857143,0.22857142857142856,f25
oviedo_C1303_1415,Oviedo,active_weeks,112,0.6309523809523809,0.2714285714285714,f25
oviedo_C1303_1415,Oviedo,weeks_since_active,112,0.5479591836734693,0.24285714285714285,f25
oviedo_C174_1415,Oviedo,cum_active_days,96,0.9235294117647059,0.4222222222222222,f25
oviedo_C174_1415,Oviedo,cum_clicks,96,0.9335511982570806,0.4222222222222222,f25
oviedo_C174_1415,Oviedo,active_weeks,96,0.922004357298475,0.4222222222222222,f25
oviedo_C174_1415,Oviedo,weeks_since_active,96,0.8444444444444444,0.4222222222222222,f25
oviedo_C190_1415,Oviedo,cum_active_days,112,0.4607843137254902,0.19672131147540983,f25
oviedo_C190_1415,Oviedo,cum_clicks,112,0.39054966248794604,0.16393442622950818,f25
oviedo_C190_1415,Oviedo,active_weeks,112,0.43924783027965286,0.14754098360655737,f25
oviedo_C190_1415,Oviedo,weeks_since_active,112,0.381067180970749,0.04918032786885246,f25
oviedo_C1978_1415,Oviedo,cum_active_days,164,0.6738209285187915,0.3695652173913043,f25
oviedo_C1978_1415,Oviedo,cum_clicks,164,0.6685703758290346,0.3695652173913043,f25
oviedo_C1978_1415,Oviedo,active_weeks,164,0.6616617538688282,0.34782608695652173,f25
oviedo_C1978_1415,Oviedo,weeks_since_active,164,0.6547531319086219,0.391304347826087,f25
oviedo_C2011_1415,Oviedo,cum_active_days,120,0.7283142389525368,0.4230769230769231,f25
oviedo_C2011_1415,Oviedo,cum_clicks,120,0.6953764320785597,0.4230769230769231,f25
oviedo_C2011_1415,Oviedo,active_weeks,120,0.6923076923076923,0.4230769230769231,f25
oviedo_C2011_1415,Oviedo,weeks_since_active,120,0.7015139116202946,0.4230769230769231,f25
oviedo_C2024_1415,Oviedo,cum_active_days,327,0.5666783216783217,0.28846153846153844,f25
oviedo_C2024_1415,Oviedo,cum_clicks,327,0.5285314685314686,0.2692307692307692,f25
oviedo_C2024_1415,Oviedo,active_weeks,327,0.5646153846153847,0.2692307692307692,f25
oviedo_C2024_1415,Oviedo,weeks_since_active,327,0.5513286713286715,0.28846153846153844,f25
oviedo_C2150_1415,Oviedo,cum_active_days,106,0.7347091932457785,0.4146341463414634,f25
oviedo_C2150_1415,Oviedo,cum_clicks,106,0.7559099437148218,0.4634146341463415,f25
oviedo_C2150_1415,Oviedo,active_weeks,106,0.7932457786116324,0.4146341463414634,f25
oviedo_C2150_1415,Oviedo,weeks_since_active,106,0.5609756097560976,0.3902439024390244,f25
oviedo_C2271_1415,Oviedo,cum_active_days,596,0.5880537800308573,0.26720647773279355,f25
oviedo_C2271_1415,Oviedo,cum_clicks,596,0.581835898982634,0.2591093117408907,f25
oviedo_C2271_1415,Oviedo,active_weeks,596,0.5887556117536513,0.27125506072874495,f25
oviedo_C2271_1415,Oviedo,weeks_since_active,596,0.5287751006345488,0.2388663967611336,f25
oviedo_C2335_1415,Oviedo,cum_active_days,428,0.527111444277861,0.2,f25
oviedo_C2335_1415,Oviedo,cum_clicks,428,0.5165167416291854,0.2,f25
oviedo_C2335_1415,Oviedo,active_weeks,428,0.5350574712643679,0.20689655172413793,f25
oviedo_C2335_1415,Oviedo,weeks_since_active,428,0.5102823588205897,0.2,f25
oviedo_C2406_1415,Oviedo,cum_active_days,133,0.6325301204819277,0.24096385542168675,f25
oviedo_C2406_1415,Oviedo,cum_clicks,133,0.7602409638554217,0.3132530120481928,f25
oviedo_C2406_1415,Oviedo,active_weeks,133,0.6179518072289156,0.24096385542168675,f25
oviedo_C2406_1415,Oviedo,weeks_since_active,133,0.523855421686747,0.21686746987951808,f25
oviedo_C2468_1415,Oviedo,cum_active_days,82,0.6519928613920285,0.3170731707317073,f25
oviedo_C2468_1415,Oviedo,cum_clicks,82,0.6778703152885187,0.3170731707317073,f25
oviedo_C2468_1415,Oviedo,active_weeks,82,0.6585365853658537,0.3170731707317073,f25
oviedo_C2468_1415,Oviedo,weeks_since_active,82,0.6284949434860202,0.3170731707317073,f25
oviedo_C2607_1415,Oviedo,cum_active_days,277,0.4896924523233951,0.19607843137254902,f25
oviedo_C2607_1415,Oviedo,cum_clicks,277,0.4769674993284985,0.18627450980392157,f25
oviedo_C2607_1415,Oviedo,active_weeks,277,0.5065135643298415,0.19607843137254902,f25
oviedo_C2607_1415,Oviedo,weeks_since_active,277,0.49946279881815736,0.18627450980392157,f25
oviedo_C3022_1415,Oviedo,cum_active_days,238,0.5399653979238754,0.25,f25
oviedo_C3022_1415,Oviedo,cum_clicks,238,0.5344290657439447,0.25,f25
oviedo_C3022_1415,Oviedo,active_weeks,238,0.5440311418685121,0.25,f25
oviedo_C3022_1415,Oviedo,weeks_since_active,238,0.5308823529411765,0.25,f25
oviedo_C3029_1415,Oviedo,cum_active_days,231,0.5310271646859083,0.15789473684210525,f25
oviedo_C3029_1415,Oviedo,cum_clicks,231,0.5275042444821731,0.21052631578947367,f25
oviedo_C3029_1415,Oviedo,active_weeks,231,0.5340407470288625,0.14473684210526316,f25
oviedo_C3029_1415,Oviedo,weeks_since_active,231,0.455899830220713,0.13157894736842105,f25
oviedo_C4189_1415,Oviedo,cum_active_days,128,0.4876225490196079,0.25,f25
oviedo_C4189_1415,Oviedo,cum_clicks,128,0.4803921568627451,0.25,f25
oviedo_C4189_1415,Oviedo,active_weeks,128,0.48921568627450984,0.25,f25
oviedo_C4189_1415,Oviedo,weeks_since_active,128,0.48921568627450984,0.25,f25
oviedo_C4213_1415,Oviedo,cum_active_days,140,0.6516007532956686,0.3220338983050847,f25
oviedo_C4213_1415,Oviedo,cum_clicks,140,0.6411383134546976,0.3220338983050847,f25
oviedo_C4213_1415,Oviedo,active_weeks,140,0.6226197949361791,0.3389830508474576,f25
oviedo_C4213_1415,Oviedo,weeks_since_active,140,0.577735928018414,0.2711864406779661,f25
oviedo_C836_1415,Oviedo,cum_active_days,87,0.5808668076109936,0.3181818181818182,f25
oviedo_C836_1415,Oviedo,cum_clicks,87,0.5665961945031712,0.20454545454545456,f25
oviedo_C836_1415,Oviedo,active_weeks,87,0.544661733615222,0.2727272727272727,f25
oviedo_C836_1415,Oviedo,weeks_since_active,87,0.5179704016913319,0.29545454545454547,f25
oulad_AAA_2013J,OULAD,cum_active_days,383,0.7425316889345667,0.44761904761904764,f33
oulad_AAA_2013J,OULAD,cum_clicks,383,0.6849263446385749,0.4095238095238095,f33
oulad_AAA_2013J,OULAD,active_weeks,383,0.7685337444330249,0.44761904761904764,f33
oulad_AAA_2013J,OULAD,weeks_since_active,383,0.7295820486467969,0.44761904761904764,f33
oulad_AAA_2014J,OULAD,cum_active_days,365,0.7292490118577075,0.3482142857142857,f33
oulad_AAA_2014J,OULAD,cum_clicks,365,0.7113918690005646,0.38392857142857145,f33
oulad_AAA_2014J,OULAD,active_weeks,365,0.7521880293619424,0.4107142857142857,f33
oulad_AAA_2014J,OULAD,weeks_since_active,365,0.7597049689440994,0.4642857142857143,f33
oulad_BBB_2013B,OULAD,cum_active_days,1767,0.8260381195000077,0.3620331950207469,f33
oulad_BBB_2013B,OULAD,cum_clicks,1767,0.8076785446691092,0.3578838174273859,f33
oulad_BBB_2013B,OULAD,active_weeks,1767,0.8482415526836603,0.3630705394190871,f33
oulad_BBB_2013B,OULAD,weeks_since_active,1767,0.8304109847408319,0.36410788381742737,f33
oulad_BBB_2013J,OULAD,cum_active_days,2237,0.82310350073666,0.37510729613733906,f33
oulad_BBB_2013J,OULAD,cum_clicks,2237,0.8206428960348472,0.37682403433476397,f33
oulad_BBB_2013J,OULAD,active_weeks,2237,0.8520678527961054,0.37682403433476397,f33
oulad_BBB_2013J,OULAD,weeks_since_active,2237,0.8523152744859395,0.3776824034334764,f33
oulad_BBB_2014B,OULAD,cum_active_days,1613,0.832315927727977,0.36455981941309257,f33
oulad_BBB_2014B,OULAD,cum_clicks,1613,0.8305817841961614,0.36455981941309257,f33
oulad_BBB_2014B,OULAD,active_weeks,1613,0.8559721605534355,0.36455981941309257,f33
oulad_BBB_2014B,OULAD,weeks_since_active,1613,0.8414221218961626,0.36455981941309257,f33
oulad_BBB_2014J,OULAD,cum_active_days,2292,0.828445952119883,0.39473684210526316,f33
oulad_BBB_2014J,OULAD,cum_clicks,2292,0.8242830927144251,0.39035087719298245,f33
oulad_BBB_2014J,OULAD,active_weeks,2292,0.8512084247076024,0.39824561403508774,f33
oulad_BBB_2014J,OULAD,weeks_since_active,2292,0.8491646868908382,0.4,f33
oulad_CCC_2014B,OULAD,cum_active_days,1936,0.8573902338746846,0.3040062843676355,f33
oulad_CCC_2014B,OULAD,cum_clicks,1936,0.8479885639674928,0.3040062843676355,f33
oulad_CCC_2014B,OULAD,active_weeks,1936,0.875385515859616,0.3040062843676355,f33
oulad_CCC_2014B,OULAD,weeks_since_active,1936,0.8584210407832237,0.3040062843676355,f33
oulad_CCC_2014J,OULAD,cum_active_days,2498,0.8267853405923954,0.327714093054619,f33
oulad_CCC_2014J,OULAD,cum_clicks,2498,0.8104169088752994,0.3310856372218476,f33
oulad_CCC_2014J,OULAD,active_weeks,2498,0.8534597357905191,0.3344571813890762,f33
oulad_CCC_2014J,OULAD,weeks_since_active,2498,0.8338715624366797,0.3351314902225219,f33
oulad_DDD_2013B,OULAD,cum_active_days,1303,0.8170969018124273,0.32786885245901637,f33
oulad_DDD_2013B,OULAD,cum_clicks,1303,0.7917488811413596,0.3253467843631778,f33
oulad_DDD_2013B,OULAD,active_weeks,1303,0.8286069282694162,0.32786885245901637,f33
oulad_DDD_2013B,OULAD,weeks_since_active,1303,0.7573807581039982,0.3291298865069357,f33
oulad_DDD_2013J,OULAD,cum_active_days,1938,0.838636291946254,0.34265103697024346,f33
oulad_DDD_2013J,OULAD,cum_clicks,1938,0.8191450366069476,0.33724075743913434,f33
oulad_DDD_2013J,OULAD,active_weeks,1938,0.8540828901813324,0.34445446348061315,f33
oulad_DDD_2013J,OULAD,weeks_since_active,1938,0.7891323430078065,0.34445446348061315,f33
oulad_DDD_2014B,OULAD,cum_active_days,1228,0.8328042121576159,0.32443257676902537,f33
oulad_DDD_2014B,OULAD,cum_clicks,1228,0.8134394920436713,0.32443257676902537,f33
oulad_DDD_2014B,OULAD,active_weeks,1228,0.8625669298800627,0.32443257676902537,f33
oulad_DDD_2014B,OULAD,weeks_since_active,1228,0.8316823266094528,0.32710280373831774,f33
oulad_DDD_2014J,OULAD,cum_active_days,1803,0.8359191569503143,0.34817012858555885,f33
oulad_DDD_2014J,OULAD,cum_clicks,1803,0.8208756706531187,0.34520276953511375,f33
oulad_DDD_2014J,OULAD,active_weeks,1803,0.8452183806412293,0.35113748763600394,f33
oulad_DDD_2014J,OULAD,weeks_since_active,1803,0.8083892835376516,0.35311572700296734,f33
oulad_EEE_2013J,OULAD,cum_active_days,1052,0.8658775256035317,0.46275395033860045,f33
oulad_EEE_2013J,OULAD,cum_clicks,1052,0.8303457913094404,0.4582392776523702,f33
oulad_EEE_2013J,OULAD,active_weeks,1052,0.8679773302642454,0.4717832957110609,f33
oulad_EEE_2013J,OULAD,weeks_since_active,1052,0.8352051803830429,0.47404063205417607,f33
oulad_EEE_2014B,OULAD,cum_active_days,694,0.8659244113075498,0.4094955489614243,f33
oulad_EEE_2014B,OULAD,cum_clicks,694,0.8492589914304001,0.4094955489614243,f33
oulad_EEE_2014B,OULAD,active_weeks,694,0.8695775045923414,0.4124629080118694,f33
oulad_EEE_2014B,OULAD,weeks_since_active,694,0.8437024661496646,0.4124629080118694,f33
oulad_EEE_2014J,OULAD,cum_active_days,1188,0.8740311426714936,0.4662698412698413,f33
oulad_EEE_2014J,OULAD,cum_clicks,1188,0.8606687436183051,0.4623015873015873,f33
oulad_EEE_2014J,OULAD,active_weeks,1188,0.8774671052631579,0.4642857142857143,f33
oulad_EEE_2014J,OULAD,weeks_since_active,1188,0.8391044161329249,0.47023809523809523,f33
oulad_FFF_2013B,OULAD,cum_active_days,1614,0.8159520706275821,0.3713942307692308,f33
oulad_FFF_2013B,OULAD,cum_clicks,1614,0.8053330341333858,0.3641826923076923,f33
oulad_FFF_2013B,OULAD,active_weeks,1614,0.8086606088923863,0.3762019230769231,f33
oulad_FFF_2013B,OULAD,weeks_since_active,1614,0.7622236499114696,0.38221153846153844,f33
oulad_FFF_2013J,OULAD,cum_active_days,2283,0.8396541518687637,0.37457912457912457,f33
oulad_FFF_2013J,OULAD,cum_clicks,2283,0.8337753486155313,0.3686868686868687,f33
oulad_FFF_2013J,OULAD,active_weeks,2283,0.8560229386713405,0.37626262626262624,f33
oulad_FFF_2013J,OULAD,weeks_since_active,2283,0.8305843826391772,0.3846801346801347,f33
oulad_FFF_2014B,OULAD,cum_active_days,1500,0.8402086451081182,0.3380614657210402,f33
oulad_FFF_2014B,OULAD,cum_clicks,1500,0.8267209968117639,0.3416075650118203,f33
oulad_FFF_2014B,OULAD,active_weeks,1500,0.8529118861199673,0.34397163120567376,f33
oulad_FFF_2014B,OULAD,weeks_since_active,1500,0.8043870778840523,0.34988179669030733,f33
oulad_FFF_2014J,OULAD,cum_active_days,2365,0.8765849889814752,0.3766025641025641,f33
oulad_FFF_2014J,OULAD,cum_clicks,2365,0.8681632778963799,0.375,f33
oulad_FFF_2014J,OULAD,active_weeks,2365,0.8919596331749422,0.37740384615384615,f33
oulad_FFF_2014J,OULAD,weeks_since_active,2365,0.8634215819617566,0.3782051282051282,f33
ku_Accountancy_1819,KU Leuven,cum_active_days,752,0.6435715976731601,0.29464285714285715,f33
ku_Accountancy_1819,KU Leuven,cum_clicks,752,0.6434236336580086,0.32142857142857145,f33
ku_Accountancy_1819,KU Leuven,active_weeks,752,0.5834136566558442,0.26339285714285715,f33
ku_Accountancy_1819,KU Leuven,weeks_since_active,752,0.5345897591991341,0.25,f33
ku_Globaleconom_1819,KU Leuven,cum_active_days,743,0.6108354803091646,0.26461538461538464,f33
ku_Globaleconom_1819,KU Leuven,cum_clicks,743,0.619735001840265,0.26461538461538464,f33
ku_Globaleconom_1819,KU Leuven,active_weeks,743,0.5873242546926757,0.2676923076923077,f33
ku_Globaleconom_1819,KU Leuven,weeks_since_active,743,0.5781854987118146,0.27692307692307694,f33
ku_Accountancy_1920,KU Leuven,cum_active_days,705,0.6579995173745175,0.30357142857142855,f33
ku_Accountancy_1920,KU Leuven,cum_clicks,705,0.6805993837243837,0.33482142857142855,f33
ku_Accountancy_1920,KU Leuven,active_weeks,705,0.5866916023166023,0.29464285714285715,f33
ku_Accountancy_1920,KU Leuven,weeks_since_active,705,0.5615579521829522,0.27232142857142855,f33
ku_Globaleconom_1920,KU Leuven,cum_active_days,681,0.6692665253151284,0.33532934131736525,f33
ku_Globaleconom_1920,KU Leuven,cum_clicks,681,0.6456581001421282,0.32934131736526945,f33
ku_Globaleconom_1920,KU Leuven,active_weeks,681,0.6144073720263753,0.31137724550898205,f33
ku_Globaleconom_1920,KU Leuven,weeks_since_active,681,0.549395372678767,0.2634730538922156,f33
ku_Accountancy_2021,KU Leuven,cum_active_days,723,0.6843724888596683,0.3287037037037037,f33
ku_Accountancy_2021,KU Leuven,cum_clicks,723,0.681811125721382,0.3333333333333333,f33
ku_Accountancy_2021,KU Leuven,active_weeks,723,0.5406256848564541,0.2638888888888889,f33
ku_Accountancy_2021,KU Leuven,weeks_since_active,723,0.526371539192052,0.24074074074074073,f33
ku_Globaleconom_2021,KU Leuven,cum_active_days,335,0.666642887715794,0.3006134969325153,f33
ku_Globaleconom_2021,KU Leuven,cum_clicks,335,0.6372342702239977,0.294478527607362,f33
ku_Globaleconom_2021,KU Leuven,active_weeks,335,0.5728349265230418,0.27607361963190186,f33
ku_Globaleconom_2021,KU Leuven,weeks_since_active,335,0.5350442288486231,0.2392638036809816,f33
ukzn_ISTN101_2019,UKZN,cum_active_days,1056,0.6809745213402474,0.3967391304347826,f33
ukzn_ISTN101_2019,UKZN,cum_clicks,1056,0.6462841543677702,0.3532608695652174,f33
ukzn_ISTN101_2019,UKZN,active_weeks,1056,0.6723330923414438,0.3967391304347826,f33
ukzn_ISTN101_2019,UKZN,weeks_since_active,1056,0.5481776027124053,0.25,f33
ukzn_ISTN101_2020,UKZN,cum_active_days,978,0.7478855912655696,0.46938775510204084,f33
ukzn_ISTN101_2020,UKZN,cum_clicks,978,0.6080160804903232,0.2857142857142857,f33
ukzn_ISTN101_2020,UKZN,active_weeks,978,0.7500604116781265,0.5102040816326531,f33
ukzn_ISTN101_2020,UKZN,weeks_since_active,978,0.674117440302278,0.3673469387755102,f33
ukzn_ISTN101_2021,UKZN,cum_active_days,741,0.8030973451327433,0.5714285714285714,f33
ukzn_ISTN101_2021,UKZN,cum_clicks,741,0.8282530317928548,0.6507936507936508,f33
ukzn_ISTN101_2021,UKZN,active_weeks,741,0.6895748466544928,0.49206349206349204,f33
ukzn_ISTN101_2021,UKZN,weeks_since_active,741,0.576742988247413,0.30158730158730157,f33
ukzn_ISTN102_2018,UKZN,cum_active_days,257,0.6689620292561469,0.3382352941176471,f33
ukzn_ISTN102_2018,UKZN,cum_clicks,257,0.6440242763772175,0.29411764705882354,f33
ukzn_ISTN102_2018,UKZN,active_weeks,257,0.6292405851229381,0.3088235294117647,f33
ukzn_ISTN102_2018,UKZN,weeks_since_active,257,0.6268285091814504,0.3382352941176471,f33
ukzn_ISTN103_2019,UKZN,cum_active_days,1113,0.6702931529315294,0.3,f33
ukzn_ISTN103_2019,UKZN,cum_clicks,1113,0.6645428454284543,0.31666666666666665,f33
ukzn_ISTN103_2019,UKZN,active_weeks,1113,0.6472386223862239,0.30666666666666664,f33
ukzn_ISTN103_2019,UKZN,weeks_since_active,1113,0.5763940139401393,0.2633333333333333,f33
ukzn_ISTN103_2020,UKZN,cum_active_days,1082,0.6955262802931523,0.4,f33
ukzn_ISTN103_2020,UKZN,cum_clicks,1082,0.6704060069241492,0.34782608695652173,f33
ukzn_ISTN103_2020,UKZN,active_weeks,1082,0.6810889798120587,0.3652173913043478,f33
ukzn_ISTN103_2020,UKZN,weeks_since_active,1082,0.5936783418011781,0.28695652173913044,f33
ukzn_ISTN211_2019,UKZN,cum_active_days,280,0.7689050211736237,0.5263157894736842,f33
ukzn_ISTN211_2019,UKZN,cum_clicks,280,0.7131478120588828,0.5263157894736842,f33
ukzn_ISTN211_2019,UKZN,active_weeks,280,0.7773744706594071,0.42105263157894735,f33
ukzn_ISTN211_2019,UKZN,weeks_since_active,280,0.5136116152450091,0.3157894736842105,f33
ukzn_ISTN211_2021,UKZN,cum_active_days,327,0.810910815939279,0.4117647058823529,f33
ukzn_ISTN211_2021,UKZN,cum_clicks,327,0.8319734345351044,0.6470588235294118,f33
ukzn_ISTN211_2021,UKZN,active_weeks,327,0.7342504743833016,0.4117647058823529,f33
ukzn_ISTN211_2021,UKZN,weeks_since_active,327,0.676280834914611,0.5882352941176471,f33
ukzn_ISTN212_2018,UKZN,cum_active_days,238,0.7569704779756327,0.38636363636363635,f33
ukzn_ISTN212_2018,UKZN,cum_clicks,238,0.7208880037488284,0.3181818181818182,f33
ukzn_ISTN212_2018,UKZN,active_weeks,238,0.734126054358013,0.36363636363636365,f33
ukzn_ISTN212_2018,UKZN,weeks_since_active,238,0.6414597000937208,0.4318181818181818,f33
ukzn_ISTN212_2019,UKZN,cum_active_days,264,0.7815851565851566,0.42857142857142855,f33
ukzn_ISTN212_2019,UKZN,cum_clicks,264,0.7521986271986272,0.4523809523809524,f33
ukzn_ISTN212_2019,UKZN,active_weeks,264,0.7217932217932218,0.47619047619047616,f33
ukzn_ISTN212_2019,UKZN,weeks_since_active,264,0.5986164736164736,0.35714285714285715,f33
ukzn_ISTN2IP_2018,UKZN,cum_active_days,99,0.7224324324324325,0.28,f33
ukzn_ISTN2IP_2018,UKZN,cum_clicks,99,0.7559459459459459,0.44,f33
ukzn_ISTN2IP_2018,UKZN,active_weeks,99,0.6408108108108108,0.24,f33
ukzn_ISTN2IP_2018,UKZN,weeks_since_active,99,0.5681081081081082,0.24,f33
ukzn_ISTN2IP_2019,UKZN,cum_active_days,116,0.7477678571428572,0.4642857142857143,f33
ukzn_ISTN2IP_2019,UKZN,cum_clicks,116,0.7299107142857143,0.39285714285714285,f33
ukzn_ISTN2IP_2019,UKZN,active_weeks,116,0.6808035714285715,0.39285714285714285,f33
ukzn_ISTN2IP_2019,UKZN,weeks_since_active,116,0.5357142857142857,0.2857142857142857,f33
ukzn_ISTN3ND_2018,UKZN,cum_active_days,144,0.6041540633192176,0.24561403508771928,f33
ukzn_ISTN3ND_2018,UKZN,cum_clicks,144,0.5677555958862673,0.22807017543859648,f33
ukzn_ISTN3ND_2018,UKZN,active_weeks,144,0.5901391409558379,0.22807017543859648,f33
ukzn_ISTN3ND_2018,UKZN,weeks_since_active,144,0.4648114539221617,0.15789473684210525,f33
ukzn_ISTN3ND_2019,UKZN,cum_active_days,223,0.7184484509903505,0.36363636363636365,f33
ukzn_ISTN3ND_2019,UKZN,cum_clicks,223,0.7666328085322498,0.4318181818181818,f33
ukzn_ISTN3ND_2019,UKZN,active_weeks,223,0.6905789740985272,0.4318181818181818,f33
ukzn_ISTN3ND_2019,UKZN,weeks_since_active,223,0.542407313357034,0.25,f33
ukzn_ISTN3SA_2018,UKZN,cum_active_days,141,0.6878378378378378,0.3333333333333333,f33
ukzn_ISTN3SA_2018,UKZN,cum_clicks,141,0.5993993993993993,0.26666666666666666,f33
ukzn_ISTN3SA_2018,UKZN,active_weeks,141,0.6743243243243242,0.36666666666666664,f33
ukzn_ISTN3SA_2018,UKZN,weeks_since_active,141,0.46006006006006006,0.26666666666666666,f33
ukzn_ISTN3SA_2019,UKZN,cum_active_days,195,0.6051764705882353,0.32,f33
ukzn_ISTN3SA_2019,UKZN,cum_clicks,195,0.5692941176470588,0.24,f33
ukzn_ISTN3SA_2019,UKZN,active_weeks,195,0.6045882352941176,0.36,f33
ukzn_ISTN3SA_2019,UKZN,weeks_since_active,195,0.6182352941176471,0.4,f33
zambia_ICT1110_2020,Zambia,cum_active_days,65,0.5503826530612244,0.22448979591836735,f33
zambia_ICT1110_2020,Zambia,cum_clicks,65,0.48788265306122447,0.22448979591836735,f33
zambia_ICT1110_2020,Zambia,active_weeks,65,0.5669642857142858,0.1836734693877551,f33
zambia_ICT1110_2020,Zambia,weeks_since_active,65,0.47959183673469385,0.1836734693877551,f33
zambia_ICT1110_2021,Zambia,cum_active_days,52,0.57890625,0.21875,f33
zambia_ICT1110_2021,Zambia,cum_clicks,52,0.59296875,0.25,f33
zambia_ICT1110_2021,Zambia,active_weeks,52,0.6039062499999999,0.28125,f33
zambia_ICT1110_2021,Zambia,weeks_since_active,52,0.5046875,0.1875,f33
oviedo_C1112_1415,Oviedo,cum_active_days,199,0.7682641432641433,0.32407407407407407,f33
oviedo_C1112_1415,Oviedo,cum_clicks,199,0.7376882376882377,0.3425925925925926,f33
oviedo_C1112_1415,Oviedo,active_weeks,199,0.7018213268213268,0.32407407407407407,f33
oviedo_C1112_1415,Oviedo,weeks_since_active,199,0.6351750101750101,0.3055555555555556,f33
oviedo_C1127_1415,Oviedo,cum_active_days,106,0.5585533869115958,0.28205128205128205,f33
oviedo_C1127_1415,Oviedo,cum_clicks,106,0.5662074244163796,0.3076923076923077,f33
oviedo_C1127_1415,Oviedo,active_weeks,106,0.5949100650593188,0.358974358974359,f33
oviedo_C1127_1415,Oviedo,weeks_since_active,106,0.6282051282051282,0.358974358974359,f33
oviedo_C1200_1415,Oviedo,cum_active_days,107,0.6836845930232558,0.28125,f33
oviedo_C1200_1415,Oviedo,cum_clicks,107,0.6397165697674418,0.296875,f33
oviedo_C1200_1415,Oviedo,active_weeks,107,0.5714026162790697,0.28125,f33
oviedo_C1200_1415,Oviedo,weeks_since_active,107,0.6328125,0.296875,f33
oviedo_C1303_1415,Oviedo,cum_active_days,112,0.641156462585034,0.24285714285714285,f33
oviedo_C1303_1415,Oviedo,cum_clicks,112,0.6670068027210885,0.24285714285714285,f33
oviedo_C1303_1415,Oviedo,active_weeks,112,0.6392857142857143,0.2571428571428571,f33
oviedo_C1303_1415,Oviedo,weeks_since_active,112,0.5268707482993197,0.24285714285714285,f33
oviedo_C174_1415,Oviedo,cum_active_days,96,0.9409586056644881,0.4222222222222222,f33
oviedo_C174_1415,Oviedo,cum_clicks,96,0.9769063180827887,0.4222222222222222,f33
oviedo_C174_1415,Oviedo,active_weeks,96,0.9562091503267973,0.4222222222222222,f33
oviedo_C174_1415,Oviedo,weeks_since_active,96,0.8555555555555556,0.4222222222222222,f33
oviedo_C190_1415,Oviedo,cum_active_days,112,0.43571198971391834,0.16393442622950818,f33
oviedo_C190_1415,Oviedo,cum_clicks,112,0.33542269366763094,0.13114754098360656,f33
oviedo_C190_1415,Oviedo,active_weeks,112,0.4496946319511411,0.16393442622950818,f33
oviedo_C190_1415,Oviedo,weeks_since_active,112,0.4289617486338798,0.14754098360655737,f33
oviedo_C1978_1415,Oviedo,cum_active_days,164,0.7278924097273397,0.43478260869565216,f33
oviedo_C1978_1415,Oviedo,cum_clicks,164,0.7108511422254974,0.43478260869565216,f33
oviedo_C1978_1415,Oviedo,active_weeks,164,0.6897568165070007,0.43478260869565216,f33
oviedo_C1978_1415,Oviedo,weeks_since_active,164,0.6226050110537951,0.391304347826087,f33
oviedo_C2011_1415,Oviedo,cum_active_days,120,0.7557283142389526,0.5,f33
oviedo_C2011_1415,Oviedo,cum_clicks,120,0.6908756137479541,0.4230769230769231,f33
oviedo_C2011_1415,Oviedo,active_weeks,120,0.7158346972176759,0.5,f33
oviedo_C2011_1415,Oviedo,weeks_since_active,120,0.6898527004909982,0.4230769230769231,f33
oviedo_C2024_1415,Oviedo,cum_active_days,327,0.5440909090909091,0.2692307692307692,f33
oviedo_C2024_1415,Oviedo,cum_clicks,327,0.5154195804195805,0.25,f33
oviedo_C2024_1415,Oviedo,active_weeks,327,0.5535314685314685,0.2692307692307692,f33
oviedo_C2024_1415,Oviedo,weeks_since_active,327,0.5295454545454545,0.25,f33
oviedo_C2150_1415,Oviedo,cum_active_days,106,0.7560975609756098,0.4146341463414634,f33
oviedo_C2150_1415,Oviedo,cum_clicks,106,0.7816135084427767,0.4634146341463415,f33
oviedo_C2150_1415,Oviedo,active_weeks,106,0.8088180112570357,0.4146341463414634,f33
oviedo_C2150_1415,Oviedo,weeks_since_active,106,0.6397748592870545,0.3170731707317073,f33
oviedo_C2271_1415,Oviedo,cum_active_days,596,0.6381274433604398,0.30364372469635625,f33
oviedo_C2271_1415,Oviedo,cum_clicks,596,0.6575583216361379,0.3076923076923077,f33
oviedo_C2271_1415,Oviedo,active_weeks,596,0.6062666032504669,0.3076923076923077,f33
oviedo_C2271_1415,Oviedo,weeks_since_active,596,0.5505724858763617,0.2591093117408907,f33
oviedo_C2335_1415,Oviedo,cum_active_days,428,0.5419415292353823,0.21724137931034482,f33
oviedo_C2335_1415,Oviedo,cum_clicks,428,0.5179910044977512,0.2103448275862069,f33
oviedo_C2335_1415,Oviedo,active_weeks,428,0.549087956021989,0.2103448275862069,f33
oviedo_C2335_1415,Oviedo,weeks_since_active,428,0.5405797101449274,0.2206896551724138,f33
oviedo_C2406_1415,Oviedo,cum_active_days,133,0.6536144578313253,0.26506024096385544,f33
oviedo_C2406_1415,Oviedo,cum_clicks,133,0.78,0.2891566265060241,f33
oviedo_C2406_1415,Oviedo,active_weeks,133,0.6202409638554216,0.2289156626506024,f33
oviedo_C2406_1415,Oviedo,weeks_since_active,133,0.5053012048192771,0.21686746987951808,f33
oviedo_C2468_1415,Oviedo,cum_active_days,82,0.6567519333729923,0.34146341463414637,f33
oviedo_C2468_1415,Oviedo,cum_clicks,82,0.6683521713265913,0.34146341463414637,f33
oviedo_C2468_1415,Oviedo,active_weeks,82,0.6650803093396788,0.34146341463414637,f33
oviedo_C2468_1415,Oviedo,weeks_since_active,82,0.5853658536585366,0.2926829268292683,f33
oviedo_C2607_1415,Oviedo,cum_active_days,277,0.48146655922643034,0.18627450980392157,f33
oviedo_C2607_1415,Oviedo,cum_clicks,277,0.46672710179962396,0.19117647058823528,f33
oviedo_C2607_1415,Oviedo,active_weeks,277,0.496273166800967,0.18627450980392157,f33
oviedo_C2607_1415,Oviedo,weeks_since_active,277,0.4781762019876444,0.18137254901960784,f33
oviedo_C3022_1415,Oviedo,cum_active_days,238,0.5573529411764706,0.25,f33
oviedo_C3022_1415,Oviedo,cum_clicks,238,0.5574826989619377,0.25,f33
oviedo_C3022_1415,Oviedo,active_weeks,238,0.5637975778546713,0.25,f33
oviedo_C3022_1415,Oviedo,weeks_since_active,238,0.5856833910034602,0.25,f33
oviedo_C3029_1415,Oviedo,cum_active_days,231,0.5215619694397283,0.15789473684210525,f33
oviedo_C3029_1415,Oviedo,cum_clicks,231,0.5264006791171477,0.18421052631578946,f33
oviedo_C3029_1415,Oviedo,active_weeks,231,0.5230899830220713,0.15789473684210525,f33
oviedo_C3029_1415,Oviedo,weeks_since_active,231,0.47937181663837014,0.15789473684210525,f33
oviedo_C4189_1415,Oviedo,cum_active_days,128,0.4876225490196079,0.25,f33
oviedo_C4189_1415,Oviedo,cum_clicks,128,0.4803921568627451,0.25,f33
oviedo_C4189_1415,Oviedo,active_weeks,128,0.48921568627450984,0.25,f33
oviedo_C4189_1415,Oviedo,weeks_since_active,128,0.48921568627450984,0.25,f33
oviedo_C4213_1415,Oviedo,cum_active_days,140,0.6957522494245658,0.3559322033898305,f33
oviedo_C4213_1415,Oviedo,cum_clicks,140,0.6827788240217619,0.3389830508474576,f33
oviedo_C4213_1415,Oviedo,active_weeks,140,0.6379995815024063,0.3559322033898305,f33
oviedo_C4213_1415,Oviedo,weeks_since_active,140,0.6251307804980122,0.3220338983050847,f33
oviedo_C836_1415,Oviedo,cum_active_days,87,0.5705602536997886,0.25,f33
oviedo_C836_1415,Oviedo,cum_clicks,87,0.57161733615222,0.20454545454545456,f33
oviedo_C836_1415,Oviedo,active_weeks,87,0.5274841437632135,0.22727272727272727,f33
oviedo_C836_1415,Oviedo,weeks_since_active,87,0.5301268498942917,0.20454545454545456,f33
oulad_AAA_2013J,OULAD,cum_active_days,383,0.7787769784172661,0.47619047619047616,f50
oulad_AAA_2013J,OULAD,cum_clicks,383,0.7075196985268928,0.41904761904761906,f50
oulad_AAA_2013J,OULAD,active_weeks,383,0.802946214457006,0.5238095238095238,f50
oulad_AAA_2013J,OULAD,weeks_since_active,383,0.7742548818088386,0.5047619047619047,f50
oulad_AAA_2014J,OULAD,cum_active_days,365,0.7688629305477132,0.4107142857142857,f50
oulad_AAA_2014J,OULAD,cum_clicks,365,0.7392186617730097,0.39285714285714285,f50
oulad_AAA_2014J,OULAD,active_weeks,365,0.8154114906832298,0.48214285714285715,f50
oulad_AAA_2014J,OULAD,weeks_since_active,365,0.8096590909090908,0.5267857142857143,f50
oulad_BBB_2013B,OULAD,cum_active_days,1767,0.8516985061207194,0.36410788381742737,f50
oulad_BBB_2013B,OULAD,cum_clicks,1767,0.8303244317212941,0.36410788381742737,f50
oulad_BBB_2013B,OULAD,active_weeks,1767,0.8807745074228903,0.36410788381742737,f50
oulad_BBB_2013B,OULAD,weeks_since_active,1767,0.8634341912847567,0.3651452282157676,f50
oulad_BBB_2013J,OULAD,cum_active_days,2237,0.8594196399974376,0.3802575107296137,f50
oulad_BBB_2013J,OULAD,cum_clicks,2237,0.8493734386009865,0.3811158798283262,f50
oulad_BBB_2013J,OULAD,active_weeks,2237,0.8918607071936455,0.3802575107296137,f50
oulad_BBB_2013J,OULAD,weeks_since_active,2237,0.9037805874063161,0.3828326180257511,f50
oulad_BBB_2014B,OULAD,cum_active_days,1613,0.8629405609496338,0.36455981941309257,f50
oulad_BBB_2014B,OULAD,cum_clicks,1613,0.85474878982553,0.36455981941309257,f50
oulad_BBB_2014B,OULAD,active_weeks,1613,0.8890194714665856,0.36455981941309257,f50
oulad_BBB_2014B,OULAD,weeks_since_active,1613,0.8818865059724711,0.36455981941309257,f50
oulad_BBB_2014J,OULAD,cum_active_days,2292,0.8630307322124756,0.39824561403508774,f50
oulad_BBB_2014J,OULAD,cum_clicks,2292,0.8621931347465888,0.39649122807017545,f50
oulad_BBB_2014J,OULAD,active_weeks,2292,0.8864427235623782,0.3991228070175439,f50
oulad_BBB_2014J,OULAD,weeks_since_active,2292,0.8901037859405458,0.4,f50
oulad_CCC_2014B,OULAD,cum_active_days,1936,0.8898363623653582,0.3040062843676355,f50
oulad_CCC_2014B,OULAD,cum_clicks,1936,0.869223186283396,0.3040062843676355,f50
oulad_CCC_2014B,OULAD,active_weeks,1936,0.9123352041886306,0.3040062843676355,f50
oulad_CCC_2014B,OULAD,weeks_since_active,1936,0.903716710564823,0.3040062843676355,f50
oulad_CCC_2014J,OULAD,cum_active_days,2498,0.866411447970264,0.3337828725556305,f50
oulad_CCC_2014J,OULAD,cum_clicks,2498,0.8383984002604228,0.33243425488873907,f50
oulad_CCC_2014J,OULAD,active_weeks,2498,0.8939654341984196,0.33580579905596764,f50
oulad_CCC_2014J,OULAD,weeks_since_active,2498,0.8812027277951431,0.33580579905596764,f50
oulad_DDD_2013B,OULAD,cum_active_days,1303,0.8492656331132705,0.3291298865069357,f50
oulad_DDD_2013B,OULAD,cum_clicks,1303,0.8226405063917117,0.32786885245901637,f50
oulad_DDD_2013B,OULAD,active_weeks,1303,0.8739349207526642,0.3291298865069357,f50
oulad_DDD_2013B,OULAD,weeks_since_active,1303,0.8437665356180303,0.3291298865069357,f50
oulad_DDD_2013J,OULAD,cum_active_days,1938,0.8711170040930603,0.3462578899909829,f50
oulad_DDD_2013J,OULAD,cum_clicks,1938,0.8492191859345786,0.345356176735798,f50
oulad_DDD_2013J,OULAD,active_weeks,1938,0.8917111994091548,0.3462578899909829,f50
oulad_DDD_2013J,OULAD,weeks_since_active,1938,0.8658497586910908,0.3489630297565374,f50
oulad_DDD_2014B,OULAD,cum_active_days,1228,0.8632832642549146,0.3257676902536716,f50
oulad_DDD_2014B,OULAD,cum_clicks,1228,0.8423423297869672,0.3257676902536716,f50
oulad_DDD_2014B,OULAD,active_weeks,1228,0.8922000384646473,0.32710280373831774,f50
oulad_DDD_2014B,OULAD,weeks_since_active,1228,0.8797073899506928,0.32710280373831774,f50
oulad_DDD_2014J,OULAD,cum_active_days,1803,0.861873557533795,0.35113748763600394,f50
oulad_DDD_2014J,OULAD,cum_clicks,1803,0.839548426900059,0.34915924826904055,f50
oulad_DDD_2014J,OULAD,active_weeks,1803,0.8797919851332313,0.35212660731948564,f50
oulad_DDD_2014J,OULAD,weeks_since_active,1803,0.8486159817762192,0.35410484668644904,f50
oulad_EEE_2013J,OULAD,cum_active_days,1052,0.9028196317835923,0.46952595936794583,f50
oulad_EEE_2013J,OULAD,cum_clicks,1052,0.8745658612164411,0.46952595936794583,f50
oulad_EEE_2013J,OULAD,active_weeks,1052,0.9149162116781017,0.47404063205417607,f50
oulad_EEE_2013J,OULAD,weeks_since_active,1052,0.8971707309840726,0.47404063205417607,f50
oulad_EEE_2014B,OULAD,cum_active_days,694,0.8982661313783673,0.4094955489614243,f50
oulad_EEE_2014B,OULAD,cum_clicks,694,0.8839612996533925,0.4094955489614243,f50
oulad_EEE_2014B,OULAD,active_weeks,694,0.914615697911212,0.4124629080118694,f50
oulad_EEE_2014B,OULAD,weeks_since_active,694,0.9050694461760965,0.4124629080118694,f50
oulad_EEE_2014J,OULAD,cum_active_days,1188,0.9058816021535321,0.4662698412698413,f50
oulad_EEE_2014J,OULAD,cum_clicks,1188,0.8923799661190014,0.4662698412698413,f50
oulad_EEE_2014J,OULAD,active_weeks,1188,0.9195195743989603,0.4662698412698413,f50
oulad_EEE_2014J,OULAD,weeks_since_active,1188,0.9114438294811102,0.4722222222222222,f50
oulad_FFF_2013B,OULAD,cum_active_days,1614,0.8515940082136534,0.3786057692307692,f50
oulad_FFF_2013B,OULAD,cum_clicks,1614,0.8363693930749557,0.375,f50
oulad_FFF_2013B,OULAD,active_weeks,1614,0.8713588800904977,0.38100961538461536,f50
oulad_FFF_2013B,OULAD,weeks_since_active,1614,0.8441419314381271,0.38822115384615385,f50
oulad_FFF_2013J,OULAD,cum_active_days,2283,0.8859239272481283,0.38215488215488214,f50
oulad_FFF_2013J,OULAD,cum_clicks,2283,0.8751541288070968,0.38047138047138046,f50
oulad_FFF_2013J,OULAD,active_weeks,2283,0.911010792860108,0.3846801346801347,f50
oulad_FFF_2013J,OULAD,weeks_since_active,2283,0.9011857540396353,0.3846801346801347,f50
oulad_FFF_2014B,OULAD,cum_active_days,1500,0.8746927436904014,0.3463356973995272,f50
oulad_FFF_2014B,OULAD,cum_clicks,1500,0.8586991490807614,0.3475177304964539,f50
oulad_FFF_2014B,OULAD,active_weeks,1500,0.9035432074666898,0.35106382978723405,f50
oulad_FFF_2014B,OULAD,weeks_since_active,1500,0.8799070640032967,0.3534278959810875,f50
oulad_FFF_2014J,OULAD,cum_active_days,2365,0.9123740330096641,0.37740384615384615,f50
oulad_FFF_2014J,OULAD,cum_clicks,2365,0.9030136669880404,0.3766025641025641,f50
oulad_FFF_2014J,OULAD,active_weeks,2365,0.9300678758349976,0.3782051282051282,f50
oulad_FFF_2014J,OULAD,weeks_since_active,2365,0.8999078920184561,0.3782051282051282,f50
ku_Accountancy_1819,KU Leuven,cum_active_days,752,0.6669034090909092,0.32589285714285715,f50
ku_Accountancy_1819,KU Leuven,cum_clicks,752,0.6794676677489178,0.36607142857142855,f50
ku_Accountancy_1819,KU Leuven,active_weeks,752,0.6025390625,0.28125,f50
ku_Accountancy_1819,KU Leuven,weeks_since_active,752,0.5714454816017317,0.29017857142857145,f50
ku_Globaleconom_1819,KU Leuven,cum_active_days,743,0.6283842473316158,0.28615384615384615,f50
ku_Globaleconom_1819,KU Leuven,cum_clicks,743,0.6415642252484357,0.26461538461538464,f50
ku_Globaleconom_1819,KU Leuven,active_weeks,743,0.6256974604343025,0.27384615384615385,f50
ku_Globaleconom_1819,KU Leuven,weeks_since_active,743,0.5852741994847258,0.27384615384615385,f50
ku_Accountancy_1920,KU Leuven,cum_active_days,705,0.672125594000594,0.35267857142857145,f50
ku_Accountancy_1920,KU Leuven,cum_clicks,705,0.7155386842886843,0.35714285714285715,f50
ku_Accountancy_1920,KU Leuven,active_weeks,705,0.6144472081972083,0.3392857142857143,f50
ku_Accountancy_1920,KU Leuven,weeks_since_active,705,0.5872531185031187,0.29910714285714285,f50
ku_Globaleconom_1920,KU Leuven,cum_active_days,681,0.7107399986020176,0.3712574850299401,f50
ku_Globaleconom_1920,KU Leuven,cum_clicks,681,0.7282206015983597,0.40718562874251496,f50
ku_Globaleconom_1920,KU Leuven,active_weeks,681,0.6600806169761644,0.3712574850299401,f50
ku_Globaleconom_1920,KU Leuven,weeks_since_active,681,0.6154442088585476,0.3652694610778443,f50
ku_Accountancy_2021,KU Leuven,cum_active_days,723,0.6944490101541383,0.35648148148148145,f50
ku_Accountancy_2021,KU Leuven,cum_clicks,723,0.6959054715464971,0.37037037037037035,f50
ku_Accountancy_2021,KU Leuven,active_weeks,723,0.5535694718387028,0.26851851851851855,f50
ku_Accountancy_2021,KU Leuven,weeks_since_active,723,0.5342702169625247,0.24537037037037038,f50
ku_Globaleconom_2021,KU Leuven,cum_active_days,335,0.6747752889142532,0.2883435582822086,f50
ku_Globaleconom_2021,KU Leuven,cum_clicks,335,0.655086317591668,0.27607361963190186,f50
ku_Globaleconom_2021,KU Leuven,active_weeks,335,0.6172421172777857,0.2883435582822086,f50
ku_Globaleconom_2021,KU Leuven,weeks_since_active,335,0.5667534598373519,0.25766871165644173,f50
ukzn_ISTN101_2019,UKZN,cum_active_days,1056,0.6695970033905067,0.3695652173913043,f50
ukzn_ISTN101_2019,UKZN,cum_clicks,1056,0.632179896290387,0.358695652173913,f50
ukzn_ISTN101_2019,UKZN,active_weeks,1056,0.652198843238931,0.3804347826086957,f50
ukzn_ISTN101_2019,UKZN,weeks_since_active,1056,0.5164819754686877,0.24456521739130435,f50
ukzn_ISTN101_2020,UKZN,cum_active_days,978,0.7784758682805738,0.5510204081632653,f50
ukzn_ISTN101_2020,UKZN,cum_clicks,978,0.644449814371389,0.3877551020408163,f50
ukzn_ISTN101_2020,UKZN,active_weeks,978,0.7872959732870543,0.5306122448979592,f50
ukzn_ISTN101_2020,UKZN,weeks_since_active,978,0.6201972715889369,0.40816326530612246,f50
ukzn_ISTN101_2021,UKZN,cum_active_days,741,0.8056140843751463,0.5873015873015873,f50
ukzn_ISTN101_2021,UKZN,cum_clicks,741,0.8346326731282483,0.6666666666666666,f50
ukzn_ISTN101_2021,UKZN,active_weeks,741,0.7277473427915907,0.5079365079365079,f50
ukzn_ISTN101_2021,UKZN,weeks_since_active,741,0.6425879102870253,0.42857142857142855,f50
ukzn_ISTN102_2018,UKZN,cum_active_days,257,0.7045596016184251,0.36764705882352944,f50
ukzn_ISTN102_2018,UKZN,cum_clicks,257,0.6627373171490819,0.38235294117647056,f50
ukzn_ISTN102_2018,UKZN,active_weeks,257,0.6749922191098662,0.36764705882352944,f50
ukzn_ISTN102_2018,UKZN,weeks_since_active,257,0.6216931216931217,0.29411764705882354,f50
ukzn_ISTN103_2019,UKZN,cum_active_days,1113,0.6950164001640016,0.33,f50
ukzn_ISTN103_2019,UKZN,cum_clicks,1113,0.6790815908159081,0.3466666666666667,f50
ukzn_ISTN103_2019,UKZN,active_weeks,1113,0.6751189011890117,0.33,f50
ukzn_ISTN103_2019,UKZN,weeks_since_active,1113,0.6157728577285773,0.31333333333333335,f50
ukzn_ISTN103_2020,UKZN,cum_active_days,1082,0.7348590441077291,0.4434782608695652,f50
ukzn_ISTN103_2020,UKZN,cum_clicks,1082,0.8095454341081786,0.6173913043478261,f50
ukzn_ISTN103_2020,UKZN,active_weeks,1082,0.699190683872128,0.4260869565217391,f50
ukzn_ISTN103_2020,UKZN,weeks_since_active,1082,0.558819297693449,0.4608695652173913,f50
ukzn_ISTN211_2019,UKZN,cum_active_days,280,0.7672917927001411,0.5789473684210527,f50
ukzn_ISTN211_2019,UKZN,cum_clicks,280,0.7606372252470256,0.5789473684210527,f50
ukzn_ISTN211_2019,UKZN,active_weeks,280,0.7388586408550111,0.47368421052631576,f50
ukzn_ISTN211_2019,UKZN,weeks_since_active,280,0.6088929219600726,0.47368421052631576,f50
ukzn_ISTN211_2021,UKZN,cum_active_days,327,0.8649905123339658,0.7058823529411765,f50
ukzn_ISTN211_2021,UKZN,cum_clicks,327,0.9252371916508539,0.8823529411764706,f50
ukzn_ISTN211_2021,UKZN,active_weeks,327,0.7752371916508539,0.47058823529411764,f50
ukzn_ISTN211_2021,UKZN,weeks_since_active,327,0.5855787476280835,0.47058823529411764,f50
ukzn_ISTN212_2018,UKZN,cum_active_days,238,0.7673383317713214,0.38636363636363635,f50
ukzn_ISTN212_2018,UKZN,cum_clicks,238,0.737171977507029,0.38636363636363635,f50
ukzn_ISTN212_2018,UKZN,active_weeks,238,0.763296626054358,0.36363636363636365,f50
ukzn_ISTN212_2018,UKZN,weeks_since_active,238,0.69909793814433,0.45454545454545453,f50
ukzn_ISTN212_2019,UKZN,cum_active_days,264,0.8308665808665808,0.5714285714285714,f50
ukzn_ISTN212_2019,UKZN,cum_clicks,264,0.7848562848562848,0.5238095238095238,f50
ukzn_ISTN212_2019,UKZN,active_weeks,264,0.7588481338481339,0.5,f50
ukzn_ISTN212_2019,UKZN,weeks_since_active,264,0.6380845130845131,0.38095238095238093,f50
ukzn_ISTN2IP_2018,UKZN,cum_active_days,99,0.7227027027027028,0.24,f50
ukzn_ISTN2IP_2018,UKZN,cum_clicks,99,0.7540540540540541,0.48,f50
ukzn_ISTN2IP_2018,UKZN,active_weeks,99,0.6610810810810811,0.24,f50
ukzn_ISTN2IP_2018,UKZN,weeks_since_active,99,0.5367567567567567,0.24,f50
ukzn_ISTN2IP_2019,UKZN,cum_active_days,116,0.7942370129870131,0.5357142857142857,f50
ukzn_ISTN2IP_2019,UKZN,cum_clicks,116,0.7652191558441559,0.4642857142857143,f50
ukzn_ISTN2IP_2019,UKZN,active_weeks,116,0.7506087662337662,0.4642857142857143,f50
ukzn_ISTN2IP_2019,UKZN,weeks_since_active,116,0.6004464285714286,0.32142857142857145,f50
ukzn_ISTN3ND_2018,UKZN,cum_active_days,144,0.6075821738253679,0.24561403508771928,f50
ukzn_ISTN3ND_2018,UKZN,cum_clicks,144,0.52046783625731,0.24561403508771928,f50
ukzn_ISTN3ND_2018,UKZN,active_weeks,144,0.5864085501109094,0.24561403508771928,f50
ukzn_ISTN3ND_2018,UKZN,weeks_since_active,144,0.495563621697923,0.19298245614035087,f50
ukzn_ISTN3ND_2019,UKZN,cum_active_days,223,0.7176231589639411,0.38636363636363635,f50
ukzn_ISTN3ND_2019,UKZN,cum_clicks,223,0.7573006602336211,0.4318181818181818,f50
ukzn_ISTN3ND_2019,UKZN,active_weeks,223,0.7049263585576435,0.38636363636363635,f50
ukzn_ISTN3ND_2019,UKZN,weeks_since_active,223,0.5504062976130015,0.22727272727272727,f50
ukzn_ISTN3SA_2018,UKZN,cum_active_days,141,0.6788288288288289,0.4,f50
ukzn_ISTN3SA_2018,UKZN,cum_clicks,141,0.616966966966967,0.3333333333333333,f50
ukzn_ISTN3SA_2018,UKZN,active_weeks,141,0.6563063063063063,0.4,f50
ukzn_ISTN3SA_2018,UKZN,weeks_since_active,141,0.6114114114114114,0.36666666666666664,f50
ukzn_ISTN3SA_2019,UKZN,cum_active_days,195,0.6088235294117648,0.36,f50
ukzn_ISTN3SA_2019,UKZN,cum_clicks,195,0.5778823529411765,0.32,f50
ukzn_ISTN3SA_2019,UKZN,active_weeks,195,0.5732941176470588,0.4,f50
ukzn_ISTN3SA_2019,UKZN,weeks_since_active,195,0.47482352941176464,0.32,f50
zambia_ICT1110_2020,Zambia,cum_active_days,65,0.5229591836734694,0.22448979591836735,f50
zambia_ICT1110_2020,Zambia,cum_clicks,65,0.4910714285714286,0.22448979591836735,f50
zambia_ICT1110_2020,Zambia,active_weeks,65,0.5765306122448979,0.20408163265306123,f50
zambia_ICT1110_2020,Zambia,weeks_since_active,65,0.4961734693877551,0.20408163265306123,f50
zambia_ICT1110_2021,Zambia,cum_active_days,52,0.5921875,0.21875,f50
zambia_ICT1110_2021,Zambia,cum_clicks,52,0.60390625,0.25,f50
zambia_ICT1110_2021,Zambia,active_weeks,52,0.6132812499999999,0.28125,f50
zambia_ICT1110_2021,Zambia,weeks_since_active,52,0.5468749999999999,0.21875,f50
oviedo_C1112_1415,Oviedo,cum_active_days,199,0.8143060643060642,0.37037037037037035,f50
oviedo_C1112_1415,Oviedo,cum_clicks,199,0.7571225071225072,0.35185185185185186,f50
oviedo_C1112_1415,Oviedo,active_weeks,199,0.7742165242165243,0.3611111111111111,f50
oviedo_C1112_1415,Oviedo,weeks_since_active,199,0.6712962962962963,0.3611111111111111,f50
oviedo_C1127_1415,Oviedo,cum_active_days,106,0.6039035591274398,0.3333333333333333,f50
oviedo_C1127_1415,Oviedo,cum_clicks,106,0.6213164944508228,0.3333333333333333,f50
oviedo_C1127_1415,Oviedo,active_weeks,106,0.614619211634137,0.4358974358974359,f50
oviedo_C1127_1415,Oviedo,weeks_since_active,106,0.6599693838499808,0.38461538461538464,f50
oviedo_C1200_1415,Oviedo,cum_active_days,107,0.6969476744186047,0.3125,f50
oviedo_C1200_1415,Oviedo,cum_clicks,107,0.6460755813953488,0.3125,f50
oviedo_C1200_1415,Oviedo,active_weeks,107,0.6346293604651163,0.296875,f50
oviedo_C1200_1415,Oviedo,weeks_since_active,107,0.6035610465116279,0.296875,f50
oviedo_C1303_1415,Oviedo,cum_active_days,112,0.6557823129251701,0.24285714285714285,f50
oviedo_C1303_1415,Oviedo,cum_clicks,112,0.6646258503401361,0.22857142857142856,f50
oviedo_C1303_1415,Oviedo,active_weeks,112,0.6370748299319728,0.22857142857142856,f50
oviedo_C1303_1415,Oviedo,weeks_since_active,112,0.54421768707483,0.2571428571428571,f50
oviedo_C174_1415,Oviedo,cum_active_days,96,0.9311546840958606,0.4222222222222222,f50
oviedo_C174_1415,Oviedo,cum_clicks,96,0.7525054466230938,0.35555555555555557,f50
oviedo_C174_1415,Oviedo,active_weeks,96,0.905446623093682,0.4222222222222222,f50
oviedo_C174_1415,Oviedo,weeks_since_active,96,0.370806100217865,0.022222222222222223,f50
oviedo_C190_1415,Oviedo,cum_active_days,112,0.3977820636451301,0.14754098360655737,f50
oviedo_C190_1415,Oviedo,cum_clicks,112,0.31292189006750243,0.14754098360655737,f50
oviedo_C190_1415,Oviedo,active_weeks,112,0.4172291867566699,0.16393442622950818,f50
oviedo_C190_1415,Oviedo,weeks_since_active,112,0.5477338476374156,0.21311475409836064,f50
oviedo_C1978_1415,Oviedo,cum_active_days,164,0.7675018422991894,0.5217391304347826,f50
oviedo_C1978_1415,Oviedo,cum_clicks,164,0.7706337509211496,0.43478260869565216,f50
oviedo_C1978_1415,Oviedo,active_weeks,164,0.7659358879882093,0.5217391304347826,f50
oviedo_C1978_1415,Oviedo,weeks_since_active,164,0.7858327192336035,0.5869565217391305,f50
oviedo_C2011_1415,Oviedo,cum_active_days,120,0.7786415711947626,0.5384615384615384,f50
oviedo_C2011_1415,Oviedo,cum_clicks,120,0.7174713584288052,0.5,f50
oviedo_C2011_1415,Oviedo,active_weeks,120,0.7481587561374795,0.5384615384615384,f50
oviedo_C2011_1415,Oviedo,weeks_since_active,120,0.7927577741407529,0.6538461538461539,f50
oviedo_C2024_1415,Oviedo,cum_active_days,327,0.568006993006993,0.2692307692307692,f50
oviedo_C2024_1415,Oviedo,cum_clicks,327,0.5283216783216783,0.25,f50
oviedo_C2024_1415,Oviedo,active_weeks,327,0.5663986013986014,0.2692307692307692,f50
oviedo_C2024_1415,Oviedo,weeks_since_active,327,0.5263986013986015,0.2692307692307692,f50
oviedo_C2150_1415,Oviedo,cum_active_days,106,0.7947467166979362,0.4146341463414634,f50
oviedo_C2150_1415,Oviedo,cum_clicks,106,0.8026266416510319,0.4634146341463415,f50
oviedo_C2150_1415,Oviedo,active_weeks,106,0.8555347091932458,0.4146341463414634,f50
oviedo_C2150_1415,Oviedo,weeks_since_active,106,0.7318949343339588,0.36585365853658536,f50
oviedo_C2271_1415,Oviedo,cum_active_days,596,0.6729058153428535,0.3319838056680162,f50
oviedo_C2271_1415,Oviedo,cum_clicks,596,0.6879226941057736,0.3360323886639676,f50
oviedo_C2271_1415,Oviedo,active_weeks,596,0.6449195503636764,0.3076923076923077,f50
oviedo_C2271_1415,Oviedo,weeks_since_active,596,0.6148161896917741,0.31983805668016196,f50
oviedo_C2335_1415,Oviedo,cum_active_days,428,0.5956396801599201,0.23793103448275862,f50
oviedo_C2335_1415,Oviedo,cum_clicks,428,0.5888930534732634,0.23793103448275862,f50
oviedo_C2335_1415,Oviedo,active_weeks,428,0.57300099950025,0.23103448275862068,f50
oviedo_C2335_1415,Oviedo,weeks_since_active,428,0.5526361819090455,0.22758620689655173,f50
oviedo_C2406_1415,Oviedo,cum_active_days,133,0.6548192771084338,0.27710843373493976,f50
oviedo_C2406_1415,Oviedo,cum_clicks,133,0.762409638554217,0.27710843373493976,f50
oviedo_C2406_1415,Oviedo,active_weeks,133,0.6348192771084338,0.26506024096385544,f50
oviedo_C2406_1415,Oviedo,weeks_since_active,133,0.5683132530120483,0.21686746987951808,f50
oviedo_C2468_1415,Oviedo,cum_active_days,82,0.6534800713860797,0.36585365853658536,f50
oviedo_C2468_1415,Oviedo,cum_clicks,82,0.6861986912552053,0.36585365853658536,f50
oviedo_C2468_1415,Oviedo,active_weeks,82,0.6513979773944081,0.36585365853658536,f50
oviedo_C2468_1415,Oviedo,weeks_since_active,82,0.6273051754907792,0.3170731707317073,f50
oviedo_C2607_1415,Oviedo,cum_active_days,277,0.9072992210582863,0.2696078431372549,f50
oviedo_C2607_1415,Oviedo,cum_clicks,277,0.8329975825946817,0.2647058823529412,f50
oviedo_C2607_1415,Oviedo,active_weeks,277,0.7992210582863283,0.2696078431372549,f50
oviedo_C2607_1415,Oviedo,weeks_since_active,277,0.821078431372549,0.2696078431372549,f50
oviedo_C3022_1415,Oviedo,cum_active_days,238,0.6650951557093425,0.36764705882352944,f50
oviedo_C3022_1415,Oviedo,cum_clicks,238,0.689446366782007,0.3382352941176471,f50
oviedo_C3022_1415,Oviedo,active_weeks,238,0.6686418685121107,0.35294117647058826,f50
oviedo_C3022_1415,Oviedo,weeks_since_active,238,0.6481401384083044,0.38235294117647056,f50
oviedo_C3029_1415,Oviedo,cum_active_days,231,0.5254244482173175,0.15789473684210525,f50
oviedo_C3029_1415,Oviedo,cum_clicks,231,0.5267402376910016,0.18421052631578946,f50
oviedo_C3029_1415,Oviedo,active_weeks,231,0.5209677419354838,0.17105263157894737,f50
oviedo_C3029_1415,Oviedo,weeks_since_active,231,0.5043718166383702,0.15789473684210525,f50
oviedo_C4189_1415,Oviedo,cum_active_days,128,0.4827205882352941,0.21666666666666667,f50
oviedo_C4189_1415,Oviedo,cum_clicks,128,0.4518382352941176,0.21666666666666667,f50
oviedo_C4189_1415,Oviedo,active_weeks,128,0.502328431372549,0.21666666666666667,f50
oviedo_C4189_1415,Oviedo,weeks_since_active,128,0.5037990196078431,0.21666666666666667,f50
oviedo_C4213_1415,Oviedo,cum_active_days,140,0.7222222222222222,0.3559322033898305,f50
oviedo_C4213_1415,Oviedo,cum_clicks,140,0.7077840552416823,0.3728813559322034,f50
oviedo_C4213_1415,Oviedo,active_weeks,140,0.71939736346516,0.3559322033898305,f50
oviedo_C4213_1415,Oviedo,weeks_since_active,140,0.6781753504917346,0.3389830508474576,f50
oviedo_C836_1415,Oviedo,cum_active_days,87,0.6419133192389008,0.2727272727272727,f50
oviedo_C836_1415,Oviedo,cum_clicks,87,0.6321353065539113,0.25,f50
oviedo_C836_1415,Oviedo,active_weeks,87,0.6292283298097252,0.3181818181818182,f50
oviedo_C836_1415,Oviedo,weeks_since_active,87,0.7066596194503172,0.3409090909090909,f50
