target,target_institution,k,seed,auc,f1_at_0.5
oulad_BBB_2013B,OULAD,0,0,0.7901806245252501,0.6249027237354086
oulad_BBB_2013B,OULAD,25,0,0.7925086508180224,0.6297770700636943
oulad_BBB_2013B,OULAD,50,0,0.7969110526589499,0.6851851851851852
oulad_BBB_2013B,OULAD,100,0,0.8350259005639147,0.7090994813767091
oulad_BBB_2013B,OULAD,0,1,0.7901806245252501,0.6249027237354086
oulad_BBB_2013B,OULAD,25,1,0.765168793195109,0.6212664277180406
oulad_BBB_2013B,OULAD,50,1,0.8116778587742932,0.6263516219463356
oulad_BBB_2013B,OULAD,100,1,0.8143455908790407,0.6829944547134935
oulad_BBB_2013B,OULAD,0,2,0.7901806245252501,0.6249027237354086
oulad_BBB_2013B,OULAD,25,2,0.8085733040819498,0.6854419410745234
oulad_BBB_2013B,OULAD,50,2,0.7991652448760855,0.6865934065934066
oulad_BBB_2013B,OULAD,100,2,0.8218023720005225,0.6870437956204379
oulad_BBB_2013B,OULAD,0,3,0.7901651224919001,0.6249027237354086
oulad_BBB_2013B,OULAD,25,3,0.7659825102949013,0.6256410256410256
oulad_BBB_2013B,OULAD,50,3,0.7702336073764411,0.6236472945891783
oulad_BBB_2013B,OULAD,100,3,0.8336532550829863,0.7050092764378478
oulad_BBB_2013B,OULAD,0,4,0.7901806245252501,0.6249027237354086
oulad_BBB_2013B,OULAD,25,4,0.7990008130599752,0.6261829652996845
oulad_BBB_2013B,OULAD,50,4,0.8393106539522196,0.6889279437609842
oulad_BBB_2013B,OULAD,100,4,0.830728758568253,0.7084314649081489
oulad_BBB_2013J,OULAD,0,0,0.8232952725642175,0.6479298881837413
oulad_BBB_2013J,OULAD,25,0,0.83953687435239,0.6466809421841542
oulad_BBB_2013J,OULAD,50,0,0.827631997855192,0.7249213561691716
oulad_BBB_2013J,OULAD,100,0,0.8435767106075922,0.7518853695324283
oulad_BBB_2013J,OULAD,0,1,0.8232952725642175,0.6479298881837413
oulad_BBB_2013J,OULAD,25,1,0.8367775600934368,0.6451612903225806
oulad_BBB_2013J,OULAD,50,1,0.8117673372079193,0.7223985890652558
oulad_BBB_2013J,OULAD,100,1,0.8246695088467241,0.779633401221996
oulad_BBB_2013J,OULAD,0,2,0.8232952725642175,0.6479298881837413
oulad_BBB_2013J,OULAD,25,2,0.8365725943779307,0.6499541424640782
oulad_BBB_2013J,OULAD,50,2,0.8415144105973573,0.7753731343283582
oulad_BBB_2013J,OULAD,100,2,0.826196928635953,0.7893903404592241
oulad_BBB_2013J,OULAD,0,3,0.8231695599256935,0.6479298881837413
oulad_BBB_2013J,OULAD,25,3,0.8453976142815488,0.6466625842008573
oulad_BBB_2013J,OULAD,50,3,0.8448801313904089,0.7271453590192645
oulad_BBB_2013J,OULAD,100,3,0.8462541994460417,0.7505567928730512
oulad_BBB_2013J,OULAD,0,4,0.8232952725642175,0.6479298881837413
oulad_BBB_2013J,OULAD,25,4,0.8292922467000046,0.6466809421841542
oulad_BBB_2013J,OULAD,50,4,0.8323870205599961,0.7270185249912618
oulad_BBB_2013J,OULAD,100,4,0.8309194595543078,0.7277280858676207
oulad_BBB_2014B,OULAD,0,0,0.8193106274898233,0.6213675213675214
oulad_BBB_2014B,OULAD,25,0,0.7570062113789902,0.6032171581769437
oulad_BBB_2014B,OULAD,50,0,0.8300845327547888,0.7415730337078652
oulad_BBB_2014B,OULAD,100,0,0.8352517477579268,0.7492925863044708
oulad_BBB_2014B,OULAD,0,1,0.8193106274898233,0.6213675213675214
oulad_BBB_2014B,OULAD,25,1,0.7747482757792036,0.7193158953722334
oulad_BBB_2014B,OULAD,50,1,0.8264507248247087,0.736118455843469
oulad_BBB_2014B,OULAD,100,1,0.8459932367559019,0.7598152424942263
oulad_BBB_2014B,OULAD,0,2,0.8193106274898233,0.6213675213675214
oulad_BBB_2014B,OULAD,25,2,0.8362957323181728,0.7183879093198993
oulad_BBB_2014B,OULAD,50,2,0.842341112666316,0.7345225603357818
oulad_BBB_2014B,OULAD,100,2,0.8546075989613693,0.7761542957334892
oulad_BBB_2014B,OULAD,0,3,0.8191398523882121,0.6213675213675214
oulad_BBB_2014B,OULAD,25,3,0.8359223829285976,0.7218875502008032
oulad_BBB_2014B,OULAD,50,3,0.8387571132441675,0.7455156950672646
oulad_BBB_2014B,OULAD,100,3,0.8495001636212011,0.7787151200519143
oulad_BBB_2014B,OULAD,0,4,0.8193106274898233,0.6213675213675214
oulad_BBB_2014B,OULAD,25,4,0.8438360178508808,0.7210473313192346
oulad_BBB_2014B,OULAD,50,4,0.8435482590750345,0.7443650357339198
oulad_BBB_2014B,OULAD,100,4,0.844133535767248,0.7638804148871263
oulad_BBB_2014J,OULAD,0,0,0.8106473866959064,0.6689895470383276
oulad_BBB_2014J,OULAD,25,0,0.795008390306472,0.6676461945342345
oulad_BBB_2014J,OULAD,50,0,0.8344642582885644,0.6666666666666666
oulad_BBB_2014J,OULAD,100,0,0.8422715454911001,0.7771679473106476
oulad_BBB_2014J,OULAD,0,1,0.8106473866959064,0.6689895470383276
oulad_BBB_2014J,OULAD,25,1,0.8426215357504792,0.777818314483765
oulad_BBB_2014J,OULAD,50,1,0.837337110707024,0.7739520958083832
oulad_BBB_2014J,OULAD,100,1,0.8454162504162505,0.7712519319938176
oulad_BBB_2014J,OULAD,0,2,0.8106473866959064,0.6689895470383276
oulad_BBB_2014J,OULAD,25,2,0.8438931178878875,0.6692104490754329
oulad_BBB_2014J,OULAD,50,2,0.8395068507540725,0.777171937477281
oulad_BBB_2014J,OULAD,100,2,0.8486684199615875,0.7822794396062097
oulad_BBB_2014J,OULAD,0,3,0.8105560124269008,0.6689895470383276
oulad_BBB_2014J,OULAD,25,3,0.8105244599567841,0.7343060739735324
oulad_BBB_2014J,OULAD,50,3,0.8348685257695859,0.7776141384388807
oulad_BBB_2014J,OULAD,100,3,0.8440062940468808,0.78515625
oulad_BBB_2014J,OULAD,0,4,0.8106473866959064,0.6689895470383276
oulad_BBB_2014J,OULAD,25,4,0.8453309785595199,0.7498349834983499
oulad_BBB_2014J,OULAD,50,4,0.8425003004193138,0.775524981897176
oulad_BBB_2014J,OULAD,100,4,0.8420660876283852,0.7758689572512985
oulad_DDD_2013B,OULAD,0,0,0.756088816358826,0.5626034197462769
oulad_DDD_2013B,OULAD,25,0,0.7819842939603419,0.6302083333333334
oulad_DDD_2013B,OULAD,50,0,0.820389036676175,0.715261958997722
oulad_DDD_2013B,OULAD,100,0,0.8314736872659719,0.7229299363057324
oulad_DDD_2013B,OULAD,0,1,0.756088816358826,0.5626034197462769
oulad_DDD_2013B,OULAD,25,1,0.6417820984104818,0.5873697118332312
oulad_DDD_2013B,OULAD,50,1,0.8170158535283442,0.7065217391304348
oulad_DDD_2013B,OULAD,100,1,0.8009205172622165,0.6786678667866787
oulad_DDD_2013B,OULAD,0,2,0.756088816358826,0.5626034197462769
oulad_DDD_2013B,OULAD,25,2,0.8243931490532714,0.69901547116737
oulad_DDD_2013B,OULAD,50,2,0.7689027970534856,0.7147102526002972
oulad_DDD_2013B,OULAD,100,2,0.8349655328089458,0.7285828662930345
oulad_DDD_2013B,OULAD,0,3,0.756088816358826,0.5626034197462769
oulad_DDD_2013B,OULAD,25,3,0.7852685876637973,0.6296529968454259
oulad_DDD_2013B,OULAD,50,3,0.8161694929793428,0.6909350463954318
oulad_DDD_2013B,OULAD,100,3,0.830228505260218,0.7207953603976802
oulad_DDD_2013B,OULAD,0,4,0.756088816358826,0.5626034197462769
oulad_DDD_2013B,OULAD,25,4,0.8005805272371538,0.5981873111782477
oulad_DDD_2013B,OULAD,50,4,0.823230777491409,0.6815884476534296
oulad_DDD_2013B,OULAD,100,4,0.8172847324297159,0.7172523961661342
oulad_DDD_2013J,OULAD,0,0,0.8286761130828912,0.5992049150704735
oulad_DDD_2013J,OULAD,25,0,0.6097183368803344,0.5988990825688073
oulad_DDD_2013J,OULAD,50,0,0.7674768518518519,0.6373365041617123
oulad_DDD_2013J,OULAD,100,0,0.8492931932422378,0.7447739426349052
oulad_DDD_2013J,OULAD,0,1,0.828615201210406,0.5992049150704735
oulad_DDD_2013J,OULAD,25,1,0.7597780781041968,0.6375681995323461
oulad_DDD_2013J,OULAD,50,1,0.8251282204027672,0.6374060893633847
oulad_DDD_2013J,OULAD,100,1,0.8284228518454141,0.7469527059970746
oulad_DDD_2013J,OULAD,0,2,0.828589096122198,0.5992049150704735
oulad_DDD_2013J,OULAD,25,2,0.6262552102540034,0.5975073313782991
oulad_DDD_2013J,OULAD,50,2,0.8225820498716537,0.6393638170974155
oulad_DDD_2013J,OULAD,100,2,0.8317161542036169,0.7327298713673178
oulad_DDD_2013J,OULAD,0,3,0.8284237638968807,0.5992049150704735
oulad_DDD_2013J,OULAD,25,3,0.6786889729934912,0.5990479677773709
oulad_DDD_2013J,OULAD,50,3,0.8358080556081279,0.6357510899722553
oulad_DDD_2013J,OULAD,100,3,0.8416888105130931,0.7425552353506244
oulad_DDD_2013J,OULAD,0,4,0.8286761130828912,0.5992049150704735
oulad_DDD_2013J,OULAD,25,4,0.83916781101026,0.636967565455256
oulad_DDD_2013J,OULAD,50,4,0.7664682300717469,0.597846268102488
oulad_DDD_2013J,OULAD,100,4,0.8405841532909568,0.7377521613832853
oulad_DDD_2014B,OULAD,0,0,0.8020673354312361,0.5612185120093731
oulad_DDD_2014B,OULAD,25,0,0.7737194022908309,0.5601436265709157
oulad_DDD_2014B,OULAD,50,0,0.7708803372149442,0.6195652173913043
oulad_DDD_2014B,OULAD,100,0,0.8388076873485392,0.6525998492840994
oulad_DDD_2014B,OULAD,0,1,0.8020673354312361,0.5612185120093731
oulad_DDD_2014B,OULAD,25,1,0.7920788334419513,0.5599520383693045
oulad_DDD_2014B,OULAD,50,1,0.7699539058709366,0.6237148732008225
oulad_DDD_2014B,OULAD,100,1,0.8292894080709207,0.6682653876898481
oulad_DDD_2014B,OULAD,0,2,0.8020673354312361,0.5612185120093731
oulad_DDD_2014B,OULAD,25,2,0.785198666070194,0.5610047846889952
oulad_DDD_2014B,OULAD,50,2,0.8023725928290243,0.5964450296247531
oulad_DDD_2014B,OULAD,100,2,0.8521855349575742,0.6275659824046921
oulad_DDD_2014B,OULAD,0,3,0.8020673354312361,0.5612185120093731
oulad_DDD_2014B,OULAD,25,3,0.7699702076156781,0.56062424969988
oulad_DDD_2014B,OULAD,50,3,0.7576082819517393,0.5939553219448095
oulad_DDD_2014B,OULAD,100,3,0.8313821921677439,0.618808327351041
oulad_DDD_2014B,OULAD,0,4,0.8020673354312361,0.5612185120093731
oulad_DDD_2014B,OULAD,25,4,0.8410445374731089,0.5597597597597598
oulad_DDD_2014B,OULAD,50,4,0.7715770030714164,0.5833333333333334
oulad_DDD_2014B,OULAD,100,4,0.8213244290207989,0.6939471440750213
oulad_DDD_2014J,OULAD,0,0,0.8215819170937866,0.6104046242774567
oulad_DDD_2014J,OULAD,25,0,0.8260998967293347,0.6504406210658833
oulad_DDD_2014J,OULAD,50,0,0.8355182564617049,0.6805125939019001
oulad_DDD_2014J,OULAD,100,0,0.8178905430907948,0.6922320550639135
oulad_DDD_2014J,OULAD,0,1,0.8215819170937866,0.6104046242774567
oulad_DDD_2014J,OULAD,25,1,0.5685842977920053,0.6065899166335847
oulad_DDD_2014J,OULAD,50,1,0.7866330490799166,0.6690171881886293
oulad_DDD_2014J,OULAD,100,1,0.8241868555620757,0.700207468879668
oulad_DDD_2014J,OULAD,0,2,0.8215819170937866,0.6104046242774567
oulad_DDD_2014J,OULAD,25,2,0.7921156415394893,0.6103286384976526
oulad_DDD_2014J,OULAD,50,2,0.7876553246615905,0.6707638279192274
oulad_DDD_2014J,OULAD,100,2,0.7854352608202211,0.6690810321412404
oulad_DDD_2014J,OULAD,0,3,0.8212097483239917,0.6104046242774567
oulad_DDD_2014J,OULAD,25,3,0.7713714998695743,0.6097847358121331
oulad_DDD_2014J,OULAD,50,3,0.827876272505413,0.6471337579617834
oulad_DDD_2014J,OULAD,100,3,0.8278670367877972,0.6799814212726428
oulad_DDD_2014J,OULAD,0,4,0.8215819170937866,0.6104046242774567
oulad_DDD_2014J,OULAD,25,4,0.8291969761802881,0.6510263929618768
oulad_DDD_2014J,OULAD,50,4,0.8299482222715594,0.681191640729213
oulad_DDD_2014J,OULAD,100,4,0.8230541991982319,0.6855025474756832
oulad_FFF_2013B,OULAD,0,0,0.6616663387763132,0.6527545909849749
oulad_FFF_2013B,OULAD,25,0,0.8136001776142598,0.697632058287796
oulad_FFF_2013B,OULAD,50,0,0.8249072268902061,0.7364144235652615
oulad_FFF_2013B,OULAD,100,0,0.8263472687794882,0.7577235772357723
oulad_FFF_2013B,OULAD,0,1,0.6616663387763132,0.6527545909849749
oulad_FFF_2013B,OULAD,25,1,0.7802659041311408,0.6941176470588235
oulad_FFF_2013B,OULAD,50,1,0.8240920818272305,0.7447236180904523
oulad_FFF_2013B,OULAD,100,1,0.8253864268444371,0.7555797495917257
oulad_FFF_2013B,OULAD,0,2,0.6616663387763132,0.6527545909849749
oulad_FFF_2013B,OULAD,25,2,0.6641273073909472,0.6505307855626327
oulad_FFF_2013B,OULAD,50,2,0.8023150156762906,0.7178997613365156
oulad_FFF_2013B,OULAD,100,2,0.823723323969645,0.7372750642673522
oulad_FFF_2013B,OULAD,0,3,0.6616663387763132,0.6527545909849749
oulad_FFF_2013B,OULAD,25,3,0.8236455811858164,0.6885984677782785
oulad_FFF_2013B,OULAD,50,3,0.8088271656489536,0.7009345794392523
oulad_FFF_2013B,OULAD,100,3,0.7971335524256103,0.715852442671984
oulad_FFF_2013B,OULAD,0,4,0.6616663387763132,0.6527545909849749
oulad_FFF_2013B,OULAD,25,4,0.800808696699896,0.7181647940074907
oulad_FFF_2013B,OULAD,50,4,0.8052452909249233,0.7325062034739455
oulad_FFF_2013B,OULAD,100,4,0.8212272842384707,0.7559322033898305
oulad_FFF_2013J,OULAD,0,0,0.8312243438955766,0.6483126110124334
oulad_FFF_2013J,OULAD,25,0,0.8072482458787582,0.6887755102040817
oulad_FFF_2013J,OULAD,50,0,0.8113952983899475,0.7079705291359678
oulad_FFF_2013J,OULAD,100,0,0.841559275534322,0.7204793796263659
oulad_FFF_2013J,OULAD,0,1,0.8311566963393446,0.6483126110124334
oulad_FFF_2013J,OULAD,25,1,0.7997139545392036,0.7063051290427965
oulad_FFF_2013J,OULAD,50,1,0.776105110028773,0.7052980132450332
oulad_FFF_2013J,OULAD,100,1,0.8413486775691501,0.7047230716955487
oulad_FFF_2013J,OULAD,0,2,0.8311413218947465,0.6483126110124334
oulad_FFF_2013J,OULAD,25,2,0.8351177115948043,0.6991922455573506
oulad_FFF_2013J,OULAD,50,2,0.8118420058786567,0.7068565750248427
oulad_FFF_2013J,OULAD,100,2,0.8337916935548924,0.7190929041697147
oulad_FFF_2013J,OULAD,0,3,0.8312243438955766,0.6483126110124334
oulad_FFF_2013J,OULAD,25,3,0.8003732736095558,0.7065750736015701
oulad_FFF_2013J,OULAD,50,3,0.81182995286468,0.7068166776968895
oulad_FFF_2013J,OULAD,100,3,0.842001126542691,0.7048275862068966
oulad_FFF_2013J,OULAD,0,4,0.8311413218947465,0.6483126110124334
oulad_FFF_2013J,OULAD,25,4,0.8219648022385714,0.6889952153110048
oulad_FFF_2013J,OULAD,50,4,0.835058785134025,0.7051409618573797
oulad_FFF_2013J,OULAD,100,4,0.8496076721883172,0.7031994554118448
oulad_FFF_2014B,OULAD,0,0,0.8447244091641904,0.6072423398328691
oulad_FFF_2014B,OULAD,25,0,0.7149750643019499,0.6067203028868907
oulad_FFF_2014B,OULAD,50,0,0.8312127371273713,0.6727370112479915
oulad_FFF_2014B,OULAD,100,0,0.84198070139033,0.7492022973835354
oulad_FFF_2014B,OULAD,0,1,0.844702720483513,0.6072423398328691
oulad_FFF_2014B,OULAD,25,1,0.8541699366923037,0.6743576297850026
oulad_FFF_2014B,OULAD,50,1,0.8604886880628888,0.730814639905549
oulad_FFF_2014B,OULAD,100,1,0.8464311905449454,0.7407407407407407
oulad_FFF_2014B,OULAD,0,2,0.8446900687531177,0.6072423398328691
oulad_FFF_2014B,OULAD,25,2,0.8629679719562884,0.6729957805907173
oulad_FFF_2014B,OULAD,50,2,0.8611067051468541,0.6800216567406605
oulad_FFF_2014B,OULAD,100,2,0.8621494550770865,0.7521035598705501
oulad_FFF_2014B,OULAD,0,3,0.8447244091641904,0.6072423398328691
oulad_FFF_2014B,OULAD,25,3,0.8403268889511535,0.6701515943544172
oulad_FFF_2014B,OULAD,50,3,0.8324389410858907,0.7157534246575342
oulad_FFF_2014B,OULAD,100,3,0.8339300958964285,0.7589343729694606
oulad_FFF_2014B,OULAD,0,4,0.8446900687531177,0.6072423398328691
oulad_FFF_2014B,OULAD,25,4,0.8429424946782043,0.6684073107049608
oulad_FFF_2014B,OULAD,50,4,0.8330037653862806,0.6978869217589948
oulad_FFF_2014B,OULAD,100,4,0.8362211767824013,0.7527868852459016
oulad_FFF_2014J,OULAD,0,0,0.8386524975323095,0.6415852958070075
oulad_FFF_2014J,OULAD,25,0,0.8448294296159163,0.6461001164144354
oulad_FFF_2014J,OULAD,50,0,0.888720135062929,0.7140065146579805
oulad_FFF_2014J,OULAD,100,0,0.8931229235880399,0.8018539976825029
oulad_FFF_2014J,OULAD,0,1,0.8386524975323095,0.6415852958070075
oulad_FFF_2014J,OULAD,25,1,0.8436049148271965,0.6423995340710542
oulad_FFF_2014J,OULAD,50,1,0.846656939768051,0.7017656500802568
oulad_FFF_2014J,OULAD,100,1,0.8987969513386751,0.7342995169082126
oulad_FFF_2014J,OULAD,0,2,0.8386524975323095,0.6415852958070075
oulad_FFF_2014J,OULAD,25,2,0.8162291720240804,0.6424840394660476
oulad_FFF_2014J,OULAD,50,2,0.8459990239696293,0.6920152091254753
oulad_FFF_2014J,OULAD,100,2,0.8828225315810299,0.7292741658066736
oulad_FFF_2014J,OULAD,0,3,0.8385183527305282,0.6415852958070075
oulad_FFF_2014J,OULAD,25,3,0.8847585440839857,0.6419036564132328
oulad_FFF_2014J,OULAD,50,3,0.8853443371509844,0.6996784565916399
oulad_FFF_2014J,OULAD,100,3,0.898020431331586,0.7411805798113866
oulad_FFF_2014J,OULAD,0,4,0.8386524975323095,0.6415852958070075
oulad_FFF_2014J,OULAD,25,4,0.8709125539374325,0.641652123327516
oulad_FFF_2014J,OULAD,50,4,0.8848015974665834,0.6879544736010117
oulad_FFF_2014J,OULAD,100,4,0.8861883989717321,0.7176035005048805
ku_Accountancy_1819,KU Leuven,0,0,0.6198786356978447,0.8251748251748252
ku_Accountancy_1819,KU Leuven,25,0,0.6188596960616438,0.8238133547868061
ku_Accountancy_1819,KU Leuven,50,0,0.621853607161664,0.8243130724396336
ku_Accountancy_1819,KU Leuven,100,0,0.6222743916519139,0.821203953279425
ku_Accountancy_1819,KU Leuven,0,1,0.6198786356978447,0.8251748251748252
ku_Accountancy_1819,KU Leuven,25,1,0.6260553284128922,0.8209677419354838
ku_Accountancy_1819,KU Leuven,50,1,0.6263320219998473,0.8233333333333334
ku_Accountancy_1819,KU Leuven,100,1,0.6268869236331276,0.8254252461951657
ku_Accountancy_1819,KU Leuven,0,2,0.6198786356978447,0.8251748251748252
ku_Accountancy_1819,KU Leuven,25,2,0.6221952535059332,0.826645264847512
ku_Accountancy_1819,KU Leuven,50,2,0.6143978778813666,0.8282157676348548
ku_Accountancy_1819,KU Leuven,100,2,0.6178353330387593,0.8317008014247551
ku_Accountancy_1819,KU Leuven,0,3,0.6198786356978447,0.8251748251748252
ku_Accountancy_1819,KU Leuven,25,3,0.6203478028820494,0.822866344605475
ku_Accountancy_1819,KU Leuven,50,3,0.6157281756801798,0.8223519599666389
ku_Accountancy_1819,KU Leuven,100,3,0.6010629938936782,0.8092592592592592
ku_Accountancy_1819,KU Leuven,0,4,0.6198786356978447,0.8251748251748252
ku_Accountancy_1819,KU Leuven,25,4,0.6279429432121788,0.8257028112449799
ku_Accountancy_1819,KU Leuven,50,4,0.6316436251920123,0.8252911813643927
ku_Accountancy_1819,KU Leuven,100,4,0.63590048961228,0.822262118491921
ku_Globaleconom_1819,KU Leuven,0,0,0.6069451601030549,0.7155322862129145
ku_Globaleconom_1819,KU Leuven,25,0,0.6029304029304029,0.704031465093412
ku_Globaleconom_1819,KU Leuven,50,0,0.6027576319784111,0.6951219512195121
ku_Globaleconom_1819,KU Leuven,100,0,0.6031397572493463,0.6895027624309392
ku_Globaleconom_1819,KU Leuven,0,1,0.6069451601030549,0.7155322862129145
ku_Globaleconom_1819,KU Leuven,25,1,0.6080428192497157,0.6925434116445353
ku_Globaleconom_1819,KU Leuven,50,1,0.6081113124777696,0.6914893617021277
ku_Globaleconom_1819,KU Leuven,100,1,0.6015893597375297,0.6896551724137931
ku_Globaleconom_1819,KU Leuven,0,2,0.6069451601030549,0.7155322862129145
ku_Globaleconom_1819,KU Leuven,25,2,0.6113906949919812,0.7054263565891473
ku_Globaleconom_1819,KU Leuven,50,2,0.611414102064667,0.7112887112887113
ku_Globaleconom_1819,KU Leuven,100,2,0.6109978730946473,0.7002237136465325
ku_Globaleconom_1819,KU Leuven,0,3,0.6069451601030549,0.7155322862129145
ku_Globaleconom_1819,KU Leuven,25,3,0.6087484715812724,0.6998011928429424
ku_Globaleconom_1819,KU Leuven,50,3,0.6140012872410696,0.696652719665272
ku_Globaleconom_1819,KU Leuven,100,3,0.6040682802046439,0.6981981981981982
ku_Globaleconom_1819,KU Leuven,0,4,0.6069451601030549,0.7155322862129145
ku_Globaleconom_1819,KU Leuven,25,4,0.6060912387800216,0.7140287769784173
ku_Globaleconom_1819,KU Leuven,50,4,0.6124608614707624,0.7042801556420234
ku_Globaleconom_1819,KU Leuven,100,4,0.6155253837072019,0.7062780269058296
ukzn_ISTN101_2019,UKZN,0,0,0.6179914988033507,0.7854050711193569
ukzn_ISTN101_2019,UKZN,25,0,0.6225706192462035,0.8579610538373424
ukzn_ISTN101_2019,UKZN,50,0,0.6362645076431341,0.8724754760530872
ukzn_ISTN101_2019,UKZN,100,0,0.6308410858624371,0.8820697954271961
ukzn_ISTN101_2019,UKZN,0,1,0.6182532658556044,0.7871287128712872
ukzn_ISTN101_2019,UKZN,25,1,0.6142794104087359,0.8403755868544601
ukzn_ISTN101_2019,UKZN,50,1,0.6225823386383731,0.8822857142857143
ukzn_ISTN101_2019,UKZN,100,1,0.5973057925460261,0.8976286871023713
ukzn_ISTN101_2019,UKZN,0,2,0.617661173713602,0.7861557478368356
ukzn_ISTN101_2019,UKZN,25,2,0.6177708710362735,0.8331360946745562
ukzn_ISTN101_2019,UKZN,50,2,0.6112883351588171,0.8388654194327098
ukzn_ISTN101_2019,UKZN,100,2,0.6262510778516877,0.8742442563482467
ukzn_ISTN101_2019,UKZN,0,3,0.6193813571998404,0.7863777089783281
ukzn_ISTN101_2019,UKZN,25,3,0.610663619479168,0.8226097414311485
ukzn_ISTN101_2019,UKZN,50,3,0.6213147933244916,0.8407026044821321
ukzn_ISTN101_2019,UKZN,100,3,0.6432823813354787,0.8591108328115216
ukzn_ISTN101_2019,UKZN,0,4,0.6186334513362586,0.7863777089783281
ukzn_ISTN101_2019,UKZN,25,4,0.6425577751664708,0.8622478386167147
ukzn_ISTN101_2019,UKZN,50,4,0.6369090596527419,0.8647058823529412
ukzn_ISTN101_2019,UKZN,100,4,0.647835011240348,0.8812121212121212
ukzn_ISTN101_2020,UKZN,0,0,0.6880999978032117,0.6916666666666667
ukzn_ISTN101_2020,UKZN,25,0,0.5528828788152429,0.9225512528473804
ukzn_ISTN101_2020,UKZN,50,0,0.545306349168015,0.9023809523809524
ukzn_ISTN101_2020,UKZN,100,0,0.5508229779812513,0.8921319796954315
ukzn_ISTN101_2020,UKZN,0,1,0.688693130643,0.6916666666666667
ukzn_ISTN101_2020,UKZN,25,1,0.6690953038674032,0.9302325581395349
ukzn_ISTN101_2020,UKZN,50,1,0.5934895833333333,0.9506522972206466
ukzn_ISTN101_2020,UKZN,100,1,0.6395140435773358,0.9644970414201184
ukzn_ISTN101_2020,UKZN,0,2,0.6879242547395708,0.6916666666666667
ukzn_ISTN101_2020,UKZN,25,2,0.6814594114264806,0.8150510204081632
ukzn_ISTN101_2020,UKZN,50,2,0.6267907718536035,0.8992248062015504
ukzn_ISTN101_2020,UKZN,100,2,0.6277772684208918,0.9508393285371702
ukzn_ISTN101_2020,UKZN,0,3,0.6889128094725512,0.6916666666666667
ukzn_ISTN101_2020,UKZN,25,3,0.5668162983425414,0.9124423963133641
ukzn_ISTN101_2020,UKZN,50,3,0.5755427826212959,0.9323308270676691
ukzn_ISTN101_2020,UKZN,100,3,0.6020749199275868,0.9405339805825242
ukzn_ISTN101_2020,UKZN,0,4,0.688989697062894,0.6916666666666667
ukzn_ISTN101_2020,UKZN,25,4,0.5986648250460405,0.9025522041763341
ukzn_ISTN101_2020,UKZN,50,4,0.5483734634240587,0.9101654846335697
ukzn_ISTN101_2020,UKZN,100,4,0.6155795651593973,0.9576624925462135
ukzn_ISTN101_2021,UKZN,0,0,0.7254764245914688,0.8241206030150754
ukzn_ISTN101_2021,UKZN,25,0,0.715923383293156,0.8368554522400676
ukzn_ISTN101_2021,UKZN,50,0,0.7255764904386952,0.8451443569553806
ukzn_ISTN101_2021,UKZN,100,0,0.7305544859453215,0.9081272084805654
ukzn_ISTN101_2021,UKZN,0,1,0.7240717329212905,0.8231349538977368
ukzn_ISTN101_2021,UKZN,25,1,0.6442096844929444,0.8447412353923205
ukzn_ISTN101_2021,UKZN,50,1,0.6530887399901945,0.87248322147651
ukzn_ISTN101_2021,UKZN,100,1,0.6844390753558836,0.9251934651762683
ukzn_ISTN101_2021,UKZN,0,2,0.7252188977852695,0.8241206030150754
ukzn_ISTN101_2021,UKZN,25,2,0.6624006417268286,0.8317836010143702
ukzn_ISTN101_2021,UKZN,50,2,0.6368201925578975,0.8598290598290599
ukzn_ISTN101_2021,UKZN,100,2,0.6813836835131554,0.9073593073593074
ukzn_ISTN101_2021,UKZN,0,3,0.7240717329212903,0.8241206030150754
ukzn_ISTN101_2021,UKZN,25,3,0.702809016474302,0.8281786941580757
ukzn_ISTN101_2021,UKZN,50,3,0.6875402274190088,0.867003367003367
ukzn_ISTN101_2021,UKZN,100,3,0.6516462388848836,0.9267059814658803
ukzn_ISTN101_2021,UKZN,0,4,0.7239897925738634,0.8241206030150754
ukzn_ISTN101_2021,UKZN,25,4,0.6891092039064812,0.8439597315436241
ukzn_ISTN101_2021,UKZN,50,4,0.6549440541243821,0.9061488673139159
ukzn_ISTN101_2021,UKZN,100,4,0.5860069694784908,0.9336691855583543
ukzn_ISTN102_2018,UKZN,0,0,0.6218876439464674,0.7277936962750716
ukzn_ISTN102_2018,UKZN,25,0,0.6163838558143994,0.7156549520766773
ukzn_ISTN102_2018,UKZN,50,0,0.6056140350877193,0.7247386759581882
ukzn_ISTN102_2018,UKZN,100,0,0.6038687973086627,0.7692307692307693
ukzn_ISTN102_2018,UKZN,0,1,0.6188530967942732,0.7277936962750716
ukzn_ISTN102_2018,UKZN,25,1,0.6217042606516291,0.6885245901639344
ukzn_ISTN102_2018,UKZN,50,1,0.6113696808510638,0.6928571428571428
ukzn_ISTN102_2018,UKZN,100,1,0.5827355332376853,0.7400881057268722
ukzn_ISTN102_2018,UKZN,0,2,0.6199424214130096,0.7314285714285714
ukzn_ISTN102_2018,UKZN,25,2,0.6124729970883818,0.7115384615384616
ukzn_ISTN102_2018,UKZN,50,2,0.6267738883632924,0.7420494699646644
ukzn_ISTN102_2018,UKZN,100,2,0.6141370869033047,0.7792207792207793
ukzn_ISTN102_2018,UKZN,0,3,0.6193199502023031,0.7277936962750716
ukzn_ISTN102_2018,UKZN,25,3,0.6256298449612402,0.7414330218068536
ukzn_ISTN102_2018,UKZN,50,3,0.6316997518610421,0.7728813559322034
ukzn_ISTN102_2018,UKZN,100,3,0.6145299145299146,0.7811158798283262
ukzn_ISTN102_2018,UKZN,0,4,0.6182306255835668,0.7277936962750716
ukzn_ISTN102_2018,UKZN,25,4,0.5935958254269449,0.7329192546583851
ukzn_ISTN102_2018,UKZN,50,4,0.6090058479532163,0.7253521126760564
ukzn_ISTN102_2018,UKZN,100,4,0.6216814159292036,0.7297297297297297
ukzn_ISTN103_2019,UKZN,0,0,0.6480504305043051,0.7116311080523056
ukzn_ISTN103_2019,UKZN,25,0,0.6535545880085359,0.8052884615384616
ukzn_ISTN103_2019,UKZN,50,0,0.6533797011386904,0.8091511137868754
ukzn_ISTN103_2019,UKZN,100,0,0.6480815347721822,0.8020176544766708
ukzn_ISTN103_2019,UKZN,0,1,0.6474108241082411,0.7099447513812155
ukzn_ISTN103_2019,UKZN,25,1,0.6454814189189189,0.7779156327543424
ukzn_ISTN103_2019,UKZN,50,1,0.6430142302716688,0.770618556701031
ukzn_ISTN103_2019,UKZN,100,1,0.643294775265812,0.7706792199058508
ukzn_ISTN103_2019,UKZN,0,2,0.6467076670766708,0.7103448275862069
ukzn_ISTN103_2019,UKZN,25,2,0.5980815317098502,0.8141493542953397
ukzn_ISTN103_2019,UKZN,50,2,0.6602223652799013,0.7952559300873908
ukzn_ISTN103_2019,UKZN,100,2,0.6139470664877583,0.8292397660818713
ukzn_ISTN103_2019,UKZN,0,3,0.648239032390324,0.7099447513812155
ukzn_ISTN103_2019,UKZN,25,3,0.6509137153482805,0.7973381730187538
ukzn_ISTN103_2019,UKZN,50,3,0.6592752074427961,0.7866582756450597
ukzn_ISTN103_2019,UKZN,100,3,0.6543897514446843,0.7785234899328859
ukzn_ISTN103_2019,UKZN,0,4,0.647240672406724,0.7099447513812155
ukzn_ISTN103_2019,UKZN,25,4,0.6506726897351897,0.7666878575969485
ukzn_ISTN103_2019,UKZN,50,4,0.6548113995344953,0.7898326100433974
ukzn_ISTN103_2019,UKZN,100,4,0.6590095871497189,0.8248520710059172
ukzn_ISTN103_2020,UKZN,0,0,0.6436536126972708,0.636986301369863
ukzn_ISTN103_2020,UKZN,25,0,0.6287224222283763,0.7460617517328293
ukzn_ISTN103_2020,UKZN,50,0,0.6609338738721389,0.8151715833835039
ukzn_ISTN103_2020,UKZN,100,0,0.6401389948300704,0.8490338164251208
ukzn_ISTN103_2020,UKZN,0,1,0.6434917494716964,0.636986301369863
ukzn_ISTN103_2020,UKZN,25,1,0.6368872888396566,0.7455919395465995
ukzn_ISTN103_2020,UKZN,50,1,0.6379818386664998,0.8326482677627716
ukzn_ISTN103_2020,UKZN,100,1,0.6670610925771476,0.8602150537634409
ukzn_ISTN103_2020,UKZN,0,2,0.6436536126972707,0.636986301369863
ukzn_ISTN103_2020,UKZN,25,2,0.659848008685218,0.6963455149501662
ukzn_ISTN103_2020,UKZN,50,2,0.6551666338000395,0.7906403940886699
ukzn_ISTN103_2020,UKZN,100,2,0.6704951753252347,0.8556021569802277
ukzn_ISTN103_2020,UKZN,0,3,0.6435816734859043,0.636986301369863
ukzn_ISTN103_2020,UKZN,25,3,0.6562494000191994,0.7284427284427284
ukzn_ISTN103_2020,UKZN,50,3,0.6673480840147505,0.7748427672955975
ukzn_ISTN103_2020,UKZN,100,3,0.672559285154136,0.8295102293862369
ukzn_ISTN103_2020,UKZN,0,4,0.6436536126972707,0.636986301369863
ukzn_ISTN103_2020,UKZN,25,4,0.633939965335314,0.7196382428940569
ukzn_ISTN103_2020,UKZN,50,4,0.6324500396161634,0.7701005025125628
ukzn_ISTN103_2020,UKZN,100,4,0.6400145796746082,0.822139303482587
ukzn_ISTN211_2019,UKZN,0,0,0.6542649727767695,0.8043956043956044
ukzn_ISTN211_2019,UKZN,25,0,0.6527196652719665,0.8617511520737328
ukzn_ISTN211_2019,UKZN,50,0,0.6311331775700936,0.9002433090024331
ukzn_ISTN211_2019,UKZN,100,0,0.6205357142857143,0.9560117302052786
ukzn_ISTN211_2019,UKZN,0,1,0.6530550514216574,0.8096280087527352
ukzn_ISTN211_2019,UKZN,25,1,0.642991092358181,0.8656036446469249
ukzn_ISTN211_2019,UKZN,50,1,0.6507009345794392,0.8866995073891626
ukzn_ISTN211_2019,UKZN,100,1,0.7863372093023255,0.9432835820895522
ukzn_ISTN211_2019,UKZN,0,2,0.6512401693889898,0.8043956043956044
ukzn_ISTN211_2019,UKZN,25,2,0.6782700421940928,0.8656036446469249
ukzn_ISTN211_2019,UKZN,50,2,0.5930232558139534,0.8894348894348895
ukzn_ISTN211_2019,UKZN,100,2,0.597420543528328,0.9442815249266863
ukzn_ISTN211_2019,UKZN,0,3,0.6538616656583988,0.8043956043956044
ukzn_ISTN211_2019,UKZN,25,3,0.6919045495093666,0.8545034642032333
ukzn_ISTN211_2019,UKZN,50,3,0.6505109085887877,0.8693467336683417
ukzn_ISTN211_2019,UKZN,100,3,0.6248484848484849,0.9432835820895522
ukzn_ISTN211_2019,UKZN,0,4,0.6512401693889898,0.8043956043956044
ukzn_ISTN211_2019,UKZN,25,4,0.6971082550667327,0.8368794326241135
ukzn_ISTN211_2019,UKZN,50,4,0.71969069317868,0.9019607843137255
ukzn_ISTN211_2019,UKZN,100,4,0.6842757936507936,0.9365558912386707
ukzn_ISTN211_2021,UKZN,0,0,0.8203984819734345,0.7357723577235772
ukzn_ISTN211_2021,UKZN,25,0,0.818583042973287,0.898876404494382
ukzn_ISTN211_2021,UKZN,50,0,0.8071246819338422,0.9351669941060904
ukzn_ISTN211_2021,UKZN,100,0,0.7888209920920202,0.9681818181818181
ukzn_ISTN211_2021,UKZN,0,1,0.8203984819734345,0.7357723577235772
ukzn_ISTN211_2021,UKZN,25,1,0.847594246031746,0.7857142857142857
ukzn_ISTN211_2021,UKZN,50,1,0.8374524714828897,0.8739495798319328
ukzn_ISTN211_2021,UKZN,100,1,0.8715753424657533,0.9820627802690582
ukzn_ISTN211_2021,UKZN,0,2,0.8203984819734345,0.7357723577235772
ukzn_ISTN211_2021,UKZN,25,2,0.8304195804195804,0.8981132075471698
ukzn_ISTN211_2021,UKZN,50,2,0.8070342205323194,0.9333333333333333
ukzn_ISTN211_2021,UKZN,100,2,0.773963133640553,0.9278846153846154
ukzn_ISTN211_2021,UKZN,0,3,0.8203984819734345,0.7357723577235772
ukzn_ISTN211_2021,UKZN,25,3,0.8135888501742161,0.9094269870609981
ukzn_ISTN211_2021,UKZN,50,3,0.8083969465648856,0.9206349206349206
ukzn_ISTN211_2021,UKZN,100,3,0.8296511627906977,0.9728506787330317
ukzn_ISTN211_2021,UKZN,0,4,0.8203984819734345,0.7357723577235772
ukzn_ISTN211_2021,UKZN,25,4,0.8150987224157956,0.7866108786610879
ukzn_ISTN211_2021,UKZN,50,4,0.7743002544529262,0.952561669829222
ukzn_ISTN211_2021,UKZN,100,4,0.8379204892966361,0.9797752808988764
ukzn_ISTN212_2018,UKZN,0,0,0.733188847235239,0.7683284457478006
ukzn_ISTN212_2018,UKZN,25,0,0.7312781954887217,0.8121212121212121
ukzn_ISTN212_2018,UKZN,50,0,0.7535679374389053,0.835016835016835
ukzn_ISTN212_2018,UKZN,100,0,0.7556153116102499,0.8340807174887892
ukzn_ISTN212_2018,UKZN,0,1,0.7333059981255857,0.7683284457478006
ukzn_ISTN212_2018,UKZN,25,1,0.7186466165413533,0.7987616099071208
ukzn_ISTN212_2018,UKZN,50,1,0.7376283846872083,0.8417508417508418
ukzn_ISTN212_2018,UKZN,100,1,0.7139498432601882,0.852017937219731
ukzn_ISTN212_2018,UKZN,0,2,0.7333059981255857,0.7683284457478006
ukzn_ISTN212_2018,UKZN,25,2,0.7461685823754789,0.8111455108359134
ukzn_ISTN212_2018,UKZN,50,2,0.7479925303454714,0.8191126279863481
ukzn_ISTN212_2018,UKZN,100,2,0.722870879120879,0.8468468468468469
ukzn_ISTN212_2018,UKZN,0,3,0.7340089034676663,0.7683284457478006
ukzn_ISTN212_2018,UKZN,25,3,0.7553746928746929,0.7975077881619937
ukzn_ISTN212_2018,UKZN,50,3,0.7295673076923077,0.8137931034482758
ukzn_ISTN212_2018,UKZN,100,3,0.7628777472527473,0.8717948717948718
ukzn_ISTN212_2018,UKZN,0,4,0.7350046860356139,0.7683284457478006
ukzn_ISTN212_2018,UKZN,25,4,0.7432950191570882,0.8195718654434251
ukzn_ISTN212_2018,UKZN,50,4,0.7468229819223197,0.8338983050847457
ukzn_ISTN212_2018,UKZN,100,4,0.7771104437771106,0.8596491228070176
ukzn_ISTN212_2019,UKZN,0,0,0.6621621621621622,0.7354497354497355
ukzn_ISTN212_2019,UKZN,25,0,0.7091036414565826,0.770949720670391
ukzn_ISTN212_2019,UKZN,50,0,0.7153021932027457,0.8313953488372093
ukzn_ISTN212_2019,UKZN,100,0,0.6241638795986622,0.8927335640138409
ukzn_ISTN212_2019,UKZN,0,1,0.6662376662376662,0.7354497354497355
ukzn_ISTN212_2019,UKZN,25,1,0.6913968423869414,0.8010899182561307
ukzn_ISTN212_2019,UKZN,50,1,0.7018248786204587,0.8048048048048048
ukzn_ISTN212_2019,UKZN,100,1,0.7514443277310924,0.9146757679180887
ukzn_ISTN212_2019,UKZN,0,2,0.6659159159159159,0.7354497354497355
ukzn_ISTN212_2019,UKZN,25,2,0.719679487179487,0.8263157894736842
ukzn_ISTN212_2019,UKZN,50,2,0.7498439450686643,0.8994708994708994
ukzn_ISTN212_2019,UKZN,100,2,0.6773809523809524,0.8896551724137931
ukzn_ISTN212_2019,UKZN,0,3,0.6658086658086658,0.7354497354497355
ukzn_ISTN212_2019,UKZN,25,3,0.7090206860434668,0.8096514745308311
ukzn_ISTN212_2019,UKZN,50,3,0.7148692810457516,0.8538681948424068
ukzn_ISTN212_2019,UKZN,100,3,0.6819955406911928,0.8592057761732852
ukzn_ISTN212_2019,UKZN,0,4,0.6703131703131703,0.7354497354497355
ukzn_ISTN212_2019,UKZN,25,4,0.7152010050251257,0.8478802992518704
ukzn_ISTN212_2019,UKZN,50,4,0.6890364941212399,0.8672086720867209
ukzn_ISTN212_2019,UKZN,100,4,0.7425595238095238,0.8528301886792453
ukzn_ISTN2IP_2018,UKZN,0,0,0.6799999999999999,0.7154471544715447
ukzn_ISTN2IP_2018,UKZN,25,0,0.6860119047619048,0.7647058823529411
ukzn_ISTN2IP_2018,UKZN,50,0,0.6949760765550239,0.746268656716418
ukzn_ISTN2IP_2018,UKZN,0,1,0.6799999999999999,0.7154471544715447
ukzn_ISTN2IP_2018,UKZN,25,1,0.6269349845201239,0.7142857142857143
ukzn_ISTN2IP_2018,UKZN,50,1,0.5675675675675675,0.7164179104477612
ukzn_ISTN2IP_2018,UKZN,0,2,0.6799999999999999,0.7154471544715447
ukzn_ISTN2IP_2018,UKZN,25,2,0.675598086124402,0.7708333333333334
ukzn_ISTN2IP_2018,UKZN,50,2,0.607843137254902,0.7076923076923077
ukzn_ISTN2IP_2018,UKZN,0,3,0.6799999999999999,0.7154471544715447
ukzn_ISTN2IP_2018,UKZN,25,3,0.6495370370370371,0.723404255319149
ukzn_ISTN2IP_2018,UKZN,50,3,0.7104700854700855,0.7575757575757576
ukzn_ISTN2IP_2018,UKZN,0,4,0.6799999999999999,0.7154471544715447
ukzn_ISTN2IP_2018,UKZN,25,4,0.7448337825696316,0.8041237113402062
ukzn_ISTN2IP_2018,UKZN,50,4,0.7862745098039216,0.8235294117647058
ukzn_ISTN2IP_2019,UKZN,0,0,0.6371753246753248,0.7586206896551724
ukzn_ISTN2IP_2019,UKZN,25,0,0.6317135549872123,0.7647058823529411
ukzn_ISTN2IP_2019,UKZN,50,0,0.6982082866741323,0.7878787878787878
ukzn_ISTN2IP_2019,UKZN,0,1,0.637987012987013,0.7586206896551724
ukzn_ISTN2IP_2019,UKZN,25,1,0.6190140845070422,0.7913669064748201
ukzn_ISTN2IP_2019,UKZN,50,1,0.5602322206095791,0.7474747474747475
ukzn_ISTN2IP_2019,UKZN,0,2,0.6359577922077922,0.7586206896551724
ukzn_ISTN2IP_2019,UKZN,25,2,0.6666666666666666,0.8111888111888111
ukzn_ISTN2IP_2019,UKZN,50,2,0.6225,0.803921568627451
ukzn_ISTN2IP_2019,UKZN,0,3,0.6383928571428572,0.7586206896551724
ukzn_ISTN2IP_2019,UKZN,25,3,0.6162280701754386,0.7714285714285715
ukzn_ISTN2IP_2019,UKZN,50,3,0.5942376950780313,0.8155339805825242
ukzn_ISTN2IP_2019,UKZN,0,4,0.6392045454545455,0.7586206896551724
ukzn_ISTN2IP_2019,UKZN,25,4,0.7098591549295775,0.8333333333333334
ukzn_ISTN2IP_2019,UKZN,50,4,0.6797385620915033,0.8269230769230769
ukzn_ISTN3ND_2018,UKZN,0,0,0.5253075216777576,0.5833333333333334
ukzn_ISTN3ND_2018,UKZN,25,0,0.5890551643192489,0.7023809523809523
ukzn_ISTN3ND_2018,UKZN,50,0,0.5864381520119224,0.6774193548387096
ukzn_ISTN3ND_2018,UKZN,100,0,0.5446623093681917,0.6037735849056604
ukzn_ISTN3ND_2018,UKZN,0,1,0.5253075216777576,0.5833333333333334
ukzn_ISTN3ND_2018,UKZN,25,1,0.5576241134751773,0.675
ukzn_ISTN3ND_2018,UKZN,50,1,0.5546448087431695,0.696969696969697
ukzn_ISTN3ND_2018,UKZN,100,1,0.546875,0.6557377049180327
ukzn_ISTN3ND_2018,UKZN,0,2,0.5257108287961283,0.5833333333333334
ukzn_ISTN3ND_2018,UKZN,25,2,0.5508274231678487,0.6622516556291391
ukzn_ISTN3ND_2018,UKZN,50,2,0.590725806451613,0.6774193548387096
ukzn_ISTN3ND_2018,UKZN,100,2,0.4,0.5263157894736842
ukzn_ISTN3ND_2018,UKZN,0,3,0.5253075216777576,0.5833333333333334
ukzn_ISTN3ND_2018,UKZN,25,3,0.5523049645390071,0.64
ukzn_ISTN3ND_2018,UKZN,50,3,0.5488383119962068,0.6218487394957983
ukzn_ISTN3ND_2018,UKZN,100,3,0.5291666666666667,0.5490196078431373
ukzn_ISTN3ND_2018,UKZN,0,4,0.5253075216777576,0.5833333333333334
ukzn_ISTN3ND_2018,UKZN,25,4,0.4921282798833819,0.5793103448275863
ukzn_ISTN3ND_2018,UKZN,50,4,0.48411569464201043,0.5818181818181818
ukzn_ISTN3ND_2018,UKZN,100,4,0.5277777777777778,0.6415094339622641
ukzn_ISTN3ND_2019,UKZN,0,0,0.7160995429151854,0.7834394904458599
ukzn_ISTN3ND_2019,UKZN,25,0,0.7036019536019537,0.8093645484949833
ukzn_ISTN3ND_2019,UKZN,50,0,0.6706766917293233,0.7953667953667953
ukzn_ISTN3ND_2019,UKZN,100,0,0.5787755102040817,0.8061224489795918
ukzn_ISTN3ND_2019,UKZN,0,1,0.7157186389029964,0.7795527156549521
ukzn_ISTN3ND_2019,UKZN,25,1,0.7309048178613397,0.8376623376623377
ukzn_ISTN3ND_2019,UKZN,50,1,0.7619731800766283,0.8270676691729323
ukzn_ISTN3ND_2019,UKZN,100,1,0.7200720072007201,0.84
ukzn_ISTN3ND_2019,UKZN,0,2,0.7155916708989334,0.7834394904458599
ukzn_ISTN3ND_2019,UKZN,25,2,0.692246835443038,0.785234899328859
ukzn_ISTN3ND_2019,UKZN,50,2,0.6634574693186627,0.8089887640449438
ukzn_ISTN3ND_2019,UKZN,100,2,0.669467787114846,0.8186528497409327
ukzn_ISTN3ND_2019,UKZN,0,3,0.7145759268664297,0.7795527156549521
ukzn_ISTN3ND_2019,UKZN,25,3,0.7022151898734178,0.8108108108108109
ukzn_ISTN3ND_2019,UKZN,50,3,0.6395711500974659,0.8164794007490637
ukzn_ISTN3ND_2019,UKZN,100,3,0.6007137192704203,0.8041237113402062
ukzn_ISTN3ND_2019,UKZN,0,4,0.7144489588623666,0.7795527156549521
ukzn_ISTN3ND_2019,UKZN,25,4,0.6753955696202532,0.8284789644012945
ukzn_ISTN3ND_2019,UKZN,50,4,0.6453416149068323,0.8308823529411765
ukzn_ISTN3ND_2019,UKZN,100,4,0.7033834586466166,0.86
ukzn_ISTN3SA_2018,UKZN,0,0,0.5623123123123124,0.73
ukzn_ISTN3SA_2018,UKZN,25,0,0.5641758241758242,0.7337278106508875
ukzn_ISTN3SA_2018,UKZN,50,0,0.5399543378995433,0.7769784172661871
ukzn_ISTN3SA_2018,UKZN,100,0,0.5714285714285714,0.8450704225352113
ukzn_ISTN3SA_2018,UKZN,0,1,0.5617117117117117,0.73
ukzn_ISTN3SA_2018,UKZN,25,1,0.6395067698259188,0.8
ukzn_ISTN3SA_2018,UKZN,50,1,0.5993640699523052,0.8299319727891157
ukzn_ISTN3SA_2018,UKZN,100,1,0.6892361111111112,0.8253968253968254
ukzn_ISTN3SA_2018,UKZN,0,2,0.5665165165165166,0.73
ukzn_ISTN3SA_2018,UKZN,25,2,0.5608791208791208,0.7485380116959064
ukzn_ISTN3SA_2018,UKZN,50,2,0.6,0.7943262411347518
ukzn_ISTN3SA_2018,UKZN,100,2,0.7430555555555556,0.8484848484848485
ukzn_ISTN3SA_2018,UKZN,0,3,0.5620120120120121,0.73
ukzn_ISTN3SA_2018,UKZN,25,3,0.5726902173913043,0.7471264367816092
ukzn_ISTN3SA_2018,UKZN,50,3,0.5866228070175439,0.7746478873239436
ukzn_ISTN3SA_2018,UKZN,100,3,0.6607142857142857,0.7878787878787878
ukzn_ISTN3SA_2018,UKZN,0,4,0.5626126126126126,0.73
ukzn_ISTN3SA_2018,UKZN,25,4,0.5449709864603481,0.7411764705882353
ukzn_ISTN3SA_2018,UKZN,50,4,0.5330985915492957,0.7121212121212122
ukzn_ISTN3SA_2018,UKZN,100,4,0.7555555555555555,0.9014084507042254
ukzn_ISTN3SA_2019,UKZN,0,0,0.5684705882352941,0.6810035842293907
ukzn_ISTN3SA_2019,UKZN,25,0,0.5893264840182649,0.8345323741007195
ukzn_ISTN3SA_2019,UKZN,50,0,0.5931931575196009,0.8968253968253969
ukzn_ISTN3SA_2019,UKZN,100,0,0.6365461847389559,0.9166666666666666
ukzn_ISTN3SA_2019,UKZN,0,1,0.5696470588235294,0.6903914590747331
ukzn_ISTN3SA_2019,UKZN,25,1,0.5617321867321867,0.8088235294117647
ukzn_ISTN3SA_2019,UKZN,50,1,0.6294838145231845,0.8535564853556485
ukzn_ISTN3SA_2019,UKZN,100,1,0.6244588744588745,0.9132947976878613
ukzn_ISTN3SA_2019,UKZN,0,2,0.5682352941176471,0.6810035842293907
ukzn_ISTN3SA_2019,UKZN,25,2,0.5605022831050228,0.8428571428571429
ukzn_ISTN3SA_2019,UKZN,50,2,0.6113671274961598,0.8984375
ukzn_ISTN3SA_2019,UKZN,100,2,0.6183261183261184,0.9058823529411765
ukzn_ISTN3SA_2019,UKZN,0,3,0.5691764705882353,0.6857142857142857
ukzn_ISTN3SA_2019,UKZN,25,3,0.5993788819875777,0.8827586206896552
ukzn_ISTN3SA_2019,UKZN,50,3,0.5838,0.9105058365758755
ukzn_ISTN3SA_2019,UKZN,100,3,0.4875541125541125,0.9265536723163842
ukzn_ISTN3SA_2019,UKZN,0,4,0.5694117647058824,0.6857142857142857
ukzn_ISTN3SA_2019,UKZN,25,4,0.5191953316953317,0.7669172932330827
ukzn_ISTN3SA_2019,UKZN,50,4,0.49125109361329833,0.825
ukzn_ISTN3SA_2019,UKZN,100,4,0.5973895582329317,0.9112426035502958
