target,target_institution,pool,n_source_cohorts,representation,model,n_target,auc,f1_at_0.5
oulad_BBB_2013B,OULAD,P_in_leave_one_cohort_out,11,raw,gradient_boosting,1767,0.8645658397193099,0.7846410684474123
oulad_BBB_2013B,OULAD,P_out_other_institutions,18,raw,gradient_boosting,1767,0.7745862248931652,0.6603305785123967
oulad_BBB_2013J,OULAD,P_in_leave_one_cohort_out,11,raw,gradient_boosting,2237,0.869406988661841,0.7420172326406488
oulad_BBB_2013J,OULAD,P_out_other_institutions,18,raw,gradient_boosting,2237,0.7273797322400872,0.671090047393365
oulad_BBB_2014B,OULAD,P_in_leave_one_cohort_out,11,raw,gradient_boosting,1613,0.8696248536767879,0.7001499250374813
oulad_BBB_2014B,OULAD,P_out_other_institutions,18,raw,gradient_boosting,1613,0.8284121641552377,0.7601905770248809
oulad_BBB_2014J,OULAD,P_in_leave_one_cohort_out,11,raw,gradient_boosting,2292,0.8677677266081871,0.596056338028169
oulad_BBB_2014J,OULAD,P_out_other_institutions,18,raw,gradient_boosting,2292,0.7069360684697855,0.6851232126559172
oulad_DDD_2013B,OULAD,P_in_leave_one_cohort_out,11,raw,gradient_boosting,1303,0.8386605840318473,0.7311355311355311
oulad_DDD_2013B,OULAD,P_out_other_institutions,18,raw,gradient_boosting,1303,0.7833827856489379,0.599647266313933
oulad_DDD_2013J,OULAD,P_in_leave_one_cohort_out,11,raw,gradient_boosting,1938,0.8646837314177999,0.7766323024054983
oulad_DDD_2013J,OULAD,P_out_other_institutions,18,raw,gradient_boosting,1938,0.796123611943513,0.6233962264150943
oulad_DDD_2014B,OULAD,P_in_leave_one_cohort_out,11,raw,gradient_boosting,1228,0.8635020667779727,0.7624209575429087
oulad_DDD_2014B,OULAD,P_out_other_institutions,18,raw,gradient_boosting,1228,0.794658709873429,0.6025316455696202
oulad_DDD_2014J,OULAD,P_in_leave_one_cohort_out,11,raw,gradient_boosting,1803,0.8528753159687879,0.7584204413472706
oulad_DDD_2014J,OULAD,P_out_other_institutions,18,raw,gradient_boosting,1803,0.7843100890207716,0.6260454002389486
oulad_FFF_2013B,OULAD,P_in_leave_one_cohort_out,11,raw,gradient_boosting,1614,0.8457788215620696,0.778809393773894
oulad_FFF_2013B,OULAD,P_out_other_institutions,18,raw,gradient_boosting,1614,0.7488288166437143,0.6726881720430108
oulad_FFF_2013J,OULAD,P_in_leave_one_cohort_out,11,raw,gradient_boosting,2283,0.8774087911074211,0.8044311887515978
oulad_FFF_2013J,OULAD,P_out_other_institutions,18,raw,gradient_boosting,2283,0.7743519671601864,0.6624242424242425
oulad_FFF_2014B,OULAD,P_in_leave_one_cohort_out,11,raw,gradient_boosting,1500,0.871477396779954,0.7799074686054197
oulad_FFF_2014B,OULAD,P_out_other_institutions,18,raw,gradient_boosting,1500,0.7807057496692476,0.631937682570594
oulad_FFF_2014J,OULAD,P_in_leave_one_cohort_out,11,raw,gradient_boosting,2365,0.9004261787526112,0.8224219084296106
oulad_FFF_2014J,OULAD,P_out_other_institutions,18,raw,gradient_boosting,2365,0.8081897912219085,0.657631113730112
ku_Accountancy_1819,KU Leuven,P_in_leave_one_cohort_out,1,raw,gradient_boosting,756,0.5379451768152332,0.7166979362101313
ku_Accountancy_1819,KU Leuven,P_out_other_institutions,28,raw,gradient_boosting,756,0.5543921322452395,0.8253719655442443
ku_Globaleconom_1819,KU Leuven,P_in_leave_one_cohort_out,1,raw,gradient_boosting,743,0.5825101214574899,0.6307339449541285
ku_Globaleconom_1819,KU Leuven,P_out_other_institutions,28,raw,gradient_boosting,743,0.5926021347073979,0.7177700348432056
ukzn_ISTN101_2019,UKZN,P_in_leave_one_cohort_out,15,raw,gradient_boosting,1056,0.6479388960909453,0.905974025974026
ukzn_ISTN101_2019,UKZN,P_out_other_institutions,14,raw,gradient_boosting,1056,0.6054671918627842,0.8811881188118812
ukzn_ISTN101_2020,UKZN,P_in_leave_one_cohort_out,15,raw,gradient_boosting,978,0.687045539421366,0.801762114537445
ukzn_ISTN101_2020,UKZN,P_out_other_institutions,14,raw,gradient_boosting,978,0.7001493816040948,0.5744843391902216
ukzn_ISTN101_2021,UKZN,P_in_leave_one_cohort_out,15,raw,gradient_boosting,741,0.7000046823055673,0.9541284403669725
ukzn_ISTN101_2021,UKZN,P_out_other_institutions,14,raw,gradient_boosting,741,0.738926347333427,0.9538904899135446
ukzn_ISTN102_2018,UKZN,P_in_leave_one_cohort_out,15,raw,gradient_boosting,257,0.6245331465919701,0.8449438202247191
ukzn_ISTN102_2018,UKZN,P_out_other_institutions,14,raw,gradient_boosting,257,0.6434407096171801,0.6520376175548589
ukzn_ISTN103_2019,UKZN,P_in_leave_one_cohort_out,15,raw,gradient_boosting,1113,0.6209778597785978,0.8442367601246106
ukzn_ISTN103_2019,UKZN,P_out_other_institutions,14,raw,gradient_boosting,1113,0.6381672816728167,0.6642228739002932
ukzn_ISTN103_2020,UKZN,P_in_leave_one_cohort_out,15,raw,gradient_boosting,1082,0.6459062092531811,0.9400196656833825
ukzn_ISTN103_2020,UKZN,P_out_other_institutions,14,raw,gradient_boosting,1082,0.635263702171665,0.6237006237006237
ukzn_ISTN211_2019,UKZN,P_in_leave_one_cohort_out,15,raw,gradient_boosting,280,0.7122403710425489,0.9629629629629629
ukzn_ISTN211_2019,UKZN,P_out_other_institutions,14,raw,gradient_boosting,280,0.6516434765073603,0.9568480300187617
ukzn_ISTN211_2021,UKZN,P_in_leave_one_cohort_out,15,raw,gradient_boosting,327,0.7588235294117648,0.9667194928684627
ukzn_ISTN211_2021,UKZN,P_out_other_institutions,14,raw,gradient_boosting,327,0.8314990512333966,0.8513761467889909
ukzn_ISTN212_2018,UKZN,P_in_leave_one_cohort_out,15,raw,gradient_boosting,238,0.7190135895032802,0.8967136150234741
ukzn_ISTN212_2018,UKZN,P_out_other_institutions,14,raw,gradient_boosting,238,0.7216494845360825,0.7655786350148368
ukzn_ISTN212_2019,UKZN,P_in_leave_one_cohort_out,15,raw,gradient_boosting,264,0.7850707850707851,0.9135802469135802
ukzn_ISTN212_2019,UKZN,P_out_other_institutions,14,raw,gradient_boosting,264,0.6857571857571858,0.7763496143958869
ukzn_ISTN2IP_2018,UKZN,P_in_leave_one_cohort_out,15,raw,gradient_boosting,99,0.7194594594594594,0.8284023668639053
ukzn_ISTN2IP_2018,UKZN,P_out_other_institutions,14,raw,gradient_boosting,99,0.6697297297297298,0.5945945945945946
ukzn_ISTN2IP_2019,UKZN,P_in_leave_one_cohort_out,15,raw,gradient_boosting,116,0.6881087662337663,0.8627450980392157
ukzn_ISTN2IP_2019,UKZN,P_out_other_institutions,14,raw,gradient_boosting,116,0.7372159090909091,0.8775510204081632
ukzn_ISTN3ND_2018,UKZN,P_in_leave_one_cohort_out,15,raw,gradient_boosting,144,0.5751159507965314,0.7532467532467533
ukzn_ISTN3ND_2018,UKZN,P_out_other_institutions,14,raw,gradient_boosting,144,0.49193385763258723,0.593939393939394
ukzn_ISTN3ND_2019,UKZN,P_in_leave_one_cohort_out,15,raw,gradient_boosting,223,0.3312595226003047,0.4296875
ukzn_ISTN3ND_2019,UKZN,P_out_other_institutions,14,raw,gradient_boosting,223,0.625126968004063,0.8516483516483516
ukzn_ISTN3SA_2018,UKZN,P_in_leave_one_cohort_out,15,raw,gradient_boosting,141,0.6165165165165165,0.8809523809523809
ukzn_ISTN3SA_2018,UKZN,P_out_other_institutions,14,raw,gradient_boosting,141,0.6322822822822823,0.8138528138528138
ukzn_ISTN3SA_2019,UKZN,P_in_leave_one_cohort_out,15,raw,gradient_boosting,195,0.5630588235294118,0.9315068493150684
ukzn_ISTN3SA_2019,UKZN,P_out_other_institutions,14,raw,gradient_boosting,195,0.5931764705882353,0.8761329305135952
oulad_BBB_2013B,OULAD,P_in_leave_one_cohort_out,11,raw,logistic_regression,1767,0.8617541584204463,0.7808450704225353
oulad_BBB_2013B,OULAD,P_out_other_institutions,18,raw,logistic_regression,1767,0.5234545764586122,0.5783333333333334
oulad_BBB_2013J,OULAD,P_in_leave_one_cohort_out,11,raw,logistic_regression,2237,0.866321023637179,0.7364185110663984
oulad_BBB_2013J,OULAD,P_out_other_institutions,18,raw,logistic_regression,2237,0.5132630837230159,0.609159347553325
oulad_BBB_2014B,OULAD,P_in_leave_one_cohort_out,11,raw,logistic_regression,1613,0.8672821297828672,0.7302964569775849
oulad_BBB_2014B,OULAD,P_out_other_institutions,18,raw,logistic_regression,1613,0.524649833416651,0.5802413947250782
oulad_BBB_2014J,OULAD,P_in_leave_one_cohort_out,11,raw,logistic_regression,2292,0.8671124969541911,0.7381288199341796
oulad_BBB_2014J,OULAD,P_out_other_institutions,18,raw,logistic_regression,2292,0.5829164382309941,0.6586580720773513
oulad_DDD_2013B,OULAD,P_in_leave_one_cohort_out,11,raw,logistic_regression,1303,0.8418589125435799,0.7147912243453645
oulad_DDD_2013B,OULAD,P_out_other_institutions,18,raw,logistic_regression,1303,0.6602823727221028,0.5472972972972973
oulad_DDD_2013J,OULAD,P_in_leave_one_cohort_out,11,raw,logistic_regression,1938,0.8634932306243142,0.7759615384615385
oulad_DDD_2013J,OULAD,P_out_other_institutions,18,raw,logistic_regression,1938,0.6660256417228924,0.5930783242258653
oulad_DDD_2014B,OULAD,P_in_leave_one_cohort_out,11,raw,logistic_regression,1228,0.8690362376000289,0.7636669470142977
oulad_DDD_2014B,OULAD,P_out_other_institutions,18,raw,logistic_regression,1228,0.6788815149496474,0.557919621749409
oulad_DDD_2014J,OULAD,P_in_leave_one_cohort_out,11,raw,logistic_regression,1803,0.8573844278592053,0.7693989071038252
oulad_DDD_2014J,OULAD,P_out_other_institutions,18,raw,logistic_regression,1803,0.6432512563818202,0.580183048149622
oulad_FFF_2013B,OULAD,P_in_leave_one_cohort_out,11,raw,logistic_regression,1614,0.8413722826086957,0.7689922480620155
oulad_FFF_2013B,OULAD,P_out_other_institutions,18,raw,logistic_regression,1614,0.632229982293921,0.6164021164021164
oulad_FFF_2013J,OULAD,P_in_leave_one_cohort_out,11,raw,logistic_regression,2283,0.8785011453961227,0.8068181818181818
oulad_FFF_2013J,OULAD,P_out_other_institutions,18,raw,logistic_regression,2283,0.6480958750365143,0.6114374034003092
oulad_FFF_2014B,OULAD,P_in_leave_one_cohort_out,11,raw,logistic_regression,1500,0.872040398782542,0.7662740235585865
oulad_FFF_2014B,OULAD,P_out_other_institutions,18,raw,logistic_regression,1500,0.6762277600653552,0.5809842331581462
oulad_FFF_2014J,OULAD,P_in_leave_one_cohort_out,11,raw,logistic_regression,2365,0.901519423019535,0.8311367380560132
oulad_FFF_2014J,OULAD,P_out_other_institutions,18,raw,logistic_regression,2365,0.7013201426669421,0.6141545750666272
ku_Accountancy_1819,KU Leuven,P_in_leave_one_cohort_out,1,raw,logistic_regression,756,0.6522661644695543,0.8156606851549756
ku_Accountancy_1819,KU Leuven,P_out_other_institutions,28,raw,logistic_regression,756,0.6103410755388157,0.8102481985588471
ku_Globaleconom_1819,KU Leuven,P_in_leave_one_cohort_out,1,raw,logistic_regression,743,0.5836069193963931,0.7130124777183601
ku_Globaleconom_1819,KU Leuven,P_out_other_institutions,28,raw,logistic_regression,743,0.6214280456385719,0.7200720072007201
ukzn_ISTN101_2019,UKZN,P_in_leave_one_cohort_out,15,raw,logistic_regression,1056,0.6678612385321101,0.9045643153526971
ukzn_ISTN101_2019,UKZN,P_out_other_institutions,14,raw,logistic_regression,1056,0.6599147387315516,0.8952176249328319
ukzn_ISTN101_2020,UKZN,P_in_leave_one_cohort_out,15,raw,logistic_regression,978,0.7197776850244941,0.9726890756302521
ukzn_ISTN101_2020,UKZN,P_out_other_institutions,14,raw,logistic_regression,978,0.704136552360449,0.7113543091655267
ukzn_ISTN101_2021,UKZN,P_in_leave_one_cohort_out,15,raw,logistic_regression,741,0.8487849417052957,0.9556025369978859
ukzn_ISTN101_2021,UKZN,P_out_other_institutions,14,raw,logistic_regression,741,0.7901390644753475,0.9580668088130775
ukzn_ISTN102_2018,UKZN,P_in_leave_one_cohort_out,15,raw,logistic_regression,257,0.6507158418923125,0.8475336322869955
ukzn_ISTN102_2018,UKZN,P_out_other_institutions,14,raw,logistic_regression,257,0.6555399937752879,0.7837837837837838
ukzn_ISTN103_2019,UKZN,P_in_leave_one_cohort_out,15,raw,logistic_regression,1113,0.6420397703977039,0.8442367601246106
ukzn_ISTN103_2019,UKZN,P_out_other_institutions,14,raw,logistic_regression,1113,0.6599815498154982,0.7840290381125227
ukzn_ISTN103_2020,UKZN,P_in_leave_one_cohort_out,15,raw,logistic_regression,1082,0.6886336046041095,0.9438750610053684
ukzn_ISTN103_2020,UKZN,P_out_other_institutions,14,raw,logistic_regression,1082,0.6502000809316129,0.73125
ukzn_ISTN211_2019,UKZN,P_in_leave_one_cohort_out,15,raw,logistic_regression,280,0.7396652550917523,0.9648798521256932
ukzn_ISTN211_2019,UKZN,P_out_other_institutions,14,raw,logistic_regression,280,0.7209114740875178,0.9628252788104089
ukzn_ISTN211_2021,UKZN,P_in_leave_one_cohort_out,15,raw,logistic_regression,327,0.7721062618595825,0.9733124018838305
ukzn_ISTN211_2021,UKZN,P_out_other_institutions,14,raw,logistic_regression,327,0.8235294117647058,0.9168081494057725
ukzn_ISTN212_2018,UKZN,P_in_leave_one_cohort_out,15,raw,logistic_regression,238,0.7228795688847235,0.8981481481481481
ukzn_ISTN212_2018,UKZN,P_out_other_institutions,14,raw,logistic_regression,238,0.7727858481724461,0.8724489795918368
ukzn_ISTN212_2019,UKZN,P_in_leave_one_cohort_out,15,raw,logistic_regression,264,0.7730587730587731,0.9135802469135802
ukzn_ISTN212_2019,UKZN,P_out_other_institutions,14,raw,logistic_regression,264,0.7388459888459888,0.8584474885844748
ukzn_ISTN2IP_2018,UKZN,P_in_leave_one_cohort_out,15,raw,logistic_regression,99,0.7491891891891891,0.8554913294797688
ukzn_ISTN2IP_2018,UKZN,P_out_other_institutions,14,raw,logistic_regression,99,0.6605405405405405,0.672
ukzn_ISTN2IP_2019,UKZN,P_in_leave_one_cohort_out,15,raw,logistic_regression,116,0.7479707792207793,0.8627450980392157
ukzn_ISTN2IP_2019,UKZN,P_out_other_institutions,14,raw,logistic_regression,116,0.7410714285714286,0.8712871287128713
ukzn_ISTN3ND_2018,UKZN,P_in_leave_one_cohort_out,15,raw,logistic_regression,144,0.5825771324863884,0.7532467532467533
ukzn_ISTN3ND_2018,UKZN,P_out_other_institutions,14,raw,logistic_regression,144,0.5232909860859044,0.6354166666666666
ukzn_ISTN3ND_2019,UKZN,P_in_leave_one_cohort_out,15,raw,logistic_regression,223,0.5898933468765871,0.8822055137844611
ukzn_ISTN3ND_2019,UKZN,P_out_other_institutions,14,raw,logistic_regression,223,0.6936262061960385,0.8691099476439791
ukzn_ISTN3SA_2018,UKZN,P_in_leave_one_cohort_out,15,raw,logistic_regression,141,0.6756756756756758,0.8809523809523809
ukzn_ISTN3SA_2018,UKZN,P_out_other_institutions,14,raw,logistic_regression,141,0.6393393393393393,0.8477366255144033
ukzn_ISTN3SA_2019,UKZN,P_in_leave_one_cohort_out,15,raw,logistic_regression,195,0.5978823529411765,0.9315068493150684
ukzn_ISTN3SA_2019,UKZN,P_out_other_institutions,14,raw,logistic_regression,195,0.6021176470588235,0.9164265129682997
oulad_BBB_2013B,OULAD,P_in_leave_one_cohort_out,11,zscore,gradient_boosting,1767,0.8607936782707998,0.7696693272519954
oulad_BBB_2013B,OULAD,P_out_other_institutions,18,zscore,gradient_boosting,1767,0.7569862496964185,0.6249027237354086
oulad_BBB_2013J,OULAD,P_in_leave_one_cohort_out,11,zscore,gradient_boosting,2237,0.8684753539171097,0.7853260869565217
oulad_BBB_2013J,OULAD,P_out_other_institutions,18,zscore,gradient_boosting,2237,0.7821528089167896,0.6479298881837413
oulad_BBB_2014B,OULAD,P_in_leave_one_cohort_out,11,zscore,gradient_boosting,1613,0.8674459186303216,0.7690305790500976
oulad_BBB_2014B,OULAD,P_out_other_institutions,18,zscore,gradient_boosting,1613,0.8200201204119717,0.6213675213675214
oulad_BBB_2014J,OULAD,P_in_leave_one_cohort_out,11,zscore,gradient_boosting,2292,0.8665562560916181,0.7810283687943262
oulad_BBB_2014J,OULAD,P_out_other_institutions,18,zscore,gradient_boosting,2292,0.8032624421296297,0.6689895470383276
oulad_DDD_2013B,OULAD,P_in_leave_one_cohort_out,11,zscore,gradient_boosting,1303,0.8402467670548673,0.7465135356849877
oulad_DDD_2013B,OULAD,P_out_other_institutions,18,zscore,gradient_boosting,1303,0.7091375516158545,0.5618101545253863
oulad_DDD_2013J,OULAD,P_in_leave_one_cohort_out,11,zscore,gradient_boosting,1938,0.8693837350072495,0.7774158523344191
oulad_DDD_2013J,OULAD,P_out_other_institutions,18,zscore,gradient_boosting,1938,0.8323792286163978,0.5998552821997105
oulad_DDD_2014B,OULAD,P_in_leave_one_cohort_out,11,zscore,gradient_boosting,1228,0.8652371568493552,0.7637362637362637
oulad_DDD_2014B,OULAD,P_out_other_institutions,18,zscore,gradient_boosting,1228,0.8225413982735507,0.5612185120093731
oulad_DDD_2014J,OULAD,P_in_leave_one_cohort_out,11,zscore,gradient_boosting,1803,0.8561186793753559,0.7679738562091504
oulad_DDD_2014J,OULAD,P_out_other_institutions,18,zscore,gradient_boosting,1803,0.7904352626162716,0.6104046242774567
oulad_FFF_2013B,OULAD,P_in_leave_one_cohort_out,11,zscore,gradient_boosting,1614,0.8408996594038952,0.7567901234567901
oulad_FFF_2013B,OULAD,P_out_other_institutions,18,zscore,gradient_boosting,1614,0.7698832198012985,0.6532999164578112
oulad_FFF_2013J,OULAD,P_in_leave_one_cohort_out,11,zscore,gradient_boosting,2283,0.878803253232477,0.7980470483799379
oulad_FFF_2013J,OULAD,P_out_other_institutions,18,zscore,gradient_boosting,2283,0.8401057761788354,0.6483126110124334
oulad_FFF_2014B,OULAD,P_in_leave_one_cohort_out,11,zscore,gradient_boosting,1500,0.872957649236197,0.7720320466132556
oulad_FFF_2014B,OULAD,P_out_other_institutions,18,zscore,gradient_boosting,1500,0.854406597696662,0.6078066914498141
oulad_FFF_2014J,OULAD,P_in_leave_one_cohort_out,11,zscore,gradient_boosting,2365,0.9042586311778344,0.8233261339092872
oulad_FFF_2014J,OULAD,P_out_other_institutions,18,zscore,gradient_boosting,2365,0.8671604199664853,0.6415852958070075
ku_Accountancy_1819,KU Leuven,P_in_leave_one_cohort_out,1,zscore,gradient_boosting,756,0.6049508265327475,0.7286821705426356
ku_Accountancy_1819,KU Leuven,P_out_other_institutions,28,zscore,gradient_boosting,756,0.6091650973006905,0.821681068342498
ku_Globaleconom_1819,KU Leuven,P_in_leave_one_cohort_out,1,zscore,gradient_boosting,743,0.5799705557600294,0.7090047393364929
ku_Globaleconom_1819,KU Leuven,P_out_other_institutions,28,zscore,gradient_boosting,743,0.6228303275671697,0.6774193548387096
ukzn_ISTN101_2019,UKZN,P_in_leave_one_cohort_out,15,zscore,gradient_boosting,1056,0.6570602313522138,0.9022082018927445
ukzn_ISTN101_2019,UKZN,P_out_other_institutions,14,zscore,gradient_boosting,1056,0.616065641204627,0.7225548902195609
ukzn_ISTN101_2020,UKZN,P_in_leave_one_cohort_out,15,zscore,gradient_boosting,978,0.6681861119043958,0.9533512064343164
ukzn_ISTN101_2020,UKZN,P_out_other_institutions,14,zscore,gradient_boosting,978,0.691208453241361,0.6346433770014556
ukzn_ISTN101_2021,UKZN,P_in_leave_one_cohort_out,15,zscore,gradient_boosting,741,0.7812778011893057,0.9382899628252788
ukzn_ISTN101_2021,UKZN,P_out_other_institutions,14,zscore,gradient_boosting,741,0.6854310062274664,0.2131578947368421
ukzn_ISTN102_2018,UKZN,P_in_leave_one_cohort_out,15,zscore,gradient_boosting,257,0.6611033302209773,0.8475336322869955
ukzn_ISTN102_2018,UKZN,P_out_other_institutions,14,zscore,gradient_boosting,257,0.6413398692810457,0.6298701298701299
ukzn_ISTN103_2019,UKZN,P_in_leave_one_cohort_out,15,zscore,gradient_boosting,1113,0.6657708077080771,0.8408376963350785
ukzn_ISTN103_2019,UKZN,P_out_other_institutions,14,zscore,gradient_boosting,1113,0.6518655186551865,0.7233757535164099
ukzn_ISTN103_2020,UKZN,P_in_leave_one_cohort_out,15,zscore,gradient_boosting,1082,0.6858639449665034,0.9438750610053684
ukzn_ISTN103_2020,UKZN,P_out_other_institutions,14,zscore,gradient_boosting,1082,0.6574884222831708,0.6243969676085458
ukzn_ISTN211_2019,UKZN,P_in_leave_one_cohort_out,15,zscore,gradient_boosting,280,0.7956241177656785,0.9607476635514018
ukzn_ISTN211_2019,UKZN,P_out_other_institutions,14,zscore,gradient_boosting,280,0.6107078039927404,0.15492957746478872
ukzn_ISTN211_2021,UKZN,P_in_leave_one_cohort_out,15,zscore,gradient_boosting,327,0.7844402277039848,0.9733124018838305
ukzn_ISTN211_2021,UKZN,P_out_other_institutions,14,zscore,gradient_boosting,327,0.8008538899430739,0.7107438016528925
ukzn_ISTN212_2018,UKZN,P_in_leave_one_cohort_out,15,zscore,gradient_boosting,238,0.7722000937207123,0.8981481481481481
ukzn_ISTN212_2018,UKZN,P_out_other_institutions,14,zscore,gradient_boosting,238,0.7556232427366448,0.7439024390243902
ukzn_ISTN212_2019,UKZN,P_in_leave_one_cohort_out,15,zscore,gradient_boosting,264,0.7555233805233806,0.9173553719008265
ukzn_ISTN212_2019,UKZN,P_out_other_institutions,14,zscore,gradient_boosting,264,0.7132668382668383,0.6139817629179332
ukzn_ISTN2IP_2018,UKZN,P_in_leave_one_cohort_out,15,zscore,gradient_boosting,99,0.6972972972972973,0.8554913294797688
ukzn_ISTN2IP_2018,UKZN,P_out_other_institutions,14,zscore,gradient_boosting,99,0.6624324324324324,0.5871559633027523
ukzn_ISTN2IP_2019,UKZN,P_in_leave_one_cohort_out,15,zscore,gradient_boosting,116,0.7142857142857143,0.8669950738916257
ukzn_ISTN2IP_2019,UKZN,P_out_other_institutions,14,zscore,gradient_boosting,116,0.577922077922078,0.20408163265306123
ukzn_ISTN3ND_2018,UKZN,P_in_leave_one_cohort_out,15,zscore,gradient_boosting,144,0.5765275257108288,0.7478260869565218
ukzn_ISTN3ND_2018,UKZN,P_out_other_institutions,14,zscore,gradient_boosting,144,0.5060496067755597,0.4827586206896552
ukzn_ISTN3ND_2019,UKZN,P_in_leave_one_cohort_out,15,zscore,gradient_boosting,223,0.6571863890299645,0.8872180451127819
ukzn_ISTN3ND_2019,UKZN,P_out_other_institutions,14,zscore,gradient_boosting,223,0.7006094464195023,0.6807017543859649
ukzn_ISTN3SA_2018,UKZN,P_in_leave_one_cohort_out,15,zscore,gradient_boosting,141,0.6824324324324323,0.8844621513944223
ukzn_ISTN3SA_2018,UKZN,P_out_other_institutions,14,zscore,gradient_boosting,141,0.5753753753753753,0.651685393258427
ukzn_ISTN3SA_2019,UKZN,P_in_leave_one_cohort_out,15,zscore,gradient_boosting,195,0.6203529411764706,0.931129476584022
ukzn_ISTN3SA_2019,UKZN,P_out_other_institutions,14,zscore,gradient_boosting,195,0.5941176470588235,0.6788321167883211
oulad_BBB_2013B,OULAD,P_in_leave_one_cohort_out,11,zscore,logistic_regression,1767,0.861117283216982,0.7842914058053501
oulad_BBB_2013B,OULAD,P_out_other_institutions,18,zscore,logistic_regression,1767,0.8340339391183477,0.6249027237354086
oulad_BBB_2013J,OULAD,P_in_leave_one_cohort_out,11,zscore,logistic_regression,2237,0.865422618666325,0.7748251748251749
oulad_BBB_2013J,OULAD,P_out_other_institutions,18,zscore,logistic_regression,2237,0.8331577093075395,0.6479298881837413
oulad_BBB_2014B,OULAD,P_in_leave_one_cohort_out,11,zscore,logistic_regression,1613,0.8668877945482378,0.7777057679844459
oulad_BBB_2014B,OULAD,P_out_other_institutions,18,zscore,logistic_regression,1613,0.8399767435361625,0.6213675213675214
oulad_BBB_2014J,OULAD,P_in_leave_one_cohort_out,11,zscore,logistic_regression,2292,0.8655606572855752,0.7902187902187903
oulad_BBB_2014J,OULAD,P_out_other_institutions,18,zscore,logistic_regression,2292,0.8383044742933724,0.6689895470383276
oulad_DDD_2013B,OULAD,P_in_leave_one_cohort_out,11,zscore,logistic_regression,1303,0.8409959696362781,0.739329268292683
oulad_DDD_2013B,OULAD,P_out_other_institutions,18,zscore,logistic_regression,1303,0.8236258437801349,0.5626034197462769
oulad_DDD_2013J,OULAD,P_in_leave_one_cohort_out,11,zscore,logistic_regression,1938,0.8636433348815101,0.7826520438683948
oulad_DDD_2013J,OULAD,P_out_other_institutions,18,zscore,logistic_regression,1938,0.8479552645805075,0.5992049150704735
oulad_DDD_2014B,OULAD,P_in_leave_one_cohort_out,11,zscore,logistic_regression,1228,0.86413338870756,0.7651579846285226
oulad_DDD_2014B,OULAD,P_out_other_institutions,18,zscore,logistic_regression,1228,0.8396637409378128,0.5612185120093731
oulad_DDD_2014J,OULAD,P_in_leave_one_cohort_out,11,zscore,logistic_regression,1803,0.8584022719779396,0.7681239623685667
oulad_DDD_2014J,OULAD,P_out_other_institutions,18,zscore,logistic_regression,1803,0.841507308495439,0.6104046242774567
oulad_FFF_2013B,OULAD,P_in_leave_one_cohort_out,11,zscore,logistic_regression,1614,0.8456819914420618,0.7770626097132827
oulad_FFF_2013B,OULAD,P_out_other_institutions,18,zscore,logistic_regression,1614,0.8250218252016526,0.6527545909849749
oulad_FFF_2013J,OULAD,P_in_leave_one_cohort_out,11,zscore,logistic_regression,2283,0.8783074273941853,0.8052946199829206
oulad_FFF_2013J,OULAD,P_out_other_institutions,18,zscore,logistic_regression,2283,0.8501506695570623,0.6483126110124334
oulad_FFF_2014B,OULAD,P_in_leave_one_cohort_out,11,zscore,logistic_regression,1500,0.8757202449375004,0.7869940278699403
oulad_FFF_2014B,OULAD,P_out_other_institutions,18,zscore,logistic_regression,1500,0.8500950687169698,0.6072423398328691
oulad_FFF_2014J,OULAD,P_in_leave_one_cohort_out,11,zscore,logistic_regression,2365,0.9053034541927782,0.8325041459369817
oulad_FFF_2014J,OULAD,P_out_other_institutions,18,zscore,logistic_regression,2365,0.885768527764387,0.6415852958070075
ku_Accountancy_1819,KU Leuven,P_in_leave_one_cohort_out,1,zscore,logistic_regression,756,0.6561581920903955,0.7894273127753304
ku_Accountancy_1819,KU Leuven,P_out_other_institutions,28,zscore,logistic_regression,756,0.6298932831136221,0.7705069124423963
ku_Globaleconom_1819,KU Leuven,P_in_leave_one_cohort_out,1,zscore,logistic_regression,743,0.610518954729481,0.7120418848167539
ku_Globaleconom_1819,KU Leuven,P_out_other_institutions,28,zscore,logistic_regression,743,0.6213397129186602,0.668141592920354
ukzn_ISTN101_2019,UKZN,P_in_leave_one_cohort_out,15,zscore,logistic_regression,1056,0.6798588950937376,0.905876235049402
ukzn_ISTN101_2019,UKZN,P_out_other_institutions,14,zscore,logistic_regression,1056,0.6676991922616673,0.6430155210643016
ukzn_ISTN101_2020,UKZN,P_in_leave_one_cohort_out,15,zscore,logistic_regression,978,0.7541354539663013,0.9726890756302521
ukzn_ISTN101_2020,UKZN,P_out_other_institutions,14,zscore,logistic_regression,978,0.7277739944201579,0.6547277936962751
ukzn_ISTN101_2021,UKZN,P_in_leave_one_cohort_out,15,zscore,logistic_regression,741,0.795359835182844,0.9554770318021202
ukzn_ISTN101_2021,UKZN,P_out_other_institutions,14,zscore,logistic_regression,741,0.7849182937678513,0.6089613034623218
ukzn_ISTN102_2018,UKZN,P_in_leave_one_cohort_out,15,zscore,logistic_regression,257,0.6716464363523187,0.8475336322869955
ukzn_ISTN102_2018,UKZN,P_out_other_institutions,14,zscore,logistic_regression,257,0.6521942110177404,0.6770186335403726
ukzn_ISTN103_2019,UKZN,P_in_leave_one_cohort_out,15,zscore,logistic_regression,1113,0.664270192701927,0.8442367601246106
ukzn_ISTN103_2019,UKZN,P_out_other_institutions,14,zscore,logistic_regression,1113,0.6596125461254613,0.6927453769559033
ukzn_ISTN103_2020,UKZN,P_in_leave_one_cohort_out,15,zscore,logistic_regression,1082,0.6944067263162628,0.9438750610053684
ukzn_ISTN103_2020,UKZN,P_out_other_institutions,14,zscore,logistic_regression,1082,0.6630951845690392,0.6513513513513514
ukzn_ISTN211_2019,UKZN,P_in_leave_one_cohort_out,15,zscore,logistic_regression,280,0.7664851784633998,0.9666666666666667
ukzn_ISTN211_2019,UKZN,P_out_other_institutions,14,zscore,logistic_regression,280,0.7263561201855213,0.5056818181818182
ukzn_ISTN211_2021,UKZN,P_in_leave_one_cohort_out,15,zscore,logistic_regression,327,0.8024667931688805,0.9733124018838305
ukzn_ISTN211_2021,UKZN,P_out_other_institutions,14,zscore,logistic_regression,327,0.798292220113852,0.6680942184154176
ukzn_ISTN212_2018,UKZN,P_in_leave_one_cohort_out,15,zscore,logistic_regression,238,0.7647024367385191,0.8981481481481481
ukzn_ISTN212_2018,UKZN,P_out_other_institutions,14,zscore,logistic_regression,238,0.7767689784442361,0.7156549520766773
ukzn_ISTN212_2019,UKZN,P_in_leave_one_cohort_out,15,zscore,logistic_regression,264,0.7778850278850279,0.9173553719008265
ukzn_ISTN212_2019,UKZN,P_out_other_institutions,14,zscore,logistic_regression,264,0.7406692406692408,0.6934097421203438
ukzn_ISTN2IP_2018,UKZN,P_in_leave_one_cohort_out,15,zscore,logistic_regression,99,0.7210810810810812,0.8554913294797688
ukzn_ISTN2IP_2018,UKZN,P_out_other_institutions,14,zscore,logistic_regression,99,0.6518918918918919,0.5964912280701754
ukzn_ISTN2IP_2019,UKZN,P_in_leave_one_cohort_out,15,zscore,logistic_regression,116,0.7495941558441559,0.8627450980392157
ukzn_ISTN2IP_2019,UKZN,P_out_other_institutions,14,zscore,logistic_regression,116,0.7252435064935064,0.5909090909090909
ukzn_ISTN3ND_2018,UKZN,P_in_leave_one_cohort_out,15,zscore,logistic_regression,144,0.5950796531558782,0.7532467532467533
ukzn_ISTN3ND_2018,UKZN,P_out_other_institutions,14,zscore,logistic_regression,144,0.5444646098003629,0.5822784810126582
ukzn_ISTN3ND_2019,UKZN,P_in_leave_one_cohort_out,15,zscore,logistic_regression,223,0.6771203656678517,0.8927680798004988
ukzn_ISTN3ND_2019,UKZN,P_out_other_institutions,14,zscore,logistic_regression,223,0.7058151345860842,0.7186440677966102
ukzn_ISTN3SA_2018,UKZN,P_in_leave_one_cohort_out,15,zscore,logistic_regression,141,0.6939939939939941,0.8809523809523809
ukzn_ISTN3SA_2018,UKZN,P_out_other_institutions,14,zscore,logistic_regression,141,0.6324324324324324,0.6035502958579881
ukzn_ISTN3SA_2019,UKZN,P_in_leave_one_cohort_out,15,zscore,logistic_regression,195,0.6098823529411764,0.9315068493150684
ukzn_ISTN3SA_2019,UKZN,P_out_other_institutions,14,zscore,logistic_regression,195,0.6087058823529412,0.6015625
oulad_BBB_2013B,OULAD,P_in_leave_one_cohort_out,11,percentile,gradient_boosting,1767,0.86560318411765,0.7757225433526012
oulad_BBB_2013B,OULAD,P_out_other_institutions,18,percentile,gradient_boosting,1767,0.7901651224919001,0.6249027237354086
oulad_BBB_2013J,OULAD,P_in_leave_one_cohort_out,11,percentile,gradient_boosting,2237,0.8697404874767793,0.7763217352010845
oulad_BBB_2013J,OULAD,P_out_other_institutions,18,percentile,gradient_boosting,2237,0.8231695599256935,0.6479298881837413
oulad_BBB_2014B,OULAD,P_in_leave_one_cohort_out,11,percentile,gradient_boosting,1613,0.8679139976588287,0.7742346938775511
oulad_BBB_2014B,OULAD,P_out_other_institutions,18,percentile,gradient_boosting,1613,0.8191398523882121,0.6213675213675214
oulad_BBB_2014J,OULAD,P_in_leave_one_cohort_out,11,percentile,gradient_boosting,2292,0.8658911275584795,0.7716049382716049
oulad_BBB_2014J,OULAD,P_out_other_institutions,18,percentile,gradient_boosting,2292,0.8105560124269008,0.6689895470383276
oulad_DDD_2013B,OULAD,P_in_leave_one_cohort_out,11,percentile,gradient_boosting,1303,0.8405546077195065,0.7354627354627354
oulad_DDD_2013B,OULAD,P_out_other_institutions,18,percentile,gradient_boosting,1303,0.756088816358826,0.5626034197462769
oulad_DDD_2013J,OULAD,P_in_leave_one_cohort_out,11,percentile,gradient_boosting,1938,0.8685005128562123,0.7784877529286475
oulad_DDD_2013J,OULAD,P_out_other_institutions,18,percentile,gradient_boosting,1938,0.8284792372093226,0.5992049150704735
oulad_DDD_2014B,OULAD,P_in_leave_one_cohort_out,11,percentile,gradient_boosting,1228,0.8685247692817981,0.7658058771148709
oulad_DDD_2014B,OULAD,P_out_other_institutions,18,percentile,gradient_boosting,1228,0.8020673354312361,0.5612185120093731
oulad_DDD_2014J,OULAD,P_in_leave_one_cohort_out,11,percentile,gradient_boosting,1803,0.8579739032261289,0.7533843437316068
oulad_DDD_2014J,OULAD,P_out_other_institutions,18,percentile,gradient_boosting,1803,0.8212097483239917,0.6104046242774567
oulad_FFF_2013B,OULAD,P_in_leave_one_cohort_out,11,percentile,gradient_boosting,1614,0.8326291375663979,0.7464968152866241
oulad_FFF_2013B,OULAD,P_out_other_institutions,18,percentile,gradient_boosting,1614,0.6616663387763132,0.6527545909849749
oulad_FFF_2013J,OULAD,P_in_leave_one_cohort_out,11,percentile,gradient_boosting,2283,0.8800124533001247,0.7958910227780259
oulad_FFF_2013J,OULAD,P_out_other_institutions,18,percentile,gradient_boosting,2283,0.8311413218947465,0.6483126110124334
oulad_FFF_2014B,OULAD,P_in_leave_one_cohort_out,11,percentile,gradient_boosting,1500,0.8761838404869831,0.7791107974594214
oulad_FFF_2014B,OULAD,P_out_other_institutions,18,percentile,gradient_boosting,1500,0.8446719948525531,0.6072423398328691
oulad_FFF_2014J,OULAD,P_in_leave_one_cohort_out,11,percentile,gradient_boosting,2365,0.9038124383077382,0.8262548262548263
oulad_FFF_2014J,OULAD,P_out_other_institutions,18,percentile,gradient_boosting,2365,0.8385183527305282,0.6415852958070075
ku_Accountancy_1819,KU Leuven,P_in_leave_one_cohort_out,1,percentile,gradient_boosting,756,0.5611173885750157,0.704031465093412
ku_Accountancy_1819,KU Leuven,P_out_other_institutions,28,percentile,gradient_boosting,756,0.6198786356978447,0.8251748251748252
ku_Globaleconom_1819,KU Leuven,P_in_leave_one_cohort_out,1,percentile,gradient_boosting,743,0.5495472948104526,0.7132075471698113
ku_Globaleconom_1819,KU Leuven,P_out_other_institutions,28,percentile,gradient_boosting,743,0.6069451601030549,0.7155322862129145
ukzn_ISTN101_2019,UKZN,P_in_leave_one_cohort_out,15,percentile,gradient_boosting,1056,0.6649194754686877,0.8949044585987261
ukzn_ISTN101_2019,UKZN,P_out_other_institutions,14,percentile,gradient_boosting,1056,0.6193564270043878,0.7856257744733581
ukzn_ISTN101_2020,UKZN,P_in_leave_one_cohort_out,15,percentile,gradient_boosting,978,0.7089255508446651,0.9688325409403064
ukzn_ISTN101_2020,UKZN,P_out_other_institutions,14,percentile,gradient_boosting,978,0.6887590342918652,0.6916666666666667
ukzn_ISTN101_2021,UKZN,P_in_leave_one_cohort_out,15,percentile,gradient_boosting,741,0.7778714238891231,0.953998584571833
ukzn_ISTN101_2021,UKZN,P_out_other_institutions,14,percentile,gradient_boosting,741,0.7248911363955612,0.8231349538977368
ukzn_ISTN102_2018,UKZN,P_in_leave_one_cohort_out,15,percentile,gradient_boosting,257,0.5445845004668534,0.8348623853211009
ukzn_ISTN102_2018,UKZN,P_out_other_institutions,14,percentile,gradient_boosting,257,0.6208761282290693,0.7277936962750716
ukzn_ISTN103_2019,UKZN,P_in_leave_one_cohort_out,15,percentile,gradient_boosting,1113,0.6333005330053301,0.8374801482265749
ukzn_ISTN103_2019,UKZN,P_out_other_institutions,14,percentile,gradient_boosting,1113,0.6479991799918,0.7099447513812155
ukzn_ISTN103_2020,UKZN,P_in_leave_one_cohort_out,15,percentile,gradient_boosting,1082,0.6787329706398093,0.9438750610053684
ukzn_ISTN103_2020,UKZN,P_out_other_institutions,14,percentile,gradient_boosting,1082,0.6436536126972707,0.636986301369863
ukzn_ISTN211_2019,UKZN,P_in_leave_one_cohort_out,15,percentile,gradient_boosting,280,0.7512603347449083,0.9511278195488722
ukzn_ISTN211_2019,UKZN,P_out_other_institutions,14,percentile,gradient_boosting,280,0.6546682798951402,0.8043956043956044
ukzn_ISTN211_2021,UKZN,P_in_leave_one_cohort_out,15,percentile,gradient_boosting,327,0.7877609108159392,0.9716981132075472
ukzn_ISTN211_2021,UKZN,P_out_other_institutions,14,percentile,gradient_boosting,327,0.8203984819734345,0.7357723577235772
ukzn_ISTN212_2018,UKZN,P_in_leave_one_cohort_out,15,percentile,gradient_boosting,238,0.7712043111527649,0.8988235294117647
ukzn_ISTN212_2018,UKZN,P_out_other_institutions,14,percentile,gradient_boosting,238,0.7340089034676663,0.7683284457478006
ukzn_ISTN212_2019,UKZN,P_in_leave_one_cohort_out,15,percentile,gradient_boosting,264,0.7271557271557272,0.907563025210084
ukzn_ISTN212_2019,UKZN,P_out_other_institutions,14,percentile,gradient_boosting,264,0.6664521664521665,0.7354497354497355
ukzn_ISTN2IP_2018,UKZN,P_in_leave_one_cohort_out,15,percentile,gradient_boosting,99,0.6891891891891893,0.8554913294797688
ukzn_ISTN2IP_2018,UKZN,P_out_other_institutions,14,percentile,gradient_boosting,99,0.6799999999999999,0.7154471544715447
ukzn_ISTN2IP_2019,UKZN,P_in_leave_one_cohort_out,15,percentile,gradient_boosting,116,0.7349837662337663,0.8712871287128713
ukzn_ISTN2IP_2019,UKZN,P_out_other_institutions,14,percentile,gradient_boosting,116,0.6383928571428572,0.7586206896551724
ukzn_ISTN3ND_2018,UKZN,P_in_leave_one_cohort_out,15,percentile,gradient_boosting,144,0.6110102843315185,0.7532467532467533
ukzn_ISTN3ND_2018,UKZN,P_out_other_institutions,14,percentile,gradient_boosting,144,0.5257108287961283,0.5833333333333334
ukzn_ISTN3ND_2019,UKZN,P_in_leave_one_cohort_out,15,percentile,gradient_boosting,223,0.6785170137125444,0.8872180451127819
ukzn_ISTN3ND_2019,UKZN,P_out_other_institutions,14,percentile,gradient_boosting,223,0.7145759268664297,0.7795527156549521
ukzn_ISTN3SA_2018,UKZN,P_in_leave_one_cohort_out,15,percentile,gradient_boosting,141,0.6765765765765765,0.8870967741935484
ukzn_ISTN3SA_2018,UKZN,P_out_other_institutions,14,percentile,gradient_boosting,141,0.5653153153153153,0.73
ukzn_ISTN3SA_2019,UKZN,P_in_leave_one_cohort_out,15,percentile,gradient_boosting,195,0.5956470588235294,0.9340659340659341
ukzn_ISTN3SA_2019,UKZN,P_out_other_institutions,14,percentile,gradient_boosting,195,0.5694117647058824,0.6903914590747331
oulad_BBB_2013B,OULAD,P_in_leave_one_cohort_out,11,percentile,logistic_regression,1767,0.8557199919389427,0.7717842323651453
oulad_BBB_2013B,OULAD,P_out_other_institutions,18,percentile,logistic_regression,1767,0.8367868418740925,0.6249027237354086
oulad_BBB_2013J,OULAD,P_in_leave_one_cohort_out,11,percentile,logistic_regression,2237,0.865829383127282,0.7706161137440758
oulad_BBB_2013J,OULAD,P_out_other_institutions,18,percentile,logistic_regression,2237,0.8318229133303441,0.6479298881837413
oulad_BBB_2014B,OULAD,P_in_leave_one_cohort_out,11,percentile,logistic_regression,1613,0.8638961252681946,0.7620320855614974
oulad_BBB_2014B,OULAD,P_out_other_institutions,18,percentile,logistic_regression,1613,0.8394100806989979,0.6213675213675214
oulad_BBB_2014J,OULAD,P_in_leave_one_cohort_out,11,percentile,logistic_regression,2292,0.8639715064571152,0.7854001759014951
oulad_BBB_2014J,OULAD,P_out_other_institutions,18,percentile,logistic_regression,2292,0.8333786397417154,0.6689895470383276
oulad_DDD_2013B,OULAD,P_in_leave_one_cohort_out,11,percentile,logistic_regression,1303,0.8408748114630468,0.7346600331674958
oulad_DDD_2013B,OULAD,P_out_other_institutions,18,percentile,logistic_regression,1303,0.8239794278367083,0.5626034197462769
oulad_DDD_2013J,OULAD,P_in_leave_one_cohort_out,11,percentile,logistic_regression,1938,0.8625142898165137,0.771836950767602
oulad_DDD_2013J,OULAD,P_out_other_institutions,18,percentile,logistic_regression,1938,0.8460082600849939,0.5992049150704735
oulad_DDD_2014B,OULAD,P_in_leave_one_cohort_out,11,percentile,logistic_regression,1228,0.8694153094871102,0.7588785046728972
oulad_DDD_2014B,OULAD,P_out_other_institutions,18,percentile,logistic_regression,1228,0.8388749369374894,0.5612185120093731
oulad_DDD_2014J,OULAD,P_in_leave_one_cohort_out,11,percentile,logistic_regression,1803,0.8548429397835926,0.7584204413472706
oulad_DDD_2014J,OULAD,P_out_other_institutions,18,percentile,logistic_regression,1803,0.8402596688946837,0.6104046242774567
oulad_FFF_2013B,OULAD,P_in_leave_one_cohort_out,11,percentile,logistic_regression,1614,0.8285860958095613,0.7670731707317073
oulad_FFF_2013B,OULAD,P_out_other_institutions,18,percentile,logistic_regression,1614,0.8319628541215817,0.6527545909849749
oulad_FFF_2013J,OULAD,P_in_leave_one_cohort_out,11,percentile,logistic_regression,2283,0.8717540703842075,0.7914247431889236
oulad_FFF_2013J,OULAD,P_out_other_institutions,18,percentile,logistic_regression,2283,0.8538905032055717,0.6483126110124334
oulad_FFF_2014B,OULAD,P_in_leave_one_cohort_out,11,percentile,logistic_regression,1500,0.8702781934774908,0.7741487143849896
oulad_FFF_2014B,OULAD,P_out_other_institutions,18,percentile,logistic_regression,1500,0.8541616963440114,0.6072423398328691
oulad_FFF_2014J,OULAD,P_in_leave_one_cohort_out,11,percentile,logistic_regression,2365,0.9015014892225054,0.8204683434518647
oulad_FFF_2014J,OULAD,P_out_other_institutions,18,percentile,logistic_regression,2365,0.8894628899524827,0.6415852958070075
ku_Accountancy_1819,KU Leuven,P_in_leave_one_cohort_out,1,percentile,logistic_regression,756,0.6397781962753715,0.7633302151543498
ku_Accountancy_1819,KU Leuven,P_out_other_institutions,28,percentile,logistic_regression,756,0.6263862732789287,0.7476280834914611
ku_Globaleconom_1819,KU Leuven,P_in_leave_one_cohort_out,1,percentile,logistic_regression,743,0.6163268310636731,0.7179930795847751
ku_Globaleconom_1819,KU Leuven,P_out_other_institutions,28,percentile,logistic_regression,743,0.6171586308428414,0.6805708013172338
ukzn_ISTN101_2019,UKZN,P_in_leave_one_cohort_out,15,percentile,logistic_regression,1056,0.6768735041882727,0.9045643153526971
ukzn_ISTN101_2019,UKZN,P_out_other_institutions,14,percentile,logistic_regression,1056,0.6573157658556044,0.6437956204379562
ukzn_ISTN101_2020,UKZN,P_in_leave_one_cohort_out,15,percentile,logistic_regression,978,0.7432613519035169,0.9743051914001049
ukzn_ISTN101_2020,UKZN,P_out_other_institutions,14,percentile,logistic_regression,978,0.7135607741481953,0.6386066763425254
ukzn_ISTN101_2021,UKZN,P_in_leave_one_cohort_out,15,percentile,logistic_regression,741,0.8092662827176103,0.9556025369978859
ukzn_ISTN101_2021,UKZN,P_out_other_institutions,14,percentile,logistic_regression,741,0.7673128248349487,0.6307385229540918
ukzn_ISTN102_2018,UKZN,P_in_leave_one_cohort_out,15,percentile,logistic_regression,257,0.6679116090880797,0.8475336322869955
ukzn_ISTN102_2018,UKZN,P_out_other_institutions,14,percentile,logistic_regression,257,0.6483815748521631,0.6582278481012658
ukzn_ISTN103_2019,UKZN,P_in_leave_one_cohort_out,15,percentile,logistic_regression,1113,0.6700020500205002,0.8442367601246106
ukzn_ISTN103_2019,UKZN,P_out_other_institutions,14,percentile,logistic_regression,1113,0.6556191061910619,0.683982683982684
ukzn_ISTN103_2020,UKZN,P_in_leave_one_cohort_out,15,percentile,logistic_regression,1082,0.6977788768490625,0.9438750610053684
ukzn_ISTN103_2020,UKZN,P_out_other_institutions,14,percentile,logistic_regression,1082,0.6565307315318556,0.6631087391594396
ukzn_ISTN211_2019,UKZN,P_in_leave_one_cohort_out,15,percentile,logistic_regression,280,0.7739463601532568,0.9648798521256932
ukzn_ISTN211_2019,UKZN,P_out_other_institutions,14,percentile,logistic_regression,280,0.7372454123815285,0.5683060109289617
ukzn_ISTN211_2021,UKZN,P_in_leave_one_cohort_out,15,percentile,logistic_regression,327,0.807020872865275,0.9733124018838305
ukzn_ISTN211_2021,UKZN,P_out_other_institutions,14,percentile,logistic_regression,327,0.7998102466793169,0.6680942184154176
ukzn_ISTN212_2018,UKZN,P_in_leave_one_cohort_out,15,percentile,logistic_regression,238,0.7606021555763823,0.8981481481481481
ukzn_ISTN212_2018,UKZN,P_out_other_institutions,14,percentile,logistic_regression,238,0.765288191190253,0.7156549520766773
ukzn_ISTN212_2019,UKZN,P_in_leave_one_cohort_out,15,percentile,logistic_regression,264,0.763942513942514,0.9135802469135802
ukzn_ISTN212_2019,UKZN,P_out_other_institutions,14,percentile,logistic_regression,264,0.7363792363792363,0.68
ukzn_ISTN2IP_2018,UKZN,P_in_leave_one_cohort_out,15,percentile,logistic_regression,99,0.7205405405405405,0.8554913294797688
ukzn_ISTN2IP_2018,UKZN,P_out_other_institutions,14,percentile,logistic_regression,99,0.6470270270270271,0.5964912280701754
ukzn_ISTN2IP_2019,UKZN,P_in_leave_one_cohort_out,15,percentile,logistic_regression,116,0.75,0.8627450980392157
ukzn_ISTN2IP_2019,UKZN,P_out_other_institutions,14,percentile,logistic_regression,116,0.6862824675324676,0.5606060606060606
ukzn_ISTN3ND_2018,UKZN,P_in_leave_one_cohort_out,15,percentile,logistic_regression,144,0.5948779995966929,0.7532467532467533
ukzn_ISTN3ND_2018,UKZN,P_out_other_institutions,14,percentile,logistic_regression,144,0.5273240572696108,0.5660377358490566
ukzn_ISTN3ND_2019,UKZN,P_in_leave_one_cohort_out,15,percentile,logistic_regression,223,0.6750888776028441,0.8905472636815921
ukzn_ISTN3ND_2019,UKZN,P_out_other_institutions,14,percentile,logistic_regression,223,0.7370492635855764,0.7191780821917808
ukzn_ISTN3SA_2018,UKZN,P_in_leave_one_cohort_out,15,percentile,logistic_regression,141,0.7015015015015015,0.8809523809523809
ukzn_ISTN3SA_2018,UKZN,P_out_other_institutions,14,percentile,logistic_regression,141,0.5846846846846847,0.6483516483516484
ukzn_ISTN3SA_2019,UKZN,P_in_leave_one_cohort_out,15,percentile,logistic_regression,195,0.6216470588235294,0.9315068493150684
ukzn_ISTN3SA_2019,UKZN,P_out_other_institutions,14,percentile,logistic_regression,195,0.5905882352941176,0.6206896551724138
