cohort_id,institution,n_students,seed,pair,tau,jaccard_top3
oulad_AAA_2013J,OULAD,383,0,drop_column vs permutation,-0.33333333333333337,0.2
oulad_AAA_2013J,OULAD,383,0,drop_column vs shap,-0.23809523809523814,0.5
oulad_AAA_2013J,OULAD,383,0,permutation vs shap,0.5238095238095238,0.5
oulad_AAA_2013J,OULAD,383,1,drop_column vs permutation,0.14285714285714288,0.2
oulad_AAA_2013J,OULAD,383,1,drop_column vs shap,-0.33333333333333337,0.0
oulad_AAA_2013J,OULAD,383,1,permutation vs shap,0.33333333333333337,0.5
oulad_AAA_2013J,OULAD,383,2,drop_column vs permutation,0.04761904761904762,0.2
oulad_AAA_2013J,OULAD,383,2,drop_column vs shap,-0.14285714285714288,0.2
oulad_AAA_2013J,OULAD,383,2,permutation vs shap,0.6190476190476191,1.0
oulad_AAA_2014J,OULAD,365,0,drop_column vs permutation,0.14285714285714288,0.2
oulad_AAA_2014J,OULAD,365,0,drop_column vs shap,0.04761904761904762,0.2
oulad_AAA_2014J,OULAD,365,0,permutation vs shap,0.33333333333333337,1.0
oulad_AAA_2014J,OULAD,365,1,drop_column vs permutation,-0.04761904761904762,0.2
oulad_AAA_2014J,OULAD,365,1,drop_column vs shap,0.23809523809523814,0.2
oulad_AAA_2014J,OULAD,365,1,permutation vs shap,0.5238095238095238,0.5
oulad_AAA_2014J,OULAD,365,2,drop_column vs permutation,0.04761904761904762,0.2
oulad_AAA_2014J,OULAD,365,2,drop_column vs shap,0.04761904761904762,0.2
oulad_AAA_2014J,OULAD,365,2,permutation vs shap,0.8095238095238096,1.0
oulad_BBB_2013B,OULAD,1767,0,drop_column vs permutation,0.33333333333333337,0.5
oulad_BBB_2013B,OULAD,1767,0,drop_column vs shap,-0.04761904761904762,0.5
oulad_BBB_2013B,OULAD,1767,0,permutation vs shap,0.4285714285714286,0.5
oulad_BBB_2013B,OULAD,1767,1,drop_column vs permutation,-0.04761904761904762,0.2
oulad_BBB_2013B,OULAD,1767,1,drop_column vs shap,0.33333333333333337,0.5
oulad_BBB_2013B,OULAD,1767,1,permutation vs shap,0.4285714285714286,0.5
oulad_BBB_2013B,OULAD,1767,2,drop_column vs permutation,0.23809523809523814,0.5
oulad_BBB_2013B,OULAD,1767,2,drop_column vs shap,0.14285714285714288,0.5
oulad_BBB_2013B,OULAD,1767,2,permutation vs shap,0.5238095238095238,0.5
oulad_BBB_2013J,OULAD,2237,0,drop_column vs permutation,0.14285714285714288,0.5
oulad_BBB_2013J,OULAD,2237,0,drop_column vs shap,-0.14285714285714288,0.5
oulad_BBB_2013J,OULAD,2237,0,permutation vs shap,0.7142857142857143,1.0
oulad_BBB_2013J,OULAD,2237,1,drop_column vs permutation,0.6190476190476191,0.5
oulad_BBB_2013J,OULAD,2237,1,drop_column vs shap,0.7142857142857143,0.5
oulad_BBB_2013J,OULAD,2237,1,permutation vs shap,0.9047619047619049,1.0
oulad_BBB_2013J,OULAD,2237,2,drop_column vs permutation,0.04761904761904762,0.5
oulad_BBB_2013J,OULAD,2237,2,drop_column vs shap,-0.14285714285714288,0.5
oulad_BBB_2013J,OULAD,2237,2,permutation vs shap,0.8095238095238096,1.0
oulad_BBB_2014B,OULAD,1613,0,drop_column vs permutation,0.14285714285714288,0.5
oulad_BBB_2014B,OULAD,1613,0,drop_column vs shap,0.5238095238095238,0.5
oulad_BBB_2014B,OULAD,1613,0,permutation vs shap,0.4285714285714286,0.5
oulad_BBB_2014B,OULAD,1613,1,drop_column vs permutation,0.4285714285714286,0.5
oulad_BBB_2014B,OULAD,1613,1,drop_column vs shap,0.33333333333333337,0.5
oulad_BBB_2014B,OULAD,1613,1,permutation vs shap,0.7142857142857143,1.0
oulad_BBB_2014B,OULAD,1613,2,drop_column vs permutation,0.5238095238095238,0.5
oulad_BBB_2014B,OULAD,1613,2,drop_column vs shap,0.14285714285714288,0.5
oulad_BBB_2014B,OULAD,1613,2,permutation vs shap,0.4285714285714286,0.5
oulad_BBB_2014J,OULAD,2292,0,drop_column vs permutation,0.33333333333333337,0.5
oulad_BBB_2014J,OULAD,2292,0,drop_column vs shap,0.23809523809523814,0.5
oulad_BBB_2014J,OULAD,2292,0,permutation vs shap,0.7142857142857143,1.0
oulad_BBB_2014J,OULAD,2292,1,drop_column vs permutation,0.14285714285714288,0.2
oulad_BBB_2014J,OULAD,2292,1,drop_column vs shap,-0.04761904761904762,0.2
oulad_BBB_2014J,OULAD,2292,1,permutation vs shap,0.6190476190476191,0.5
oulad_BBB_2014J,OULAD,2292,2,drop_column vs permutation,0.04761904761904762,0.2
oulad_BBB_2014J,OULAD,2292,2,drop_column vs shap,-0.33333333333333337,0.2
oulad_BBB_2014J,OULAD,2292,2,permutation vs shap,0.4285714285714286,0.5
oulad_CCC_2014B,OULAD,1936,0,drop_column vs permutation,-0.14285714285714288,0.2
oulad_CCC_2014B,OULAD,1936,0,drop_column vs shap,0.14285714285714288,0.5
oulad_CCC_2014B,OULAD,1936,0,permutation vs shap,0.7142857142857143,0.5
oulad_CCC_2014B,OULAD,1936,1,drop_column vs permutation,0.4285714285714286,1.0
oulad_CCC_2014B,OULAD,1936,1,drop_column vs shap,0.14285714285714288,0.5
oulad_CCC_2014B,OULAD,1936,1,permutation vs shap,0.5238095238095238,0.5
oulad_CCC_2014B,OULAD,1936,2,drop_column vs permutation,-0.14285714285714288,0.0
oulad_CCC_2014B,OULAD,1936,2,drop_column vs shap,-0.04761904761904762,0.2
oulad_CCC_2014B,OULAD,1936,2,permutation vs shap,0.5238095238095238,0.5
oulad_CCC_2014J,OULAD,2498,0,drop_column vs permutation,0.4285714285714286,0.5
oulad_CCC_2014J,OULAD,2498,0,drop_column vs shap,0.5238095238095238,0.5
oulad_CCC_2014J,OULAD,2498,0,permutation vs shap,0.7142857142857143,1.0
oulad_CCC_2014J,OULAD,2498,1,drop_column vs permutation,0.33333333333333337,0.5
oulad_CCC_2014J,OULAD,2498,1,drop_column vs shap,0.23809523809523814,0.5
oulad_CCC_2014J,OULAD,2498,1,permutation vs shap,0.9047619047619049,1.0
oulad_CCC_2014J,OULAD,2498,2,drop_column vs permutation,0.23809523809523814,0.5
oulad_CCC_2014J,OULAD,2498,2,drop_column vs shap,0.04761904761904762,0.2
oulad_CCC_2014J,OULAD,2498,2,permutation vs shap,0.8095238095238096,0.5
oulad_DDD_2013B,OULAD,1303,0,drop_column vs permutation,-0.14285714285714288,0.2
oulad_DDD_2013B,OULAD,1303,0,drop_column vs shap,-0.33333333333333337,0.2
oulad_DDD_2013B,OULAD,1303,0,permutation vs shap,0.8095238095238096,0.5
oulad_DDD_2013B,OULAD,1303,1,drop_column vs permutation,-0.6190476190476191,0.0
oulad_DDD_2013B,OULAD,1303,1,drop_column vs shap,-0.33333333333333337,0.2
oulad_DDD_2013B,OULAD,1303,1,permutation vs shap,0.33333333333333337,0.2
oulad_DDD_2013B,OULAD,1303,2,drop_column vs permutation,-0.33333333333333337,0.2
oulad_DDD_2013B,OULAD,1303,2,drop_column vs shap,0.04761904761904762,0.5
oulad_DDD_2013B,OULAD,1303,2,permutation vs shap,0.4285714285714286,0.5
oulad_DDD_2013J,OULAD,1938,0,drop_column vs permutation,0.4285714285714286,0.5
oulad_DDD_2013J,OULAD,1938,0,drop_column vs shap,-0.04761904761904762,0.2
oulad_DDD_2013J,OULAD,1938,0,permutation vs shap,0.14285714285714288,0.2
oulad_DDD_2013J,OULAD,1938,1,drop_column vs permutation,0.5238095238095238,0.2
oulad_DDD_2013J,OULAD,1938,1,drop_column vs shap,0.4285714285714286,0.5
oulad_DDD_2013J,OULAD,1938,1,permutation vs shap,0.7142857142857143,0.5
oulad_DDD_2013J,OULAD,1938,2,drop_column vs permutation,0.8095238095238096,0.5
oulad_DDD_2013J,OULAD,1938,2,drop_column vs shap,0.33333333333333337,0.5
oulad_DDD_2013J,OULAD,1938,2,permutation vs shap,0.5238095238095238,0.5
oulad_DDD_2014B,OULAD,1228,0,drop_column vs permutation,0.6190476190476191,1.0
oulad_DDD_2014B,OULAD,1228,0,drop_column vs shap,0.33333333333333337,1.0
oulad_DDD_2014B,OULAD,1228,0,permutation vs shap,0.5238095238095238,1.0
oulad_DDD_2014B,OULAD,1228,1,drop_column vs permutation,0.8095238095238096,1.0
oulad_DDD_2014B,OULAD,1228,1,drop_column vs shap,0.4285714285714286,1.0
oulad_DDD_2014B,OULAD,1228,1,permutation vs shap,0.6190476190476191,1.0
oulad_DDD_2014B,OULAD,1228,2,drop_column vs permutation,0.14285714285714288,0.5
oulad_DDD_2014B,OULAD,1228,2,drop_column vs shap,0.5238095238095238,0.5
oulad_DDD_2014B,OULAD,1228,2,permutation vs shap,0.6190476190476191,1.0
oulad_DDD_2014J,OULAD,1803,0,drop_column vs permutation,0.23809523809523814,0.5
oulad_DDD_2014J,OULAD,1803,0,drop_column vs shap,-0.23809523809523814,0.2
oulad_DDD_2014J,OULAD,1803,0,permutation vs shap,0.5238095238095238,0.5
oulad_DDD_2014J,OULAD,1803,1,drop_column vs permutation,0.33333333333333337,0.5
oulad_DDD_2014J,OULAD,1803,1,drop_column vs shap,0.04761904761904762,0.2
oulad_DDD_2014J,OULAD,1803,1,permutation vs shap,0.5238095238095238,0.5
oulad_DDD_2014J,OULAD,1803,2,drop_column vs permutation,0.5238095238095238,1.0
oulad_DDD_2014J,OULAD,1803,2,drop_column vs shap,-0.04761904761904762,0.2
oulad_DDD_2014J,OULAD,1803,2,permutation vs shap,0.4285714285714286,0.2
oulad_EEE_2013J,OULAD,1052,0,drop_column vs permutation,-0.23809523809523814,0.2
oulad_EEE_2013J,OULAD,1052,0,drop_column vs shap,-0.33333333333333337,0.2
oulad_EEE_2013J,OULAD,1052,0,permutation vs shap,0.5238095238095238,0.5
oulad_EEE_2013J,OULAD,1052,1,drop_column vs permutation,0.23809523809523814,1.0
oulad_EEE_2013J,OULAD,1052,1,drop_column vs shap,0.5238095238095238,1.0
oulad_EEE_2013J,OULAD,1052,1,permutation vs shap,0.7142857142857143,1.0
oulad_EEE_2013J,OULAD,1052,2,drop_column vs permutation,-0.33333333333333337,0.2
oulad_EEE_2013J,OULAD,1052,2,drop_column vs shap,-0.14285714285714288,0.2
oulad_EEE_2013J,OULAD,1052,2,permutation vs shap,0.6190476190476191,1.0
oulad_EEE_2014B,OULAD,694,0,drop_column vs permutation,-0.23809523809523814,0.2
oulad_EEE_2014B,OULAD,694,0,drop_column vs shap,-0.14285714285714288,0.5
oulad_EEE_2014B,OULAD,694,0,permutation vs shap,0.14285714285714288,0.2
oulad_EEE_2014B,OULAD,694,1,drop_column vs permutation,0.14285714285714288,0.5
oulad_EEE_2014B,OULAD,694,1,drop_column vs shap,-0.23809523809523814,0.2
oulad_EEE_2014B,OULAD,694,1,permutation vs shap,0.23809523809523814,0.5
oulad_EEE_2014B,OULAD,694,2,drop_column vs permutation,0.5238095238095238,0.5
oulad_EEE_2014B,OULAD,694,2,drop_column vs shap,-0.33333333333333337,0.2
oulad_EEE_2014B,OULAD,694,2,permutation vs shap,0.14285714285714288,0.2
oulad_EEE_2014J,OULAD,1188,0,drop_column vs permutation,0.33333333333333337,0.2
oulad_EEE_2014J,OULAD,1188,0,drop_column vs shap,0.5238095238095238,0.5
oulad_EEE_2014J,OULAD,1188,0,permutation vs shap,0.8095238095238096,0.5
oulad_EEE_2014J,OULAD,1188,1,drop_column vs permutation,-0.04761904761904762,0.0
oulad_EEE_2014J,OULAD,1188,1,drop_column vs shap,0.04761904761904762,0.2
oulad_EEE_2014J,OULAD,1188,1,permutation vs shap,0.7142857142857143,0.5
oulad_EEE_2014J,OULAD,1188,2,drop_column vs permutation,0.23809523809523814,0.5
oulad_EEE_2014J,OULAD,1188,2,drop_column vs shap,-0.04761904761904762,0.2
oulad_EEE_2014J,OULAD,1188,2,permutation vs shap,0.7142857142857143,0.5
oulad_FFF_2013B,OULAD,1614,0,drop_column vs permutation,0.6190476190476191,1.0
oulad_FFF_2013B,OULAD,1614,0,drop_column vs shap,0.5238095238095238,0.5
oulad_FFF_2013B,OULAD,1614,0,permutation vs shap,0.33333333333333337,0.5
oulad_FFF_2013B,OULAD,1614,1,drop_column vs permutation,0.4285714285714286,0.5
oulad_FFF_2013B,OULAD,1614,1,drop_column vs shap,0.14285714285714288,0.2
oulad_FFF_2013B,OULAD,1614,1,permutation vs shap,0.33333333333333337,0.2
oulad_FFF_2013B,OULAD,1614,2,drop_column vs permutation,0.7142857142857143,1.0
oulad_FFF_2013B,OULAD,1614,2,drop_column vs shap,0.04761904761904762,0.2
oulad_FFF_2013B,OULAD,1614,2,permutation vs shap,0.33333333333333337,0.2
oulad_FFF_2013J,OULAD,2283,0,drop_column vs permutation,-0.04761904761904762,0.2
oulad_FFF_2013J,OULAD,2283,0,drop_column vs shap,0.23809523809523814,0.5
oulad_FFF_2013J,OULAD,2283,0,permutation vs shap,0.7142857142857143,0.5
oulad_FFF_2013J,OULAD,2283,1,drop_column vs permutation,0.5238095238095238,0.5
oulad_FFF_2013J,OULAD,2283,1,drop_column vs shap,0.33333333333333337,0.5
oulad_FFF_2013J,OULAD,2283,1,permutation vs shap,0.8095238095238096,1.0
oulad_FFF_2013J,OULAD,2283,2,drop_column vs permutation,0.4285714285714286,0.5
oulad_FFF_2013J,OULAD,2283,2,drop_column vs shap,0.5238095238095238,0.5
oulad_FFF_2013J,OULAD,2283,2,permutation vs shap,0.9047619047619049,1.0
oulad_FFF_2014B,OULAD,1500,0,drop_column vs permutation,-0.04761904761904762,0.2
oulad_FFF_2014B,OULAD,1500,0,drop_column vs shap,-0.4285714285714286,0.2
oulad_FFF_2014B,OULAD,1500,0,permutation vs shap,0.4285714285714286,0.2
oulad_FFF_2014B,OULAD,1500,1,drop_column vs permutation,0.23809523809523814,0.2
oulad_FFF_2014B,OULAD,1500,1,drop_column vs shap,0.14285714285714288,0.2
oulad_FFF_2014B,OULAD,1500,1,permutation vs shap,0.7142857142857143,1.0
oulad_FFF_2014B,OULAD,1500,2,drop_column vs permutation,0.6190476190476191,0.5
oulad_FFF_2014B,OULAD,1500,2,drop_column vs shap,0.33333333333333337,0.5
oulad_FFF_2014B,OULAD,1500,2,permutation vs shap,0.5238095238095238,1.0
oulad_FFF_2014J,OULAD,2365,0,drop_column vs permutation,-0.4285714285714286,0.0
oulad_FFF_2014J,OULAD,2365,0,drop_column vs shap,-0.14285714285714288,0.5
oulad_FFF_2014J,OULAD,2365,0,permutation vs shap,0.14285714285714288,0.2
oulad_FFF_2014J,OULAD,2365,1,drop_column vs permutation,-0.14285714285714288,0.2
oulad_FFF_2014J,OULAD,2365,1,drop_column vs shap,0.33333333333333337,0.5
oulad_FFF_2014J,OULAD,2365,1,permutation vs shap,0.5238095238095238,0.2
oulad_FFF_2014J,OULAD,2365,2,drop_column vs permutation,0.7142857142857143,1.0
oulad_FFF_2014J,OULAD,2365,2,drop_column vs shap,0.4285714285714286,0.2
oulad_FFF_2014J,OULAD,2365,2,permutation vs shap,0.5238095238095238,0.2
ku_Accountancy_1819,KU Leuven,752,0,drop_column vs permutation,0.33333333333333337,0.2
ku_Accountancy_1819,KU Leuven,752,0,drop_column vs shap,0.04761904761904762,0.2
ku_Accountancy_1819,KU Leuven,752,0,permutation vs shap,0.33333333333333337,0.5
ku_Accountancy_1819,KU Leuven,752,1,drop_column vs permutation,-0.14285714285714288,0.2
ku_Accountancy_1819,KU Leuven,752,1,drop_column vs shap,0.04761904761904762,0.5
ku_Accountancy_1819,KU Leuven,752,1,permutation vs shap,0.6190476190476191,0.5
ku_Accountancy_1819,KU Leuven,752,2,drop_column vs permutation,0.04761904761904762,0.5
ku_Accountancy_1819,KU Leuven,752,2,drop_column vs shap,-0.04761904761904762,0.2
ku_Accountancy_1819,KU Leuven,752,2,permutation vs shap,0.14285714285714288,0.2
ku_Globaleconom_1819,KU Leuven,743,0,drop_column vs permutation,0.33333333333333337,0.5
ku_Globaleconom_1819,KU Leuven,743,0,drop_column vs shap,0.14285714285714288,0.5
ku_Globaleconom_1819,KU Leuven,743,0,permutation vs shap,0.4285714285714286,0.5
ku_Globaleconom_1819,KU Leuven,743,1,drop_column vs permutation,0.8095238095238096,0.5
ku_Globaleconom_1819,KU Leuven,743,1,drop_column vs shap,0.23809523809523814,0.5
ku_Globaleconom_1819,KU Leuven,743,1,permutation vs shap,0.23809523809523814,0.5
ku_Globaleconom_1819,KU Leuven,743,2,drop_column vs permutation,0.14285714285714288,0.2
ku_Globaleconom_1819,KU Leuven,743,2,drop_column vs shap,0.04761904761904762,0.5
ku_Globaleconom_1819,KU Leuven,743,2,permutation vs shap,0.33333333333333337,0.2
ku_Accountancy_1920,KU Leuven,705,0,drop_column vs permutation,0.14285714285714288,0.2
ku_Accountancy_1920,KU Leuven,705,0,drop_column vs shap,-0.14285714285714288,0.2
ku_Accountancy_1920,KU Leuven,705,0,permutation vs shap,0.7142857142857143,1.0
ku_Accountancy_1920,KU Leuven,705,1,drop_column vs permutation,0.4285714285714286,0.5
ku_Accountancy_1920,KU Leuven,705,1,drop_column vs shap,0.23809523809523814,0.5
ku_Accountancy_1920,KU Leuven,705,1,permutation vs shap,0.4285714285714286,0.5
ku_Accountancy_1920,KU Leuven,705,2,drop_column vs permutation,0.33333333333333337,0.5
ku_Accountancy_1920,KU Leuven,705,2,drop_column vs shap,0.14285714285714288,0.5
ku_Accountancy_1920,KU Leuven,705,2,permutation vs shap,0.8095238095238096,1.0
ku_Globaleconom_1920,KU Leuven,681,0,drop_column vs permutation,-0.23809523809523814,0.0
ku_Globaleconom_1920,KU Leuven,681,0,drop_column vs shap,-0.5238095238095238,0.0
ku_Globaleconom_1920,KU Leuven,681,0,permutation vs shap,0.33333333333333337,0.5
ku_Globaleconom_1920,KU Leuven,681,1,drop_column vs permutation,-0.04761904761904762,0.2
ku_Globaleconom_1920,KU Leuven,681,1,drop_column vs shap,-0.5238095238095238,0.0
ku_Globaleconom_1920,KU Leuven,681,1,permutation vs shap,0.33333333333333337,0.5
ku_Globaleconom_1920,KU Leuven,681,2,drop_column vs permutation,0.6190476190476191,1.0
ku_Globaleconom_1920,KU Leuven,681,2,drop_column vs shap,0.23809523809523814,0.5
ku_Globaleconom_1920,KU Leuven,681,2,permutation vs shap,0.6190476190476191,0.5
ku_Accountancy_2021,KU Leuven,723,0,drop_column vs permutation,0.8095238095238096,1.0
ku_Accountancy_2021,KU Leuven,723,0,drop_column vs shap,0.9047619047619049,1.0
ku_Accountancy_2021,KU Leuven,723,0,permutation vs shap,0.7142857142857143,1.0
ku_Accountancy_2021,KU Leuven,723,1,drop_column vs permutation,0.8095238095238096,1.0
ku_Accountancy_2021,KU Leuven,723,1,drop_column vs shap,0.33333333333333337,0.5
ku_Accountancy_2021,KU Leuven,723,1,permutation vs shap,0.33333333333333337,0.5
ku_Accountancy_2021,KU Leuven,723,2,drop_column vs permutation,0.6190476190476191,0.5
ku_Accountancy_2021,KU Leuven,723,2,drop_column vs shap,0.6190476190476191,1.0
ku_Accountancy_2021,KU Leuven,723,2,permutation vs shap,0.4285714285714286,0.5
ku_Globaleconom_2021,KU Leuven,335,0,drop_column vs permutation,0.23809523809523814,0.5
ku_Globaleconom_2021,KU Leuven,335,0,drop_column vs shap,0.33333333333333337,0.5
ku_Globaleconom_2021,KU Leuven,335,0,permutation vs shap,0.5238095238095238,0.5
ku_Globaleconom_2021,KU Leuven,335,1,drop_column vs permutation,-0.23809523809523814,0.2
ku_Globaleconom_2021,KU Leuven,335,1,drop_column vs shap,0.23809523809523814,0.5
ku_Globaleconom_2021,KU Leuven,335,1,permutation vs shap,0.33333333333333337,0.5
ku_Globaleconom_2021,KU Leuven,335,2,drop_column vs permutation,0.14285714285714288,0.2
ku_Globaleconom_2021,KU Leuven,335,2,drop_column vs shap,0.14285714285714288,0.5
ku_Globaleconom_2021,KU Leuven,335,2,permutation vs shap,0.8095238095238096,0.5
ukzn_ISTN101_2019,UKZN,1056,0,drop_column vs permutation,0.7142857142857143,0.5
ukzn_ISTN101_2019,UKZN,1056,0,drop_column vs shap,0.4285714285714286,0.5
ukzn_ISTN101_2019,UKZN,1056,0,permutation vs shap,0.7142857142857143,1.0
ukzn_ISTN101_2019,UKZN,1056,1,drop_column vs permutation,0.14285714285714288,0.2
ukzn_ISTN101_2019,UKZN,1056,1,drop_column vs shap,0.6190476190476191,0.5
ukzn_ISTN101_2019,UKZN,1056,1,permutation vs shap,0.33333333333333337,0.5
ukzn_ISTN101_2019,UKZN,1056,2,drop_column vs permutation,0.33333333333333337,0.5
ukzn_ISTN101_2019,UKZN,1056,2,drop_column vs shap,0.33333333333333337,0.5
ukzn_ISTN101_2019,UKZN,1056,2,permutation vs shap,0.8095238095238096,1.0
ukzn_ISTN101_2020,UKZN,978,0,drop_column vs permutation,0.5238095238095238,0.5
ukzn_ISTN101_2020,UKZN,978,0,drop_column vs shap,0.23809523809523814,0.2
ukzn_ISTN101_2020,UKZN,978,0,permutation vs shap,0.5238095238095238,0.5
ukzn_ISTN101_2020,UKZN,978,1,drop_column vs permutation,0.5238095238095238,0.5
ukzn_ISTN101_2020,UKZN,978,1,drop_column vs shap,0.14285714285714288,0.2
ukzn_ISTN101_2020,UKZN,978,1,permutation vs shap,0.6190476190476191,0.5
ukzn_ISTN101_2020,UKZN,978,2,drop_column vs permutation,-0.14285714285714288,0.2
ukzn_ISTN101_2020,UKZN,978,2,drop_column vs shap,-0.14285714285714288,0.2
ukzn_ISTN101_2020,UKZN,978,2,permutation vs shap,0.8095238095238096,1.0
ukzn_ISTN101_2021,UKZN,741,0,drop_column vs permutation,0.33333333333333337,0.2
ukzn_ISTN101_2021,UKZN,741,0,drop_column vs shap,0.04761904761904762,0.2
ukzn_ISTN101_2021,UKZN,741,0,permutation vs shap,0.14285714285714288,0.2
ukzn_ISTN101_2021,UKZN,741,1,drop_column vs permutation,0.23809523809523814,0.5
ukzn_ISTN101_2021,UKZN,741,1,drop_column vs shap,-0.23809523809523814,0.2
ukzn_ISTN101_2021,UKZN,741,1,permutation vs shap,0.33333333333333337,0.5
ukzn_ISTN101_2021,UKZN,741,2,drop_column vs permutation,0.04761904761904762,0.5
ukzn_ISTN101_2021,UKZN,741,2,drop_column vs shap,0.23809523809523814,0.5
ukzn_ISTN101_2021,UKZN,741,2,permutation vs shap,0.6190476190476191,0.5
ukzn_ISTN102_2018,UKZN,257,0,drop_column vs permutation,0.5238095238095238,1.0
ukzn_ISTN102_2018,UKZN,257,0,drop_column vs shap,0.5238095238095238,0.5
ukzn_ISTN102_2018,UKZN,257,0,permutation vs shap,0.23809523809523814,0.5
ukzn_ISTN102_2018,UKZN,257,1,drop_column vs permutation,0.8095238095238096,1.0
ukzn_ISTN102_2018,UKZN,257,1,drop_column vs shap,0.6190476190476191,1.0
ukzn_ISTN102_2018,UKZN,257,1,permutation vs shap,0.8095238095238096,1.0
ukzn_ISTN102_2018,UKZN,257,2,drop_column vs permutation,0.04761904761904762,0.2
ukzn_ISTN102_2018,UKZN,257,2,drop_column vs shap,0.14285714285714288,0.5
ukzn_ISTN102_2018,UKZN,257,2,permutation vs shap,-0.04761904761904762,0.2
ukzn_ISTN103_2019,UKZN,1113,0,drop_column vs permutation,-0.04761904761904762,0.5
ukzn_ISTN103_2019,UKZN,1113,0,drop_column vs shap,0.5238095238095238,0.5
ukzn_ISTN103_2019,UKZN,1113,0,permutation vs shap,0.4285714285714286,0.5
ukzn_ISTN103_2019,UKZN,1113,1,drop_column vs permutation,-0.14285714285714288,0.2
ukzn_ISTN103_2019,UKZN,1113,1,drop_column vs shap,0.04761904761904762,0.5
ukzn_ISTN103_2019,UKZN,1113,1,permutation vs shap,0.6190476190476191,0.5
ukzn_ISTN103_2019,UKZN,1113,2,drop_column vs permutation,0.6190476190476191,0.5
ukzn_ISTN103_2019,UKZN,1113,2,drop_column vs shap,0.6190476190476191,0.5
ukzn_ISTN103_2019,UKZN,1113,2,permutation vs shap,0.8095238095238096,1.0
ukzn_ISTN103_2020,UKZN,1082,0,drop_column vs permutation,0.23809523809523814,0.5
ukzn_ISTN103_2020,UKZN,1082,0,drop_column vs shap,0.14285714285714288,0.5
ukzn_ISTN103_2020,UKZN,1082,0,permutation vs shap,0.9047619047619049,1.0
ukzn_ISTN103_2020,UKZN,1082,1,drop_column vs permutation,0.5238095238095238,0.5
ukzn_ISTN103_2020,UKZN,1082,1,drop_column vs shap,0.5238095238095238,0.5
ukzn_ISTN103_2020,UKZN,1082,1,permutation vs shap,0.6190476190476191,1.0
ukzn_ISTN103_2020,UKZN,1082,2,drop_column vs permutation,0.6190476190476191,0.5
ukzn_ISTN103_2020,UKZN,1082,2,drop_column vs shap,0.4285714285714286,0.5
ukzn_ISTN103_2020,UKZN,1082,2,permutation vs shap,0.6190476190476191,1.0
ukzn_ISTN211_2019,UKZN,280,0,drop_column vs permutation,0.5238095238095238,0.5
ukzn_ISTN211_2019,UKZN,280,0,drop_column vs shap,-0.4285714285714286,0.2
ukzn_ISTN211_2019,UKZN,280,0,permutation vs shap,-0.33333333333333337,0.2
ukzn_ISTN211_2019,UKZN,280,1,drop_column vs permutation,0.4285714285714286,0.2
ukzn_ISTN211_2019,UKZN,280,1,drop_column vs shap,0.4285714285714286,0.5
ukzn_ISTN211_2019,UKZN,280,1,permutation vs shap,0.6190476190476191,0.5
ukzn_ISTN211_2019,UKZN,280,2,drop_column vs permutation,-0.04761904761904762,0.2
ukzn_ISTN211_2019,UKZN,280,2,drop_column vs shap,-0.5238095238095238,0.0
ukzn_ISTN211_2019,UKZN,280,2,permutation vs shap,0.5238095238095238,0.5
ukzn_ISTN211_2021,UKZN,327,0,drop_column vs permutation,0.04761904761904762,0.5
ukzn_ISTN211_2021,UKZN,327,0,drop_column vs shap,-0.14285714285714288,0.5
ukzn_ISTN211_2021,UKZN,327,0,permutation vs shap,0.4285714285714286,0.5
ukzn_ISTN211_2021,UKZN,327,1,drop_column vs permutation,0.5238095238095238,1.0
ukzn_ISTN211_2021,UKZN,327,1,drop_column vs shap,0.9047619047619049,1.0
ukzn_ISTN211_2021,UKZN,327,1,permutation vs shap,0.4285714285714286,1.0
ukzn_ISTN211_2021,UKZN,327,2,drop_column vs permutation,-0.04761904761904762,0.2
ukzn_ISTN211_2021,UKZN,327,2,drop_column vs shap,-0.4285714285714286,0.0
ukzn_ISTN211_2021,UKZN,327,2,permutation vs shap,0.6190476190476191,0.5
ukzn_ISTN212_2018,UKZN,238,0,drop_column vs permutation,0.33333333333333337,0.5
ukzn_ISTN212_2018,UKZN,238,0,drop_column vs shap,-0.14285714285714288,0.5
ukzn_ISTN212_2018,UKZN,238,0,permutation vs shap,0.5238095238095238,1.0
ukzn_ISTN212_2018,UKZN,238,1,drop_column vs permutation,0.14285714285714288,0.5
ukzn_ISTN212_2018,UKZN,238,1,drop_column vs shap,0.5238095238095238,0.5
ukzn_ISTN212_2018,UKZN,238,1,permutation vs shap,0.04761904761904762,0.5
ukzn_ISTN212_2018,UKZN,238,2,drop_column vs permutation,0.8095238095238096,0.5
ukzn_ISTN212_2018,UKZN,238,2,drop_column vs shap,0.5238095238095238,0.5
ukzn_ISTN212_2018,UKZN,238,2,permutation vs shap,0.5238095238095238,0.5
ukzn_ISTN212_2019,UKZN,264,0,drop_column vs permutation,0.33333333333333337,0.5
ukzn_ISTN212_2019,UKZN,264,0,drop_column vs shap,0.4285714285714286,0.5
ukzn_ISTN212_2019,UKZN,264,0,permutation vs shap,0.33333333333333337,0.5
ukzn_ISTN212_2019,UKZN,264,1,drop_column vs permutation,0.7142857142857143,0.5
ukzn_ISTN212_2019,UKZN,264,1,drop_column vs shap,0.14285714285714288,0.5
ukzn_ISTN212_2019,UKZN,264,1,permutation vs shap,0.23809523809523814,0.5
ukzn_ISTN212_2019,UKZN,264,2,drop_column vs permutation,0.4285714285714286,0.5
ukzn_ISTN212_2019,UKZN,264,2,drop_column vs shap,0.5238095238095238,1.0
ukzn_ISTN212_2019,UKZN,264,2,permutation vs shap,0.14285714285714288,0.5
ukzn_ISTN2IP_2018,UKZN,99,0,drop_column vs permutation,-0.23809523809523814,0.2
ukzn_ISTN2IP_2018,UKZN,99,0,drop_column vs shap,-0.23809523809523814,0.2
ukzn_ISTN2IP_2018,UKZN,99,0,permutation vs shap,0.6190476190476191,1.0
ukzn_ISTN2IP_2018,UKZN,99,1,drop_column vs permutation,0.23809523809523814,0.5
ukzn_ISTN2IP_2018,UKZN,99,1,drop_column vs shap,0.04761904761904762,0.2
ukzn_ISTN2IP_2018,UKZN,99,1,permutation vs shap,0.6190476190476191,0.5
ukzn_ISTN2IP_2018,UKZN,99,2,drop_column vs permutation,0.4285714285714286,0.5
ukzn_ISTN2IP_2018,UKZN,99,2,drop_column vs shap,0.23809523809523814,0.5
ukzn_ISTN2IP_2018,UKZN,99,2,permutation vs shap,0.6190476190476191,1.0
ukzn_ISTN2IP_2019,UKZN,116,0,drop_column vs permutation,0.5238095238095238,0.5
ukzn_ISTN2IP_2019,UKZN,116,0,drop_column vs shap,0.33333333333333337,0.2
ukzn_ISTN2IP_2019,UKZN,116,0,permutation vs shap,0.8095238095238096,0.5
ukzn_ISTN2IP_2019,UKZN,116,1,drop_column vs permutation,0.14285714285714288,0.2
ukzn_ISTN2IP_2019,UKZN,116,1,drop_column vs shap,-0.6190476190476191,0.2
ukzn_ISTN2IP_2019,UKZN,116,1,permutation vs shap,0.23809523809523814,0.5
ukzn_ISTN2IP_2019,UKZN,116,2,drop_column vs permutation,-0.33333333333333337,0.2
ukzn_ISTN2IP_2019,UKZN,116,2,drop_column vs shap,0.04761904761904762,0.2
ukzn_ISTN2IP_2019,UKZN,116,2,permutation vs shap,0.6190476190476191,1.0
ukzn_ISTN3ND_2018,UKZN,144,0,drop_column vs permutation,0.33333333333333337,0.5
ukzn_ISTN3ND_2018,UKZN,144,0,drop_column vs shap,0.33333333333333337,0.5
ukzn_ISTN3ND_2018,UKZN,144,0,permutation vs shap,0.04761904761904762,0.2
ukzn_ISTN3ND_2018,UKZN,144,1,drop_column vs permutation,0.6190476190476191,0.5
ukzn_ISTN3ND_2018,UKZN,144,1,drop_column vs shap,0.23809523809523814,0.5
ukzn_ISTN3ND_2018,UKZN,144,1,permutation vs shap,0.4285714285714286,0.5
ukzn_ISTN3ND_2018,UKZN,144,2,drop_column vs permutation,-0.5238095238095238,0.2
ukzn_ISTN3ND_2018,UKZN,144,2,drop_column vs shap,0.04761904761904762,0.5
ukzn_ISTN3ND_2018,UKZN,144,2,permutation vs shap,0.04761904761904762,0.2
ukzn_ISTN3ND_2019,UKZN,223,0,drop_column vs permutation,0.7142857142857143,1.0
ukzn_ISTN3ND_2019,UKZN,223,0,drop_column vs shap,0.04761904761904762,0.5
ukzn_ISTN3ND_2019,UKZN,223,0,permutation vs shap,0.14285714285714288,0.5
ukzn_ISTN3ND_2019,UKZN,223,1,drop_column vs permutation,0.33333333333333337,0.5
ukzn_ISTN3ND_2019,UKZN,223,1,drop_column vs shap,0.14285714285714288,0.5
ukzn_ISTN3ND_2019,UKZN,223,1,permutation vs shap,0.4285714285714286,0.5
ukzn_ISTN3ND_2019,UKZN,223,2,drop_column vs permutation,-0.6190476190476191,0.0
ukzn_ISTN3ND_2019,UKZN,223,2,drop_column vs shap,-0.5238095238095238,0.0
ukzn_ISTN3ND_2019,UKZN,223,2,permutation vs shap,0.5238095238095238,1.0
ukzn_ISTN3SA_2018,UKZN,141,0,drop_column vs permutation,0.14285714285714288,0.5
ukzn_ISTN3SA_2018,UKZN,141,0,drop_column vs shap,-0.23809523809523814,0.2
ukzn_ISTN3SA_2018,UKZN,141,0,permutation vs shap,-0.33333333333333337,0.0
ukzn_ISTN3SA_2018,UKZN,141,1,drop_column vs permutation,0.33333333333333337,0.5
ukzn_ISTN3SA_2018,UKZN,141,1,drop_column vs shap,0.33333333333333337,0.5
ukzn_ISTN3SA_2018,UKZN,141,1,permutation vs shap,0.4285714285714286,0.5
ukzn_ISTN3SA_2018,UKZN,141,2,drop_column vs permutation,0.23809523809523814,0.5
ukzn_ISTN3SA_2018,UKZN,141,2,drop_column vs shap,0.4285714285714286,0.5
ukzn_ISTN3SA_2018,UKZN,141,2,permutation vs shap,0.23809523809523814,0.5
ukzn_ISTN3SA_2019,UKZN,195,0,drop_column vs permutation,0.14285714285714288,0.5
ukzn_ISTN3SA_2019,UKZN,195,0,drop_column vs shap,0.5238095238095238,0.5
ukzn_ISTN3SA_2019,UKZN,195,0,permutation vs shap,0.23809523809523814,0.2
ukzn_ISTN3SA_2019,UKZN,195,1,drop_column vs permutation,0.8095238095238096,0.5
ukzn_ISTN3SA_2019,UKZN,195,1,drop_column vs shap,0.4285714285714286,0.5
ukzn_ISTN3SA_2019,UKZN,195,1,permutation vs shap,0.4285714285714286,1.0
ukzn_ISTN3SA_2019,UKZN,195,2,drop_column vs permutation,0.4285714285714286,0.2
ukzn_ISTN3SA_2019,UKZN,195,2,drop_column vs shap,0.23809523809523814,0.5
ukzn_ISTN3SA_2019,UKZN,195,2,permutation vs shap,0.4285714285714286,0.5
zambia_ICT1110_2020,Zambia,65,0,drop_column vs permutation,-0.33333333333333337,0.2
zambia_ICT1110_2020,Zambia,65,0,drop_column vs shap,-0.04761904761904762,0.2
zambia_ICT1110_2020,Zambia,65,0,permutation vs shap,0.14285714285714288,0.2
zambia_ICT1110_2020,Zambia,65,1,drop_column vs permutation,0.6190476190476191,1.0
zambia_ICT1110_2020,Zambia,65,1,drop_column vs shap,-0.14285714285714288,0.2
zambia_ICT1110_2020,Zambia,65,1,permutation vs shap,-0.14285714285714288,0.2
zambia_ICT1110_2020,Zambia,65,2,drop_column vs permutation,0.4285714285714286,0.2
zambia_ICT1110_2020,Zambia,65,2,drop_column vs shap,0.23809523809523814,0.5
zambia_ICT1110_2020,Zambia,65,2,permutation vs shap,0.4285714285714286,0.5
zambia_ICT1110_2021,Zambia,52,0,drop_column vs permutation,0.04761904761904762,0.2
zambia_ICT1110_2021,Zambia,52,0,drop_column vs shap,0.14285714285714288,0.2
zambia_ICT1110_2021,Zambia,52,0,permutation vs shap,-0.04761904761904762,0.2
zambia_ICT1110_2021,Zambia,52,1,drop_column vs permutation,0.33333333333333337,0.5
zambia_ICT1110_2021,Zambia,52,1,drop_column vs shap,0.33333333333333337,1.0
zambia_ICT1110_2021,Zambia,52,1,permutation vs shap,0.23809523809523814,0.5
zambia_ICT1110_2021,Zambia,52,2,drop_column vs permutation,0.6190476190476191,0.5
zambia_ICT1110_2021,Zambia,52,2,drop_column vs shap,0.14285714285714288,0.5
zambia_ICT1110_2021,Zambia,52,2,permutation vs shap,0.33333333333333337,0.5
oviedo_C1112_1415,Oviedo,199,0,drop_column vs permutation,0.33333333333333337,0.5
oviedo_C1112_1415,Oviedo,199,0,drop_column vs shap,0.5238095238095238,0.5
oviedo_C1112_1415,Oviedo,199,0,permutation vs shap,0.4285714285714286,0.5
oviedo_C1112_1415,Oviedo,199,1,drop_column vs permutation,0.33333333333333337,0.5
oviedo_C1112_1415,Oviedo,199,1,drop_column vs shap,-0.04761904761904762,0.5
oviedo_C1112_1415,Oviedo,199,1,permutation vs shap,0.4285714285714286,0.5
oviedo_C1112_1415,Oviedo,199,2,drop_column vs permutation,0.14285714285714288,0.5
oviedo_C1112_1415,Oviedo,199,2,drop_column vs shap,0.5238095238095238,0.5
oviedo_C1112_1415,Oviedo,199,2,permutation vs shap,0.4285714285714286,0.5
oviedo_C1127_1415,Oviedo,106,0,drop_column vs permutation,0.33333333333333337,0.5
oviedo_C1127_1415,Oviedo,106,0,drop_column vs shap,0.33333333333333337,0.5
oviedo_C1127_1415,Oviedo,106,0,permutation vs shap,0.6190476190476191,0.5
oviedo_C1127_1415,Oviedo,106,1,drop_column vs permutation,0.6190476190476191,1.0
oviedo_C1127_1415,Oviedo,106,1,drop_column vs shap,0.33333333333333337,0.5
oviedo_C1127_1415,Oviedo,106,1,permutation vs shap,0.14285714285714288,0.5
oviedo_C1127_1415,Oviedo,106,2,drop_column vs permutation,0.04761904761904762,0.2
oviedo_C1127_1415,Oviedo,106,2,drop_column vs shap,-0.14285714285714288,0.2
oviedo_C1127_1415,Oviedo,106,2,permutation vs shap,0.04761904761904762,0.2
oviedo_C1200_1415,Oviedo,107,0,drop_column vs permutation,0.6190476190476191,0.5
oviedo_C1200_1415,Oviedo,107,0,drop_column vs shap,0.14285714285714288,0.5
oviedo_C1200_1415,Oviedo,107,0,permutation vs shap,0.14285714285714288,0.2
oviedo_C1200_1415,Oviedo,107,1,drop_column vs permutation,0.23809523809523814,0.2
oviedo_C1200_1415,Oviedo,107,1,drop_column vs shap,-0.14285714285714288,0.2
oviedo_C1200_1415,Oviedo,107,1,permutation vs shap,0.4285714285714286,0.5
oviedo_C1200_1415,Oviedo,107,2,drop_column vs permutation,-0.23809523809523814,0.2
oviedo_C1200_1415,Oviedo,107,2,drop_column vs shap,-0.5238095238095238,0.2
oviedo_C1200_1415,Oviedo,107,2,permutation vs shap,0.33333333333333337,0.5
oviedo_C1303_1415,Oviedo,112,0,drop_column vs permutation,0.14285714285714288,0.5
oviedo_C1303_1415,Oviedo,112,0,drop_column vs shap,-0.23809523809523814,0.5
oviedo_C1303_1415,Oviedo,112,0,permutation vs shap,-0.14285714285714288,0.5
oviedo_C1303_1415,Oviedo,112,1,drop_column vs permutation,-0.33333333333333337,0.2
oviedo_C1303_1415,Oviedo,112,1,drop_column vs shap,0.5238095238095238,0.5
oviedo_C1303_1415,Oviedo,112,1,permutation vs shap,-0.23809523809523814,0.2
oviedo_C1303_1415,Oviedo,112,2,drop_column vs permutation,0.14285714285714288,0.2
oviedo_C1303_1415,Oviedo,112,2,drop_column vs shap,-0.4285714285714286,0.2
oviedo_C1303_1415,Oviedo,112,2,permutation vs shap,0.23809523809523814,0.5
oviedo_C174_1415,Oviedo,96,0,drop_column vs permutation,0.4285714285714286,0.5
oviedo_C174_1415,Oviedo,96,0,drop_column vs shap,0.6190476190476191,0.5
oviedo_C174_1415,Oviedo,96,0,permutation vs shap,0.6190476190476191,1.0
oviedo_C174_1415,Oviedo,96,1,drop_column vs permutation,0.7142857142857143,0.5
oviedo_C174_1415,Oviedo,96,1,drop_column vs shap,0.5238095238095238,0.5
oviedo_C174_1415,Oviedo,96,1,permutation vs shap,0.8095238095238096,0.5
oviedo_C174_1415,Oviedo,96,2,drop_column vs permutation,-0.04761904761904762,0.2
oviedo_C174_1415,Oviedo,96,2,drop_column vs shap,-0.23809523809523814,0.2
oviedo_C174_1415,Oviedo,96,2,permutation vs shap,0.8095238095238096,0.5
oviedo_C190_1415,Oviedo,112,0,drop_column vs permutation,0.33333333333333337,0.5
oviedo_C190_1415,Oviedo,112,0,drop_column vs shap,0.23809523809523814,0.2
oviedo_C190_1415,Oviedo,112,0,permutation vs shap,-0.23809523809523814,0.2
oviedo_C190_1415,Oviedo,112,1,drop_column vs permutation,0.23809523809523814,0.5
oviedo_C190_1415,Oviedo,112,1,drop_column vs shap,-0.14285714285714288,0.2
oviedo_C190_1415,Oviedo,112,1,permutation vs shap,0.4285714285714286,0.5
oviedo_C190_1415,Oviedo,112,2,drop_column vs permutation,0.23809523809523814,0.2
oviedo_C190_1415,Oviedo,112,2,drop_column vs shap,0.6190476190476191,0.5
oviedo_C190_1415,Oviedo,112,2,permutation vs shap,0.04761904761904762,0.2
oviedo_C1978_1415,Oviedo,164,0,drop_column vs permutation,0.04761904761904762,0.2
oviedo_C1978_1415,Oviedo,164,0,drop_column vs shap,0.23809523809523814,0.2
oviedo_C1978_1415,Oviedo,164,0,permutation vs shap,0.6190476190476191,1.0
oviedo_C1978_1415,Oviedo,164,1,drop_column vs permutation,0.6190476190476191,0.5
oviedo_C1978_1415,Oviedo,164,1,drop_column vs shap,0.8095238095238096,0.5
oviedo_C1978_1415,Oviedo,164,1,permutation vs shap,0.4285714285714286,0.2
oviedo_C1978_1415,Oviedo,164,2,drop_column vs permutation,0.6190476190476191,0.5
oviedo_C1978_1415,Oviedo,164,2,drop_column vs shap,0.04761904761904762,0.2
oviedo_C1978_1415,Oviedo,164,2,permutation vs shap,-0.14285714285714288,0.2
oviedo_C2011_1415,Oviedo,120,0,drop_column vs permutation,0.4285714285714286,0.5
oviedo_C2011_1415,Oviedo,120,0,drop_column vs shap,0.33333333333333337,0.5
oviedo_C2011_1415,Oviedo,120,0,permutation vs shap,0.5238095238095238,1.0
oviedo_C2011_1415,Oviedo,120,1,drop_column vs permutation,0.04761904761904762,0.2
oviedo_C2011_1415,Oviedo,120,1,drop_column vs shap,0.14285714285714288,0.2
oviedo_C2011_1415,Oviedo,120,1,permutation vs shap,0.9047619047619049,1.0
oviedo_C2011_1415,Oviedo,120,2,drop_column vs permutation,0.33333333333333337,0.5
oviedo_C2011_1415,Oviedo,120,2,drop_column vs shap,-0.33333333333333337,0.2
oviedo_C2011_1415,Oviedo,120,2,permutation vs shap,0.33333333333333337,0.5
oviedo_C2024_1415,Oviedo,327,0,drop_column vs permutation,0.4285714285714286,0.5
oviedo_C2024_1415,Oviedo,327,0,drop_column vs shap,-0.23809523809523814,0.2
oviedo_C2024_1415,Oviedo,327,0,permutation vs shap,-0.6190476190476191,0.0
oviedo_C2024_1415,Oviedo,327,1,drop_column vs permutation,-0.04761904761904762,0.5
oviedo_C2024_1415,Oviedo,327,1,drop_column vs shap,0.6190476190476191,0.5
oviedo_C2024_1415,Oviedo,327,1,permutation vs shap,0.33333333333333337,0.5
oviedo_C2024_1415,Oviedo,327,2,drop_column vs permutation,0.33333333333333337,0.2
oviedo_C2024_1415,Oviedo,327,2,drop_column vs shap,0.04761904761904762,0.5
oviedo_C2024_1415,Oviedo,327,2,permutation vs shap,-0.6190476190476191,0.0
oviedo_C2150_1415,Oviedo,106,0,drop_column vs permutation,0.14285714285714288,0.2
oviedo_C2150_1415,Oviedo,106,0,drop_column vs shap,0.14285714285714288,0.2
oviedo_C2150_1415,Oviedo,106,0,permutation vs shap,0.6190476190476191,1.0
oviedo_C2150_1415,Oviedo,106,1,drop_column vs permutation,0.5238095238095238,0.2
oviedo_C2150_1415,Oviedo,106,1,drop_column vs shap,0.23809523809523814,0.2
oviedo_C2150_1415,Oviedo,106,1,permutation vs shap,0.5238095238095238,1.0
oviedo_C2150_1415,Oviedo,106,2,drop_column vs permutation,0.4285714285714286,0.5
oviedo_C2150_1415,Oviedo,106,2,drop_column vs shap,0.8095238095238096,1.0
oviedo_C2150_1415,Oviedo,106,2,permutation vs shap,0.6190476190476191,0.5
oviedo_C2271_1415,Oviedo,596,0,drop_column vs permutation,0.5238095238095238,1.0
oviedo_C2271_1415,Oviedo,596,0,drop_column vs shap,0.33333333333333337,0.5
oviedo_C2271_1415,Oviedo,596,0,permutation vs shap,0.04761904761904762,0.5
oviedo_C2271_1415,Oviedo,596,1,drop_column vs permutation,0.23809523809523814,0.5
oviedo_C2271_1415,Oviedo,596,1,drop_column vs shap,-0.14285714285714288,0.5
oviedo_C2271_1415,Oviedo,596,1,permutation vs shap,0.6190476190476191,1.0
oviedo_C2271_1415,Oviedo,596,2,drop_column vs permutation,-0.04761904761904762,0.2
oviedo_C2271_1415,Oviedo,596,2,drop_column vs shap,-0.8095238095238096,0.0
oviedo_C2271_1415,Oviedo,596,2,permutation vs shap,0.04761904761904762,0.2
oviedo_C2335_1415,Oviedo,428,0,drop_column vs permutation,0.33333333333333337,0.5
oviedo_C2335_1415,Oviedo,428,0,drop_column vs shap,0.14285714285714288,0.2
oviedo_C2335_1415,Oviedo,428,0,permutation vs shap,0.23809523809523814,0.5
oviedo_C2335_1415,Oviedo,428,1,drop_column vs permutation,-0.04761904761904762,0.2
oviedo_C2335_1415,Oviedo,428,1,drop_column vs shap,-0.04761904761904762,0.5
oviedo_C2335_1415,Oviedo,428,1,permutation vs shap,0.04761904761904762,0.2
oviedo_C2335_1415,Oviedo,428,2,drop_column vs permutation,0.23809523809523814,0.5
oviedo_C2335_1415,Oviedo,428,2,drop_column vs shap,0.4285714285714286,0.5
oviedo_C2335_1415,Oviedo,428,2,permutation vs shap,0.23809523809523814,0.5
oviedo_C2406_1415,Oviedo,133,0,drop_column vs permutation,0.14285714285714288,0.2
oviedo_C2406_1415,Oviedo,133,0,drop_column vs shap,-0.33333333333333337,0.2
oviedo_C2406_1415,Oviedo,133,0,permutation vs shap,0.33333333333333337,0.5
oviedo_C2406_1415,Oviedo,133,1,drop_column vs permutation,0.6190476190476191,0.5
oviedo_C2406_1415,Oviedo,133,1,drop_column vs shap,0.4285714285714286,0.5
oviedo_C2406_1415,Oviedo,133,1,permutation vs shap,0.4285714285714286,0.5
oviedo_C2406_1415,Oviedo,133,2,drop_column vs permutation,0.14285714285714288,0.2
oviedo_C2406_1415,Oviedo,133,2,drop_column vs shap,0.5238095238095238,0.5
oviedo_C2406_1415,Oviedo,133,2,permutation vs shap,0.4285714285714286,0.5
oviedo_C2468_1415,Oviedo,82,0,drop_column vs permutation,0.14285714285714288,0.2
oviedo_C2468_1415,Oviedo,82,0,drop_column vs shap,-0.33333333333333337,0.0
oviedo_C2468_1415,Oviedo,82,0,permutation vs shap,-0.4285714285714286,0.2
oviedo_C2468_1415,Oviedo,82,1,drop_column vs permutation,0.8095238095238096,1.0
oviedo_C2468_1415,Oviedo,82,1,drop_column vs shap,-0.14285714285714288,0.2
oviedo_C2468_1415,Oviedo,82,1,permutation vs shap,0.04761904761904762,0.2
oviedo_C2468_1415,Oviedo,82,2,drop_column vs permutation,0.4285714285714286,0.5
oviedo_C2468_1415,Oviedo,82,2,drop_column vs shap,0.6190476190476191,1.0
oviedo_C2468_1415,Oviedo,82,2,permutation vs shap,0.6190476190476191,0.5
oviedo_C2607_1415,Oviedo,277,0,drop_column vs permutation,0.23809523809523814,0.5
oviedo_C2607_1415,Oviedo,277,0,drop_column vs shap,-0.33333333333333337,0.2
oviedo_C2607_1415,Oviedo,277,0,permutation vs shap,0.23809523809523814,0.5
oviedo_C2607_1415,Oviedo,277,1,drop_column vs permutation,0.33333333333333337,0.2
oviedo_C2607_1415,Oviedo,277,1,drop_column vs shap,0.23809523809523814,0.5
oviedo_C2607_1415,Oviedo,277,1,permutation vs shap,0.5238095238095238,0.5
oviedo_C2607_1415,Oviedo,277,2,drop_column vs permutation,0.23809523809523814,0.2
oviedo_C2607_1415,Oviedo,277,2,drop_column vs shap,-0.14285714285714288,0.0
oviedo_C2607_1415,Oviedo,277,2,permutation vs shap,0.4285714285714286,0.5
oviedo_C3022_1415,Oviedo,238,0,drop_column vs permutation,0.5238095238095238,0.5
oviedo_C3022_1415,Oviedo,238,0,drop_column vs shap,0.04761904761904762,0.2
oviedo_C3022_1415,Oviedo,238,0,permutation vs shap,-0.04761904761904762,0.2
oviedo_C3022_1415,Oviedo,238,1,drop_column vs permutation,0.14285714285714288,0.2
oviedo_C3022_1415,Oviedo,238,1,drop_column vs shap,-0.14285714285714288,0.5
oviedo_C3022_1415,Oviedo,238,1,permutation vs shap,0.33333333333333337,0.5
oviedo_C3022_1415,Oviedo,238,2,drop_column vs permutation,0.5238095238095238,0.5
oviedo_C3022_1415,Oviedo,238,2,drop_column vs shap,0.33333333333333337,0.5
oviedo_C3022_1415,Oviedo,238,2,permutation vs shap,0.23809523809523814,0.5
oviedo_C3029_1415,Oviedo,231,0,drop_column vs permutation,-0.23809523809523814,0.2
oviedo_C3029_1415,Oviedo,231,0,drop_column vs shap,0.23809523809523814,0.5
oviedo_C3029_1415,Oviedo,231,0,permutation vs shap,0.33333333333333337,0.5
oviedo_C3029_1415,Oviedo,231,1,drop_column vs permutation,0.23809523809523814,0.5
oviedo_C3029_1415,Oviedo,231,1,drop_column vs shap,-0.7142857142857143,0.0
oviedo_C3029_1415,Oviedo,231,1,permutation vs shap,-0.33333333333333337,0.2
oviedo_C3029_1415,Oviedo,231,2,drop_column vs permutation,0.33333333333333337,0.5
oviedo_C3029_1415,Oviedo,231,2,drop_column vs shap,-0.33333333333333337,0.2
oviedo_C3029_1415,Oviedo,231,2,permutation vs shap,0.14285714285714288,0.5
oviedo_C4189_1415,Oviedo,128,0,drop_column vs permutation,0.6190476190476191,0.5
oviedo_C4189_1415,Oviedo,128,0,drop_column vs shap,0.33333333333333337,0.5
oviedo_C4189_1415,Oviedo,128,0,permutation vs shap,0.5238095238095238,1.0
oviedo_C4189_1415,Oviedo,128,1,drop_column vs permutation,0.04761904761904762,0.5
oviedo_C4189_1415,Oviedo,128,1,drop_column vs shap,-0.14285714285714288,0.2
oviedo_C4189_1415,Oviedo,128,1,permutation vs shap,-0.33333333333333337,0.2
oviedo_C4189_1415,Oviedo,128,2,drop_column vs permutation,-0.04761904761904762,0.5
oviedo_C4189_1415,Oviedo,128,2,drop_column vs shap,-0.23809523809523814,0.2
oviedo_C4189_1415,Oviedo,128,2,permutation vs shap,0.6190476190476191,0.5
oviedo_C4213_1415,Oviedo,140,0,drop_column vs permutation,-0.23809523809523814,0.2
oviedo_C4213_1415,Oviedo,140,0,drop_column vs shap,0.04761904761904762,0.2
oviedo_C4213_1415,Oviedo,140,0,permutation vs shap,0.5238095238095238,1.0
oviedo_C4213_1415,Oviedo,140,1,drop_column vs permutation,0.33333333333333337,0.2
oviedo_C4213_1415,Oviedo,140,1,drop_column vs shap,-0.14285714285714288,0.2
oviedo_C4213_1415,Oviedo,140,1,permutation vs shap,0.14285714285714288,0.5
oviedo_C4213_1415,Oviedo,140,2,drop_column vs permutation,0.7142857142857143,1.0
oviedo_C4213_1415,Oviedo,140,2,drop_column vs shap,-0.04761904761904762,0.5
oviedo_C4213_1415,Oviedo,140,2,permutation vs shap,0.23809523809523814,0.5
oviedo_C836_1415,Oviedo,87,0,drop_column vs permutation,0.33333333333333337,0.2
oviedo_C836_1415,Oviedo,87,0,drop_column vs shap,0.33333333333333337,0.5
oviedo_C836_1415,Oviedo,87,0,permutation vs shap,-0.14285714285714288,0.2
oviedo_C836_1415,Oviedo,87,1,drop_column vs permutation,0.04761904761904762,0.5
oviedo_C836_1415,Oviedo,87,1,drop_column vs shap,0.33333333333333337,0.5
oviedo_C836_1415,Oviedo,87,1,permutation vs shap,0.14285714285714288,0.5
oviedo_C836_1415,Oviedo,87,2,drop_column vs permutation,0.7142857142857143,0.5
oviedo_C836_1415,Oviedo,87,2,drop_column vs shap,0.5238095238095238,0.5
oviedo_C836_1415,Oviedo,87,2,permutation vs shap,0.8095238095238096,1.0
