feature_set,n_features,source,target,distance,model,auc
S_shared7,7,oulad_BBB_2013B,oulad_BBB_2013B,D0_within_cohort,gradient_boosting,0.8596516951473467
S_shared7,7,oulad_BBB_2013B,oulad_BBB_2013J,D1_same_module,gradient_boosting,0.8559953718531804
S_shared7,7,oulad_BBB_2013B,oulad_BBB_2014B,D1_same_module,gradient_boosting,0.8550623950121251
S_shared7,7,oulad_BBB_2013B,oulad_BBB_2014J,D1_same_module,gradient_boosting,0.8406371832358674
S_shared7,7,oulad_BBB_2013B,oulad_DDD_2013B,D2_other_module,gradient_boosting,0.8046040105827956
S_shared7,7,oulad_BBB_2013B,oulad_DDD_2013J,D2_other_module,gradient_boosting,0.8297175973311899
S_shared7,7,oulad_BBB_2013B,oulad_DDD_2014B,D2_other_module,gradient_boosting,0.8235113763375524
S_shared7,7,oulad_BBB_2013B,oulad_DDD_2014J,D2_other_module,gradient_boosting,0.8375651919791385
S_shared7,7,oulad_BBB_2013B,oulad_FFF_2013B,D2_other_module,gradient_boosting,0.7390758717784773
S_shared7,7,oulad_BBB_2013B,oulad_FFF_2013J,D2_other_module,gradient_boosting,0.7991605553249389
S_shared7,7,oulad_BBB_2013B,oulad_FFF_2014B,D2_other_module,gradient_boosting,0.7695234273899119
S_shared7,7,oulad_BBB_2013B,oulad_FFF_2014J,D2_other_module,gradient_boosting,0.8277778016895072
S_shared7,7,oulad_BBB_2013J,oulad_BBB_2013B,D1_same_module,gradient_boosting,0.8435560631036104
S_shared7,7,oulad_BBB_2013J,oulad_BBB_2013J,D0_within_cohort,gradient_boosting,0.8597867689449746
S_shared7,7,oulad_BBB_2013J,oulad_BBB_2014B,D1_same_module,gradient_boosting,0.8602322230881727
S_shared7,7,oulad_BBB_2013J,oulad_BBB_2014J,D1_same_module,gradient_boosting,0.843969678971735
S_shared7,7,oulad_BBB_2013J,oulad_DDD_2013B,D2_other_module,gradient_boosting,0.7579185520361991
S_shared7,7,oulad_BBB_2013J,oulad_DDD_2013J,D2_other_module,gradient_boosting,0.8106782863314846
S_shared7,7,oulad_BBB_2013J,oulad_DDD_2014B,D2_other_module,gradient_boosting,0.8293744477675176
S_shared7,7,oulad_BBB_2013J,oulad_DDD_2014J,D2_other_module,gradient_boosting,0.8277083395777758
S_shared7,7,oulad_BBB_2013J,oulad_FFF_2013B,D2_other_module,gradient_boosting,0.7468353457603778
S_shared7,7,oulad_BBB_2013J,oulad_FFF_2013J,D2_other_module,gradient_boosting,0.8419799209753548
S_shared7,7,oulad_BBB_2013J,oulad_FFF_2014B,D2_other_module,gradient_boosting,0.7938039054084339
S_shared7,7,oulad_BBB_2013J,oulad_FFF_2014J,D2_other_module,gradient_boosting,0.8619771939489934
S_shared7,7,oulad_BBB_2014B,oulad_BBB_2013B,D1_same_module,gradient_boosting,0.8584774161210812
S_shared7,7,oulad_BBB_2014B,oulad_BBB_2013J,D1_same_module,gradient_boosting,0.8652196367945679
S_shared7,7,oulad_BBB_2014B,oulad_BBB_2014B,D0_within_cohort,gradient_boosting,0.8534066527769584
S_shared7,7,oulad_BBB_2014B,oulad_BBB_2014J,D1_same_module,gradient_boosting,0.856578947368421
S_shared7,7,oulad_BBB_2014B,oulad_DDD_2013B,D2_other_module,gradient_boosting,0.8178201419281457
S_shared7,7,oulad_BBB_2014B,oulad_DDD_2013J,D2_other_module,gradient_boosting,0.8479536330124945
S_shared7,7,oulad_BBB_2014B,oulad_DDD_2014B,D2_other_module,gradient_boosting,0.854048961593886
S_shared7,7,oulad_BBB_2014B,oulad_DDD_2014J,D2_other_module,gradient_boosting,0.8565670303429946
S_shared7,7,oulad_BBB_2014B,oulad_FFF_2013B,D2_other_module,gradient_boosting,0.7995378283002164
S_shared7,7,oulad_BBB_2014B,oulad_FFF_2013J,D2_other_module,gradient_boosting,0.8591881524529925
S_shared7,7,oulad_BBB_2014B,oulad_FFF_2014B,D2_other_module,gradient_boosting,0.8467712784031347
S_shared7,7,oulad_BBB_2014B,oulad_FFF_2014J,D2_other_module,gradient_boosting,0.8859507351422079
S_shared7,7,oulad_BBB_2014J,oulad_BBB_2013B,D1_same_module,gradient_boosting,0.836464528764023
S_shared7,7,oulad_BBB_2014J,oulad_BBB_2013J,D1_same_module,gradient_boosting,0.8462710588687465
S_shared7,7,oulad_BBB_2014J,oulad_BBB_2014B,D1_same_module,gradient_boosting,0.8457706769835528
S_shared7,7,oulad_BBB_2014J,oulad_BBB_2014J,D0_within_cohort,gradient_boosting,0.8686673824317739
S_shared7,7,oulad_BBB_2014J,oulad_DDD_2013B,D2_other_module,gradient_boosting,0.828287960833766
S_shared7,7,oulad_BBB_2014J,oulad_DDD_2013J,D2_other_module,gradient_boosting,0.8466124841058082
S_shared7,7,oulad_BBB_2014J,oulad_DDD_2014B,D2_other_module,gradient_boosting,0.8429039693843705
S_shared7,7,oulad_BBB_2014J,oulad_DDD_2014J,D2_other_module,gradient_boosting,0.8267342065561651
S_shared7,7,oulad_BBB_2014J,oulad_FFF_2013B,D2_other_module,gradient_boosting,0.8399874581939799
S_shared7,7,oulad_BBB_2014J,oulad_FFF_2013J,D2_other_module,gradient_boosting,0.8693906338883508
S_shared7,7,oulad_BBB_2014J,oulad_FFF_2014B,D2_other_module,gradient_boosting,0.8606628783771084
S_shared7,7,oulad_BBB_2014J,oulad_FFF_2014J,D2_other_module,gradient_boosting,0.8931977825218649
S_shared7,7,oulad_DDD_2013B,oulad_BBB_2013B,D2_other_module,gradient_boosting,0.8545076037473582
S_shared7,7,oulad_DDD_2013B,oulad_BBB_2013J,D2_other_module,gradient_boosting,0.829650166549228
S_shared7,7,oulad_DDD_2013B,oulad_BBB_2014B,D2_other_module,gradient_boosting,0.8355226183859579
S_shared7,7,oulad_DDD_2013B,oulad_BBB_2014J,D2_other_module,gradient_boosting,0.8354680646929824
S_shared7,7,oulad_DDD_2013B,oulad_DDD_2013B,D0_within_cohort,gradient_boosting,0.8224229162030512
S_shared7,7,oulad_DDD_2013B,oulad_DDD_2013J,D1_same_module,gradient_boosting,0.8612889822387505
S_shared7,7,oulad_DDD_2013B,oulad_DDD_2014B,D1_same_module,gradient_boosting,0.8580724194541922
S_shared7,7,oulad_DDD_2013B,oulad_DDD_2014J,D1_same_module,gradient_boosting,0.85063980557304
S_shared7,7,oulad_DDD_2013B,oulad_FFF_2013B,D2_other_module,gradient_boosting,0.8211025108203818
S_shared7,7,oulad_DDD_2013B,oulad_FFF_2013J,D2_other_module,gradient_boosting,0.8599464969327982
S_shared7,7,oulad_DDD_2013B,oulad_FFF_2014B,D2_other_module,gradient_boosting,0.8591184635738607
S_shared7,7,oulad_DDD_2013B,oulad_FFF_2014J,D2_other_module,gradient_boosting,0.8861655820306222
S_shared7,7,oulad_DDD_2013J,oulad_BBB_2013B,D2_other_module,gradient_boosting,0.8451889439498148
S_shared7,7,oulad_DDD_2013J,oulad_BBB_2013J,D2_other_module,gradient_boosting,0.8252858561270898
S_shared7,7,oulad_DDD_2013J,oulad_BBB_2014B,D2_other_module,gradient_boosting,0.8448593589413187
S_shared7,7,oulad_DDD_2013J,oulad_BBB_2014J,D2_other_module,gradient_boosting,0.8243718019005849
S_shared7,7,oulad_DDD_2013J,oulad_DDD_2013B,D1_same_module,gradient_boosting,0.832906807111243
S_shared7,7,oulad_DDD_2013J,oulad_DDD_2013J,D0_within_cohort,gradient_boosting,0.8592495222225003
S_shared7,7,oulad_DDD_2013J,oulad_DDD_2014B,D1_same_module,gradient_boosting,0.856563100139086
S_shared7,7,oulad_DDD_2013J,oulad_DDD_2014J,D1_same_module,gradient_boosting,0.8495239237079001
S_shared7,7,oulad_DDD_2013J,oulad_FFF_2013B,D2_other_module,gradient_boosting,0.8188977043576627
S_shared7,7,oulad_DDD_2013J,oulad_FFF_2013J,D2_other_module,gradient_boosting,0.860355841520225
S_shared7,7,oulad_DDD_2013J,oulad_FFF_2014B,D2_other_module,gradient_boosting,0.8618557558143738
S_shared7,7,oulad_DDD_2013J,oulad_FFF_2014J,D2_other_module,gradient_boosting,0.8886730855312995
S_shared7,7,oulad_DDD_2014B,oulad_BBB_2013B,D2_other_module,gradient_boosting,0.8426685716943205
S_shared7,7,oulad_DDD_2014B,oulad_BBB_2013J,D2_other_module,gradient_boosting,0.8182491512395105
S_shared7,7,oulad_DDD_2014B,oulad_BBB_2014B,D2_other_module,gradient_boosting,0.8217333051813166
S_shared7,7,oulad_DDD_2014B,oulad_BBB_2014J,D2_other_module,gradient_boosting,0.8117115162037037
S_shared7,7,oulad_DDD_2014B,oulad_DDD_2013B,D1_same_module,gradient_boosting,0.8189241648740202
S_shared7,7,oulad_DDD_2014B,oulad_DDD_2013J,D1_same_module,gradient_boosting,0.8429920346849606
S_shared7,7,oulad_DDD_2014B,oulad_DDD_2014B,D0_within_cohort,gradient_boosting,0.8574592149309727
S_shared7,7,oulad_DDD_2014B,oulad_DDD_2014J,D1_same_module,gradient_boosting,0.8398050734845987
S_shared7,7,oulad_DDD_2014B,oulad_FFF_2013B,D2_other_module,gradient_boosting,0.8177518812709029
S_shared7,7,oulad_DDD_2014B,oulad_FFF_2013J,D2_other_module,gradient_boosting,0.8475051120028289
S_shared7,7,oulad_DDD_2014B,oulad_FFF_2014B,D2_other_module,gradient_boosting,0.8410861329805307
S_shared7,7,oulad_DDD_2014B,oulad_FFF_2014J,D2_other_module,gradient_boosting,0.8778823198585957
S_shared7,7,oulad_DDD_2014J,oulad_BBB_2013B,D2_other_module,gradient_boosting,0.8444370953323377
S_shared7,7,oulad_DDD_2014J,oulad_BBB_2013J,D2_other_module,gradient_boosting,0.8466045576836845
S_shared7,7,oulad_DDD_2014J,oulad_BBB_2014B,D2_other_module,gradient_boosting,0.8419623922176235
S_shared7,7,oulad_DDD_2014J,oulad_BBB_2014J,D2_other_module,gradient_boosting,0.8266359801413256
S_shared7,7,oulad_DDD_2014J,oulad_DDD_2013B,D1_same_module,gradient_boosting,0.8088247657196548
S_shared7,7,oulad_DDD_2014J,oulad_DDD_2013J,D1_same_module,gradient_boosting,0.8462595215589961
S_shared7,7,oulad_DDD_2014J,oulad_DDD_2014B,D1_same_module,gradient_boosting,0.8487266250616687
S_shared7,7,oulad_DDD_2014J,oulad_DDD_2014J,D0_within_cohort,gradient_boosting,0.8530757625713116
S_shared7,7,oulad_DDD_2014J,oulad_FFF_2013B,D2_other_module,gradient_boosting,0.7684561282707062
S_shared7,7,oulad_DDD_2014J,oulad_FFF_2013J,D2_other_module,gradient_boosting,0.8258271451193826
S_shared7,7,oulad_DDD_2014J,oulad_FFF_2014B,D2_other_module,gradient_boosting,0.8018739020105408
S_shared7,7,oulad_DDD_2014J,oulad_FFF_2014J,D2_other_module,gradient_boosting,0.8493930485733308
S_shared7,7,oulad_FFF_2013B,oulad_BBB_2013B,D2_other_module,gradient_boosting,0.8572798840447905
S_shared7,7,oulad_FFF_2013B,oulad_BBB_2013J,D2_other_module,gradient_boosting,0.844771315098328
S_shared7,7,oulad_FFF_2013B,oulad_BBB_2014B,D2_other_module,gradient_boosting,0.8508077662306208
S_shared7,7,oulad_FFF_2013B,oulad_BBB_2014J,D2_other_module,gradient_boosting,0.8528242263645226
S_shared7,7,oulad_FFF_2013B,oulad_DDD_2013B,D2_other_module,gradient_boosting,0.821215043394407
S_shared7,7,oulad_FFF_2013B,oulad_DDD_2013J,D2_other_module,gradient_boosting,0.8437882398753046
S_shared7,7,oulad_FFF_2013B,oulad_DDD_2014B,D2_other_module,gradient_boosting,0.8409556513765049
S_shared7,7,oulad_FFF_2013B,oulad_DDD_2014J,D2_other_module,gradient_boosting,0.82119601055061
S_shared7,7,oulad_FFF_2013B,oulad_FFF_2013B,D0_within_cohort,gradient_boosting,0.8306302872319495
S_shared7,7,oulad_FFF_2013B,oulad_FFF_2013J,D1_same_module,gradient_boosting,0.868329028488846
S_shared7,7,oulad_FFF_2013B,oulad_FFF_2014B,D1_same_module,gradient_boosting,0.8614319228461333
S_shared7,7,oulad_FFF_2013B,oulad_FFF_2014J,D1_same_module,gradient_boosting,0.9008035058421138
S_shared7,7,oulad_FFF_2013J,oulad_BBB_2013B,D2_other_module,gradient_boosting,0.8487305126522429
S_shared7,7,oulad_FFF_2013J,oulad_BBB_2013J,D2_other_module,gradient_boosting,0.8485975433988855
S_shared7,7,oulad_FFF_2013J,oulad_BBB_2014B,D2_other_module,gradient_boosting,0.8420019809911786
S_shared7,7,oulad_FFF_2013J,oulad_BBB_2014J,D2_other_module,gradient_boosting,0.8510747898391813
S_shared7,7,oulad_FFF_2013J,oulad_DDD_2013B,D2_other_module,gradient_boosting,0.818361644784017
S_shared7,7,oulad_FFF_2013J,oulad_DDD_2013J,D2_other_module,gradient_boosting,0.842281758743301
S_shared7,7,oulad_FFF_2013J,oulad_DDD_2014B,D2_other_module,gradient_boosting,0.8357169336429087
S_shared7,7,oulad_FFF_2013J,oulad_DDD_2014J,D2_other_module,gradient_boosting,0.8389970426320574
S_shared7,7,oulad_FFF_2013J,oulad_FFF_2013B,D1_same_module,gradient_boosting,0.8410210813004131
S_shared7,7,oulad_FFF_2013J,oulad_FFF_2013J,D0_within_cohort,gradient_boosting,0.8779076918346325
S_shared7,7,oulad_FFF_2013J,oulad_FFF_2014B,D1_same_module,gradient_boosting,0.8623699582854376
S_shared7,7,oulad_FFF_2013J,oulad_FFF_2014J,D1_same_module,gradient_boosting,0.9001600412046922
S_shared7,7,oulad_FFF_2014B,oulad_BBB_2013B,D2_other_module,gradient_boosting,0.8369657611756742
S_shared7,7,oulad_FFF_2014B,oulad_BBB_2013J,D2_other_module,gradient_boosting,0.847732368201909
S_shared7,7,oulad_FFF_2014B,oulad_BBB_2014B,D2_other_module,gradient_boosting,0.8371542968568066
S_shared7,7,oulad_FFF_2014B,oulad_BBB_2014J,D2_other_module,gradient_boosting,0.8594720851608189
S_shared7,7,oulad_FFF_2014B,oulad_DDD_2013B,D2_other_module,gradient_boosting,0.8319696857305343
S_shared7,7,oulad_FFF_2014B,oulad_DDD_2013J,D2_other_module,gradient_boosting,0.8508958939959385
S_shared7,7,oulad_FFF_2014B,oulad_DDD_2014B,D2_other_module,gradient_boosting,0.850511886412224
S_shared7,7,oulad_FFF_2014B,oulad_DDD_2014J,D2_other_module,gradient_boosting,0.8493927904165293
S_shared7,7,oulad_FFF_2014B,oulad_FFF_2013B,D1_same_module,gradient_boosting,0.835759209620303
S_shared7,7,oulad_FFF_2014B,oulad_FFF_2013J,D1_same_module,gradient_boosting,0.8727276570883877
S_shared7,7,oulad_FFF_2014B,oulad_FFF_2014B,D0_within_cohort,gradient_boosting,0.8598143087455989
S_shared7,7,oulad_FFF_2014B,oulad_FFF_2014J,D1_same_module,gradient_boosting,0.8969204801092672
S_shared7,7,oulad_FFF_2014J,oulad_BBB_2013B,D2_other_module,gradient_boosting,0.8376497883972447
S_shared7,7,oulad_FFF_2014J,oulad_BBB_2013J,D2_other_module,gradient_boosting,0.847741976811223
S_shared7,7,oulad_FFF_2014J,oulad_BBB_2014B,D2_other_module,gradient_boosting,0.8524394447014698
S_shared7,7,oulad_FFF_2014J,oulad_BBB_2014J,D2_other_module,gradient_boosting,0.8514265807748538
S_shared7,7,oulad_FFF_2014J,oulad_DDD_2013B,D2_other_module,gradient_boosting,0.8154377766238905
S_shared7,7,oulad_FFF_2014J,oulad_DDD_2013J,D2_other_module,gradient_boosting,0.8490973621896077
S_shared7,7,oulad_FFF_2014J,oulad_DDD_2014B,D2_other_module,gradient_boosting,0.8476144950400117
S_shared7,7,oulad_FFF_2014J,oulad_DDD_2014J,D2_other_module,gradient_boosting,0.839791335711217
S_shared7,7,oulad_FFF_2014J,oulad_FFF_2013B,D1_same_module,gradient_boosting,0.8460915982195554
S_shared7,7,oulad_FFF_2014J,oulad_FFF_2013J,D1_same_module,gradient_boosting,0.876824946573805
S_shared7,7,oulad_FFF_2014J,oulad_FFF_2014B,D1_same_module,gradient_boosting,0.8682638572595629
S_shared7,7,oulad_FFF_2014J,oulad_FFF_2014J,D0_within_cohort,gradient_boosting,0.8971514674150081
E_rich_engagement,11,oulad_BBB_2013B,oulad_BBB_2013B,D0_within_cohort,gradient_boosting,0.8611198668892069
E_rich_engagement,11,oulad_BBB_2013B,oulad_BBB_2013J,D1_same_module,gradient_boosting,0.8597215104733842
E_rich_engagement,11,oulad_BBB_2013B,oulad_BBB_2014B,D1_same_module,gradient_boosting,0.8565450333942949
E_rich_engagement,11,oulad_BBB_2013B,oulad_BBB_2014J,D1_same_module,gradient_boosting,0.8284200627436646
E_rich_engagement,11,oulad_BBB_2013B,oulad_DDD_2013B,D2_other_module,gradient_boosting,0.8005476843953218
E_rich_engagement,11,oulad_BBB_2013B,oulad_DDD_2013J,D2_other_module,gradient_boosting,0.8180932190945668
E_rich_engagement,11,oulad_BBB_2013B,oulad_DDD_2014B,D2_other_module,gradient_boosting,0.8285870374138378
E_rich_engagement,11,oulad_BBB_2013B,oulad_DDD_2014J,D2_other_module,gradient_boosting,0.8381321873532557
E_rich_engagement,11,oulad_BBB_2013B,oulad_FFF_2013B,D2_other_module,gradient_boosting,0.7035545875959079
E_rich_engagement,11,oulad_BBB_2013B,oulad_FFF_2013J,D2_other_module,gradient_boosting,0.7810948141998371
E_rich_engagement,11,oulad_BBB_2013B,oulad_FFF_2014B,D2_other_module,gradient_boosting,0.7557059304082533
E_rich_engagement,11,oulad_BBB_2013B,oulad_FFF_2014J,D2_other_module,gradient_boosting,0.8146714241443427
E_rich_engagement,11,oulad_BBB_2013J,oulad_BBB_2013B,D1_same_module,gradient_boosting,0.8550211086020783
E_rich_engagement,11,oulad_BBB_2013J,oulad_BBB_2013J,D0_within_cohort,gradient_boosting,0.8645882710908974
E_rich_engagement,11,oulad_BBB_2013J,oulad_BBB_2014B,D1_same_module,gradient_boosting,0.8672029522357565
E_rich_engagement,11,oulad_BBB_2013J,oulad_BBB_2014J,D1_same_module,gradient_boosting,0.8432645741959066
E_rich_engagement,11,oulad_BBB_2013J,oulad_DDD_2013B,D2_other_module,gradient_boosting,0.7365279529213956
E_rich_engagement,11,oulad_BBB_2013J,oulad_DDD_2013J,D2_other_module,gradient_boosting,0.8023072547127842
E_rich_engagement,11,oulad_BBB_2013J,oulad_DDD_2014B,D2_other_module,gradient_boosting,0.8217595625064458
E_rich_engagement,11,oulad_BBB_2013J,oulad_DDD_2014J,D2_other_module,gradient_boosting,0.8249845137827333
E_rich_engagement,11,oulad_BBB_2013J,oulad_FFF_2013B,D2_other_module,gradient_boosting,0.6644206177454259
E_rich_engagement,11,oulad_BBB_2013J,oulad_FFF_2013J,D2_other_module,gradient_boosting,0.8044005504051167
E_rich_engagement,11,oulad_BBB_2013J,oulad_FFF_2014B,D2_other_module,gradient_boosting,0.7156677221824596
E_rich_engagement,11,oulad_BBB_2013J,oulad_FFF_2014J,D2_other_module,gradient_boosting,0.8346324575901568
E_rich_engagement,11,oulad_BBB_2014B,oulad_BBB_2013B,D1_same_module,gradient_boosting,0.8653228556812369
E_rich_engagement,11,oulad_BBB_2014B,oulad_BBB_2013J,D1_same_module,gradient_boosting,0.8694466241752611
E_rich_engagement,11,oulad_BBB_2014B,oulad_BBB_2014B,D0_within_cohort,gradient_boosting,0.8528539624481077
E_rich_engagement,11,oulad_BBB_2014B,oulad_BBB_2014J,D1_same_module,gradient_boosting,0.8469279209307993
E_rich_engagement,11,oulad_BBB_2014B,oulad_DDD_2013B,D2_other_module,gradient_boosting,0.8205239472838315
E_rich_engagement,11,oulad_BBB_2014B,oulad_DDD_2013J,D2_other_module,gradient_boosting,0.8379972611411622
E_rich_engagement,11,oulad_BBB_2014B,oulad_DDD_2014B,D2_other_module,gradient_boosting,0.834650793960493
E_rich_engagement,11,oulad_BBB_2014B,oulad_DDD_2014J,D2_other_module,gradient_boosting,0.8394716202579704
E_rich_engagement,11,oulad_BBB_2014B,oulad_FFF_2013B,D2_other_module,gradient_boosting,0.6096639533739918
E_rich_engagement,11,oulad_BBB_2014B,oulad_FFF_2013J,D2_other_module,gradient_boosting,0.6951339882846732
E_rich_engagement,11,oulad_BBB_2014B,oulad_FFF_2014B,D2_other_module,gradient_boosting,0.6442541262714989
E_rich_engagement,11,oulad_BBB_2014B,oulad_FFF_2014J,D2_other_module,gradient_boosting,0.7278481739090513
E_rich_engagement,11,oulad_BBB_2014J,oulad_BBB_2013B,D1_same_module,gradient_boosting,0.8403355156751395
E_rich_engagement,11,oulad_BBB_2014J,oulad_BBB_2013J,D1_same_module,gradient_boosting,0.8450215392992122
E_rich_engagement,11,oulad_BBB_2014J,oulad_BBB_2014B,D1_same_module,gradient_boosting,0.8507635199542943
E_rich_engagement,11,oulad_BBB_2014J,oulad_BBB_2014J,D0_within_cohort,gradient_boosting,0.870472785696881
E_rich_engagement,11,oulad_BBB_2014J,oulad_DDD_2013B,D2_other_module,gradient_boosting,0.7774163637712335
E_rich_engagement,11,oulad_BBB_2014J,oulad_DDD_2013J,D2_other_module,gradient_boosting,0.80595380922184
E_rich_engagement,11,oulad_BBB_2014J,oulad_DDD_2014B,D2_other_module,gradient_boosting,0.8247489345571409
E_rich_engagement,11,oulad_BBB_2014J,oulad_DDD_2014J,D2_other_module,gradient_boosting,0.7990775709618438
E_rich_engagement,11,oulad_BBB_2014J,oulad_FFF_2013B,D2_other_module,gradient_boosting,0.8386464378811725
E_rich_engagement,11,oulad_BBB_2014J,oulad_FFF_2013J,D2_other_module,gradient_boosting,0.8753428501145396
E_rich_engagement,11,oulad_BBB_2014J,oulad_FFF_2014B,D2_other_module,gradient_boosting,0.8661202926525979
E_rich_engagement,11,oulad_BBB_2014J,oulad_FFF_2014J,D2_other_module,gradient_boosting,0.9004355043270665
E_rich_engagement,11,oulad_DDD_2013B,oulad_BBB_2013B,D2_other_module,gradient_boosting,0.8539592193176004
E_rich_engagement,11,oulad_DDD_2013B,oulad_BBB_2013J,D2_other_module,gradient_boosting,0.8556991063993338
E_rich_engagement,11,oulad_DDD_2013B,oulad_BBB_2014B,D2_other_module,gradient_boosting,0.8548070086101702
E_rich_engagement,11,oulad_DDD_2013B,oulad_BBB_2014J,D2_other_module,gradient_boosting,0.8270037615740741
E_rich_engagement,11,oulad_DDD_2013B,oulad_DDD_2013B,D0_within_cohort,gradient_boosting,0.8276067551863115
E_rich_engagement,11,oulad_DDD_2013B,oulad_DDD_2013J,D1_same_module,gradient_boosting,0.8591750139499065
E_rich_engagement,11,oulad_DDD_2013B,oulad_DDD_2014B,D1_same_module,gradient_boosting,0.8616931134344749
E_rich_engagement,11,oulad_DDD_2013B,oulad_DDD_2014J,D1_same_module,gradient_boosting,0.8503082256791454
E_rich_engagement,11,oulad_DDD_2013B,oulad_FFF_2013B,D2_other_module,gradient_boosting,0.8231090460849892
E_rich_engagement,11,oulad_DDD_2013B,oulad_FFF_2013J,D2_other_module,gradient_boosting,0.862641637070861
E_rich_engagement,11,oulad_DDD_2013B,oulad_FFF_2014B,D2_other_module,gradient_boosting,0.8605625682289746
E_rich_engagement,11,oulad_DDD_2013B,oulad_FFF_2014J,D2_other_module,gradient_boosting,0.8835027718476689
E_rich_engagement,11,oulad_DDD_2013J,oulad_BBB_2013B,D2_other_module,gradient_boosting,0.8364638828459665
E_rich_engagement,11,oulad_DDD_2013J,oulad_BBB_2013J,D2_other_module,gradient_boosting,0.8016839087822689
E_rich_engagement,11,oulad_DDD_2013J,oulad_BBB_2014B,D2_other_module,gradient_boosting,0.8198889340839157
E_rich_engagement,11,oulad_DDD_2013J,oulad_BBB_2014J,D2_other_module,gradient_boosting,0.8088377954434698
E_rich_engagement,11,oulad_DDD_2013J,oulad_DDD_2013B,D1_same_module,gradient_boosting,0.8347897040278912
E_rich_engagement,11,oulad_DDD_2013J,oulad_DDD_2013J,D0_within_cohort,gradient_boosting,0.8606940037700098
E_rich_engagement,11,oulad_DDD_2013J,oulad_DDD_2014B,D1_same_module,gradient_boosting,0.8594131075254132
E_rich_engagement,11,oulad_DDD_2013J,oulad_DDD_2014J,D1_same_module,gradient_boosting,0.8478816353445433
E_rich_engagement,11,oulad_DDD_2013J,oulad_FFF_2013B,D2_other_module,gradient_boosting,0.7477406305331497
E_rich_engagement,11,oulad_DDD_2013J,oulad_FFF_2013J,D2_other_module,gradient_boosting,0.8077821594944883
E_rich_engagement,11,oulad_DDD_2013J,oulad_FFF_2014B,D2_other_module,gradient_boosting,0.8007713940760983
E_rich_engagement,11,oulad_DDD_2013J,oulad_FFF_2014J,D2_other_module,gradient_boosting,0.8432345826733696
E_rich_engagement,11,oulad_DDD_2014B,oulad_BBB_2013B,D2_other_module,gradient_boosting,0.863424502513913
E_rich_engagement,11,oulad_DDD_2014B,oulad_BBB_2013J,D2_other_module,gradient_boosting,0.8496669015437832
E_rich_engagement,11,oulad_DDD_2014B,oulad_BBB_2014B,D2_other_module,gradient_boosting,0.8498972244388485
E_rich_engagement,11,oulad_DDD_2014B,oulad_BBB_2014J,D2_other_module,gradient_boosting,0.8458154392056532
E_rich_engagement,11,oulad_DDD_2014B,oulad_DDD_2013B,D1_same_module,gradient_boosting,0.8231881907870336
E_rich_engagement,11,oulad_DDD_2014B,oulad_DDD_2013J,D1_same_module,gradient_boosting,0.8444647967446954
E_rich_engagement,11,oulad_DDD_2014B,oulad_DDD_2014B,D0_within_cohort,gradient_boosting,0.8576278461748582
E_rich_engagement,11,oulad_DDD_2014B,oulad_DDD_2014J,D1_same_module,gradient_boosting,0.845048531806692
E_rich_engagement,11,oulad_DDD_2014B,oulad_FFF_2013B,D2_other_module,gradient_boosting,0.8240281637320479
E_rich_engagement,11,oulad_DDD_2014B,oulad_FFF_2013J,D2_other_module,gradient_boosting,0.8657611118798334
E_rich_engagement,11,oulad_DDD_2014B,oulad_FFF_2014B,D2_other_module,gradient_boosting,0.8575162122888065
E_rich_engagement,11,oulad_DDD_2014B,oulad_FFF_2014J,D2_other_module,gradient_boosting,0.8943369373091844
E_rich_engagement,11,oulad_DDD_2014J,oulad_BBB_2013B,D2_other_module,gradient_boosting,0.8466080259193998
E_rich_engagement,11,oulad_DDD_2014J,oulad_BBB_2013J,D2_other_module,gradient_boosting,0.8467699058356287
E_rich_engagement,11,oulad_DDD_2014J,oulad_BBB_2014B,D2_other_module,gradient_boosting,0.8442212810616623
E_rich_engagement,11,oulad_DDD_2014J,oulad_BBB_2014J,D2_other_module,gradient_boosting,0.8141276041666667
E_rich_engagement,11,oulad_DDD_2014J,oulad_DDD_2013B,D1_same_module,gradient_boosting,0.8138219222115075
E_rich_engagement,11,oulad_DDD_2014J,oulad_DDD_2013J,D1_same_module,gradient_boosting,0.8437099246106807
E_rich_engagement,11,oulad_DDD_2014J,oulad_DDD_2014B,D1_same_module,gradient_boosting,0.855345052972509
E_rich_engagement,11,oulad_DDD_2014J,oulad_DDD_2014J,D0_within_cohort,gradient_boosting,0.8554498995893655
E_rich_engagement,11,oulad_DDD_2014J,oulad_FFF_2013B,D2_other_module,gradient_boosting,0.7372476268935667
E_rich_engagement,11,oulad_DDD_2014J,oulad_FFF_2013J,D2_other_module,gradient_boosting,0.8106752456067524
E_rich_engagement,11,oulad_DDD_2014J,oulad_FFF_2014B,D2_other_module,gradient_boosting,0.7884603567065016
E_rich_engagement,11,oulad_DDD_2014J,oulad_FFF_2014J,D2_other_module,gradient_boosting,0.8451301850193972
E_rich_engagement,11,oulad_FFF_2013B,oulad_BBB_2013B,D2_other_module,gradient_boosting,0.8412708050205919
E_rich_engagement,11,oulad_FFF_2013B,oulad_BBB_2013J,D2_other_module,gradient_boosting,0.83995700147332
E_rich_engagement,11,oulad_FFF_2013B,oulad_BBB_2014B,D2_other_module,gradient_boosting,0.8460074333744229
E_rich_engagement,11,oulad_FFF_2013B,oulad_BBB_2014J,D2_other_module,gradient_boosting,0.8527317099171541
E_rich_engagement,11,oulad_FFF_2013B,oulad_DDD_2013B,D2_other_module,gradient_boosting,0.7955567094429197
E_rich_engagement,11,oulad_FFF_2013B,oulad_DDD_2013J,D2_other_module,gradient_boosting,0.83704442542157
E_rich_engagement,11,oulad_FFF_2013B,oulad_DDD_2014B,D2_other_module,gradient_boosting,0.8395647920261113
E_rich_engagement,11,oulad_FFF_2013B,oulad_DDD_2014J,D2_other_module,gradient_boosting,0.8263857666676658
E_rich_engagement,11,oulad_FFF_2013B,oulad_FFF_2013B,D0_within_cohort,gradient_boosting,0.8352550782018494
E_rich_engagement,11,oulad_FFF_2013B,oulad_FFF_2013J,D1_same_module,gradient_boosting,0.8732423166213119
E_rich_engagement,11,oulad_FFF_2013B,oulad_FFF_2014B,D1_same_module,gradient_boosting,0.8612240729896401
E_rich_engagement,11,oulad_FFF_2013B,oulad_FFF_2014J,D1_same_module,gradient_boosting,0.8989265546449968
E_rich_engagement,11,oulad_FFF_2013J,oulad_BBB_2013B,D2_other_module,gradient_boosting,0.846095812900792
E_rich_engagement,11,oulad_FFF_2013J,oulad_BBB_2013J,D2_other_module,gradient_boosting,0.8449686919479854
E_rich_engagement,11,oulad_FFF_2013J,oulad_BBB_2014B,D2_other_module,gradient_boosting,0.8340143637385464
E_rich_engagement,11,oulad_FFF_2013J,oulad_BBB_2014J,D2_other_module,gradient_boosting,0.8514817860623782
E_rich_engagement,11,oulad_FFF_2013J,oulad_DDD_2013B,D2_other_module,gradient_boosting,0.8135561160151322
E_rich_engagement,11,oulad_FFF_2013J,oulad_DDD_2013J,D2_other_module,gradient_boosting,0.8446807075784158
E_rich_engagement,11,oulad_FFF_2013J,oulad_DDD_2014B,D2_other_module,gradient_boosting,0.8426963160344622
E_rich_engagement,11,oulad_FFF_2013J,oulad_DDD_2014J,D2_other_module,gradient_boosting,0.8380585029323901
E_rich_engagement,11,oulad_FFF_2013J,oulad_FFF_2013B,D1_same_module,gradient_boosting,0.8426756467637222
E_rich_engagement,11,oulad_FFF_2013J,oulad_FFF_2013J,D0_within_cohort,gradient_boosting,0.880764263640976
E_rich_engagement,11,oulad_FFF_2013J,oulad_FFF_2014B,D1_same_module,gradient_boosting,0.8603465851172273
E_rich_engagement,11,oulad_FFF_2013J,oulad_FFF_2014J,D1_same_module,gradient_boosting,0.903199461125267
E_rich_engagement,11,oulad_FFF_2014B,oulad_BBB_2013B,D2_other_module,gradient_boosting,0.8359787983857215
E_rich_engagement,11,oulad_FFF_2014B,oulad_BBB_2013J,D2_other_module,gradient_boosting,0.8422906924604445
E_rich_engagement,11,oulad_FFF_2014B,oulad_BBB_2014B,D2_other_module,gradient_boosting,0.8331208994569351
E_rich_engagement,11,oulad_FFF_2014B,oulad_BBB_2014J,D2_other_module,gradient_boosting,0.8589466831140351
E_rich_engagement,11,oulad_FFF_2014B,oulad_DDD_2013B,D2_other_module,gradient_boosting,0.8304094651732068
E_rich_engagement,11,oulad_FFF_2014B,oulad_DDD_2013J,D2_other_module,gradient_boosting,0.8511362783498538
E_rich_engagement,11,oulad_FFF_2014B,oulad_DDD_2014B,D2_other_module,gradient_boosting,0.8552405294742329
E_rich_engagement,11,oulad_FFF_2014B,oulad_DDD_2014J,D2_other_module,gradient_boosting,0.8513154542457213
E_rich_engagement,11,oulad_FFF_2014B,oulad_FFF_2013B,D1_same_module,gradient_boosting,0.8387563323824514
E_rich_engagement,11,oulad_FFF_2014B,oulad_FFF_2013J,D1_same_module,gradient_boosting,0.8775075719139646
E_rich_engagement,11,oulad_FFF_2014B,oulad_FFF_2014B,D0_within_cohort,gradient_boosting,0.8617265274253368
E_rich_engagement,11,oulad_FFF_2014B,oulad_FFF_2014J,D1_same_module,gradient_boosting,0.8998555253311297
E_rich_engagement,11,oulad_FFF_2014J,oulad_BBB_2013B,D2_other_module,gradient_boosting,0.8443938188225689
E_rich_engagement,11,oulad_FFF_2014J,oulad_BBB_2013J,D2_other_module,gradient_boosting,0.8479533662161298
E_rich_engagement,11,oulad_FFF_2014J,oulad_BBB_2014B,D2_other_module,gradient_boosting,0.852365700907592
E_rich_engagement,11,oulad_FFF_2014J,oulad_BBB_2014J,D2_other_module,gradient_boosting,0.8516230354532163
E_rich_engagement,11,oulad_FFF_2014J,oulad_DDD_2013B,D2_other_module,gradient_boosting,0.8129305442227331
E_rich_engagement,11,oulad_FFF_2014J,oulad_DDD_2013J,D2_other_module,gradient_boosting,0.8413604666719603
E_rich_engagement,11,oulad_FFF_2014J,oulad_DDD_2014B,D2_other_module,gradient_boosting,0.8486290697966112
E_rich_engagement,11,oulad_FFF_2014J,oulad_DDD_2014J,D2_other_module,gradient_boosting,0.8360646524593113
E_rich_engagement,11,oulad_FFF_2014J,oulad_FFF_2013B,D1_same_module,gradient_boosting,0.8440620081644699
E_rich_engagement,11,oulad_FFF_2014J,oulad_FFF_2013J,D1_same_module,gradient_boosting,0.8782336300601141
E_rich_engagement,11,oulad_FFF_2014J,oulad_FFF_2014B,D1_same_module,gradient_boosting,0.8733435270132518
E_rich_engagement,11,oulad_FFF_2014J,oulad_FFF_2014J,D0_within_cohort,gradient_boosting,0.9011593123751809
A_engagement_plus_assessment,17,oulad_BBB_2013B,oulad_BBB_2013B,D0_within_cohort,gradient_boosting,0.900022219581135
A_engagement_plus_assessment,17,oulad_BBB_2013B,oulad_BBB_2013J,D1_same_module,gradient_boosting,0.8864698770098008
A_engagement_plus_assessment,17,oulad_BBB_2013B,oulad_BBB_2014B,D1_same_module,gradient_boosting,0.8805793001946836
A_engagement_plus_assessment,17,oulad_BBB_2013B,oulad_BBB_2014J,D1_same_module,gradient_boosting,0.8576803880360625
A_engagement_plus_assessment,17,oulad_BBB_2013B,oulad_DDD_2013B,D2_other_module,gradient_boosting,0.8915782706525232
A_engagement_plus_assessment,17,oulad_BBB_2013B,oulad_DDD_2013J,D2_other_module,gradient_boosting,0.8979078947225301
A_engagement_plus_assessment,17,oulad_BBB_2013B,oulad_DDD_2014B,D2_other_module,gradient_boosting,0.9120957379498342
A_engagement_plus_assessment,17,oulad_BBB_2013B,oulad_DDD_2014J,D2_other_module,gradient_boosting,0.8949416269520127
A_engagement_plus_assessment,17,oulad_BBB_2013B,oulad_FFF_2013B,D2_other_module,gradient_boosting,0.8327029128959277
A_engagement_plus_assessment,17,oulad_BBB_2013B,oulad_FFF_2013J,D2_other_module,gradient_boosting,0.8693614224436144
A_engagement_plus_assessment,17,oulad_BBB_2013B,oulad_FFF_2014B,D2_other_module,gradient_boosting,0.8672237042820685
A_engagement_plus_assessment,17,oulad_BBB_2013B,oulad_FFF_2014J,D2_other_module,gradient_boosting,0.8921626437573171
A_engagement_plus_assessment,17,oulad_BBB_2013J,oulad_BBB_2013B,D1_same_module,gradient_boosting,0.8998129421309096
A_engagement_plus_assessment,17,oulad_BBB_2013J,oulad_BBB_2013J,D0_within_cohort,gradient_boosting,0.8917121741080007
A_engagement_plus_assessment,17,oulad_BBB_2013J,oulad_BBB_2014B,D1_same_module,gradient_boosting,0.8909205088477028
A_engagement_plus_assessment,17,oulad_BBB_2013J,oulad_BBB_2014J,D1_same_module,gradient_boosting,0.8742770010964912
A_engagement_plus_assessment,17,oulad_BBB_2013J,oulad_DDD_2013B,D2_other_module,gradient_boosting,0.8440607768958782
A_engagement_plus_assessment,17,oulad_BBB_2013J,oulad_DDD_2013J,D2_other_module,gradient_boosting,0.8996210411361806
A_engagement_plus_assessment,17,oulad_BBB_2013J,oulad_DDD_2014B,D2_other_module,gradient_boosting,0.912424638557743
A_engagement_plus_assessment,17,oulad_BBB_2013J,oulad_DDD_2014J,D2_other_module,gradient_boosting,0.8876974492701496
A_engagement_plus_assessment,17,oulad_BBB_2013J,oulad_FFF_2013B,D2_other_module,gradient_boosting,0.7460660842514262
A_engagement_plus_assessment,17,oulad_BBB_2013J,oulad_FFF_2013J,D2_other_module,gradient_boosting,0.8470823147763787
A_engagement_plus_assessment,17,oulad_BBB_2013J,oulad_FFF_2014B,D2_other_module,gradient_boosting,0.8006611432826541
A_engagement_plus_assessment,17,oulad_BBB_2013J,oulad_FFF_2014J,D2_other_module,gradient_boosting,0.8699344196910223
A_engagement_plus_assessment,17,oulad_BBB_2014B,oulad_BBB_2013B,D1_same_module,gradient_boosting,0.9014270913534825
A_engagement_plus_assessment,17,oulad_BBB_2014B,oulad_BBB_2013J,D1_same_module,gradient_boosting,0.897498558708603
A_engagement_plus_assessment,17,oulad_BBB_2014B,oulad_BBB_2014B,D0_within_cohort,gradient_boosting,0.8816404345760585
A_engagement_plus_assessment,17,oulad_BBB_2014B,oulad_BBB_2014J,D1_same_module,gradient_boosting,0.8833337140594542
A_engagement_plus_assessment,17,oulad_BBB_2014B,oulad_DDD_2013B,D2_other_module,gradient_boosting,0.8941386642929555
A_engagement_plus_assessment,17,oulad_BBB_2014B,oulad_DDD_2013J,D2_other_module,gradient_boosting,0.9059770862588253
A_engagement_plus_assessment,17,oulad_BBB_2014B,oulad_DDD_2014B,D2_other_module,gradient_boosting,0.9066925699122838
A_engagement_plus_assessment,17,oulad_BBB_2014B,oulad_DDD_2014J,D2_other_module,gradient_boosting,0.8969766907452368
A_engagement_plus_assessment,17,oulad_BBB_2014B,oulad_FFF_2013B,D2_other_module,gradient_boosting,0.8499171564528822
A_engagement_plus_assessment,17,oulad_BBB_2014B,oulad_FFF_2013J,D2_other_module,gradient_boosting,0.8833633135002998
A_engagement_plus_assessment,17,oulad_BBB_2014B,oulad_FFF_2014B,D2_other_module,gradient_boosting,0.8781313032728219
A_engagement_plus_assessment,17,oulad_BBB_2014B,oulad_FFF_2014J,D2_other_module,gradient_boosting,0.9040667395496177
A_engagement_plus_assessment,17,oulad_BBB_2014J,oulad_BBB_2013B,D1_same_module,gradient_boosting,0.8485393209075925
A_engagement_plus_assessment,17,oulad_BBB_2014J,oulad_BBB_2013J,D1_same_module,gradient_boosting,0.8520910736019474
A_engagement_plus_assessment,17,oulad_BBB_2014J,oulad_BBB_2014B,D1_same_module,gradient_boosting,0.8534842778231454
A_engagement_plus_assessment,17,oulad_BBB_2014J,oulad_BBB_2014J,D0_within_cohort,gradient_boosting,0.8916777077241717
A_engagement_plus_assessment,17,oulad_BBB_2014J,oulad_DDD_2013B,D2_other_module,gradient_boosting,0.8342939445639542
A_engagement_plus_assessment,17,oulad_BBB_2014J,oulad_DDD_2013J,D2_other_module,gradient_boosting,0.8429773505728435
A_engagement_plus_assessment,17,oulad_BBB_2014J,oulad_DDD_2014B,D2_other_module,gradient_boosting,0.8670182372599794
A_engagement_plus_assessment,17,oulad_BBB_2014J,oulad_DDD_2014J,D2_other_module,gradient_boosting,0.8539568534004734
A_engagement_plus_assessment,17,oulad_BBB_2014J,oulad_FFF_2013B,D2_other_module,gradient_boosting,0.849180940143616
A_engagement_plus_assessment,17,oulad_BBB_2014J,oulad_FFF_2013J,D2_other_module,gradient_boosting,0.8811551588948849
A_engagement_plus_assessment,17,oulad_BBB_2014J,oulad_FFF_2014B,D2_other_module,gradient_boosting,0.8698868935302665
A_engagement_plus_assessment,17,oulad_BBB_2014J,oulad_FFF_2014J,D2_other_module,gradient_boosting,0.9063382342813855
A_engagement_plus_assessment,17,oulad_DDD_2013B,oulad_BBB_2013B,D2_other_module,gradient_boosting,0.890463278266666
A_engagement_plus_assessment,17,oulad_DDD_2013B,oulad_BBB_2013J,D2_other_module,gradient_boosting,0.8665308116072
A_engagement_plus_assessment,17,oulad_DDD_2013B,oulad_BBB_2014B,D2_other_module,gradient_boosting,0.864752329527636
A_engagement_plus_assessment,17,oulad_DDD_2013B,oulad_BBB_2014J,D2_other_module,gradient_boosting,0.8640331840886941
A_engagement_plus_assessment,17,oulad_DDD_2013B,oulad_DDD_2013B,D0_within_cohort,gradient_boosting,0.9077244516974508
A_engagement_plus_assessment,17,oulad_DDD_2013B,oulad_DDD_2013J,D1_same_module,gradient_boosting,0.9073263930055767
A_engagement_plus_assessment,17,oulad_DDD_2013B,oulad_DDD_2014B,D1_same_module,gradient_boosting,0.9101543881751871
A_engagement_plus_assessment,17,oulad_DDD_2013B,oulad_DDD_2014J,D1_same_module,gradient_boosting,0.8914135169698969
A_engagement_plus_assessment,17,oulad_DDD_2013B,oulad_FFF_2013B,D2_other_module,gradient_boosting,0.864211126549282
A_engagement_plus_assessment,17,oulad_DDD_2013B,oulad_FFF_2013J,D2_other_module,gradient_boosting,0.886817182479283
A_engagement_plus_assessment,17,oulad_DDD_2013B,oulad_FFF_2014B,D2_other_module,gradient_boosting,0.8892865147013108
A_engagement_plus_assessment,17,oulad_DDD_2013B,oulad_FFF_2014J,D2_other_module,gradient_boosting,0.9140533537635149
A_engagement_plus_assessment,17,oulad_DDD_2013J,oulad_BBB_2013B,D2_other_module,gradient_boosting,0.89294231176656
A_engagement_plus_assessment,17,oulad_DDD_2013J,oulad_BBB_2013J,D2_other_module,gradient_boosting,0.8848592338735507
A_engagement_plus_assessment,17,oulad_DDD_2013J,oulad_BBB_2014B,D2_other_module,gradient_boosting,0.8767112441431903
A_engagement_plus_assessment,17,oulad_DDD_2013J,oulad_BBB_2014J,D2_other_module,gradient_boosting,0.8806785300925926
A_engagement_plus_assessment,17,oulad_DDD_2013J,oulad_DDD_2013B,D1_same_module,gradient_boosting,0.9021944465049575
A_engagement_plus_assessment,17,oulad_DDD_2013J,oulad_DDD_2013J,D0_within_cohort,gradient_boosting,0.9188316667772508
A_engagement_plus_assessment,17,oulad_DDD_2013J,oulad_DDD_2014B,D1_same_module,gradient_boosting,0.9220937589716003
A_engagement_plus_assessment,17,oulad_DDD_2013J,oulad_DDD_2014J,D1_same_module,gradient_boosting,0.9038143552238507
A_engagement_plus_assessment,17,oulad_DDD_2013J,oulad_FFF_2013B,D2_other_module,gradient_boosting,0.8708432212768051
A_engagement_plus_assessment,17,oulad_DDD_2013J,oulad_FFF_2013J,D2_other_module,gradient_boosting,0.8959153944313762
A_engagement_plus_assessment,17,oulad_DDD_2013J,oulad_FFF_2014B,D2_other_module,gradient_boosting,0.8895657564650343
A_engagement_plus_assessment,17,oulad_DDD_2013J,oulad_FFF_2014J,D2_other_module,gradient_boosting,0.9142875691527212
A_engagement_plus_assessment,17,oulad_DDD_2014B,oulad_BBB_2013B,D2_other_module,gradient_boosting,0.8918985081876574
A_engagement_plus_assessment,17,oulad_DDD_2014B,oulad_BBB_2013J,D2_other_module,gradient_boosting,0.8765597975786305
A_engagement_plus_assessment,17,oulad_DDD_2014B,oulad_BBB_2014B,D2_other_module,gradient_boosting,0.8732934133595811
A_engagement_plus_assessment,17,oulad_DDD_2014B,oulad_BBB_2014J,D2_other_module,gradient_boosting,0.8581307870370372
A_engagement_plus_assessment,17,oulad_DDD_2014B,oulad_DDD_2013B,D1_same_module,gradient_boosting,0.875083450782583
A_engagement_plus_assessment,17,oulad_DDD_2014B,oulad_DDD_2013J,D1_same_module,gradient_boosting,0.8880358205318695
A_engagement_plus_assessment,17,oulad_DDD_2014B,oulad_DDD_2014B,D0_within_cohort,gradient_boosting,0.9189301810904449
A_engagement_plus_assessment,17,oulad_DDD_2014B,oulad_DDD_2014J,D1_same_module,gradient_boosting,0.8972270928873303
A_engagement_plus_assessment,17,oulad_DDD_2014B,oulad_FFF_2013B,D2_other_module,gradient_boosting,0.841855664715719
A_engagement_plus_assessment,17,oulad_DDD_2014B,oulad_FFF_2013J,D2_other_module,gradient_boosting,0.8753386221422752
A_engagement_plus_assessment,17,oulad_DDD_2014B,oulad_FFF_2014B,D2_other_module,gradient_boosting,0.8755449281020236
A_engagement_plus_assessment,17,oulad_DDD_2014B,oulad_FFF_2014J,D2_other_module,gradient_boosting,0.9034408500332852
A_engagement_plus_assessment,17,oulad_DDD_2014J,oulad_BBB_2013B,D2_other_module,gradient_boosting,0.8951868770120347
A_engagement_plus_assessment,17,oulad_DDD_2014J,oulad_BBB_2013J,D2_other_module,gradient_boosting,0.8854629748254434
A_engagement_plus_assessment,17,oulad_DDD_2014J,oulad_BBB_2014B,D2_other_module,gradient_boosting,0.8805257389128147
A_engagement_plus_assessment,17,oulad_DDD_2014J,oulad_BBB_2014J,D2_other_module,gradient_boosting,0.8591142026072125
A_engagement_plus_assessment,17,oulad_DDD_2014J,oulad_DDD_2013B,D1_same_module,gradient_boosting,0.8933560813985115
A_engagement_plus_assessment,17,oulad_DDD_2014J,oulad_DDD_2013J,D1_same_module,gradient_boosting,0.8964541676229469
A_engagement_plus_assessment,17,oulad_DDD_2014J,oulad_DDD_2014B,D1_same_module,gradient_boosting,0.919698080391113
A_engagement_plus_assessment,17,oulad_DDD_2014J,oulad_DDD_2014J,D0_within_cohort,gradient_boosting,0.9057289012778628
A_engagement_plus_assessment,17,oulad_DDD_2014J,oulad_FFF_2013B,D2_other_module,gradient_boosting,0.8648251524690143
A_engagement_plus_assessment,17,oulad_DDD_2014J,oulad_FFF_2013J,D2_other_module,gradient_boosting,0.8895580615900252
A_engagement_plus_assessment,17,oulad_DDD_2014J,oulad_FFF_2014B,D2_other_module,gradient_boosting,0.8890262505331801
A_engagement_plus_assessment,17,oulad_DDD_2014J,oulad_FFF_2014J,D2_other_module,gradient_boosting,0.913869711681932
A_engagement_plus_assessment,17,oulad_FFF_2013B,oulad_BBB_2013B,D2_other_module,gradient_boosting,0.8924120130423773
A_engagement_plus_assessment,17,oulad_FFF_2013B,oulad_BBB_2013J,D2_other_module,gradient_boosting,0.8701848856575491
A_engagement_plus_assessment,17,oulad_FFF_2013B,oulad_BBB_2014B,D2_other_module,gradient_boosting,0.863348092442115
A_engagement_plus_assessment,17,oulad_FFF_2013B,oulad_BBB_2014J,D2_other_module,gradient_boosting,0.8405381944444446
A_engagement_plus_assessment,17,oulad_FFF_2013B,oulad_DDD_2013B,D2_other_module,gradient_boosting,0.9055089879583612
A_engagement_plus_assessment,17,oulad_FFF_2013B,oulad_DDD_2013J,D2_other_module,gradient_boosting,0.9049769350668563
A_engagement_plus_assessment,17,oulad_FFF_2013B,oulad_DDD_2014B,D2_other_module,gradient_boosting,0.9127591137522263
A_engagement_plus_assessment,17,oulad_FFF_2013B,oulad_DDD_2014J,D2_other_module,gradient_boosting,0.8692313840681795
A_engagement_plus_assessment,17,oulad_FFF_2013B,oulad_FFF_2013B,D0_within_cohort,gradient_boosting,0.8820578398583514
A_engagement_plus_assessment,17,oulad_FFF_2013B,oulad_FFF_2013J,D1_same_module,gradient_boosting,0.9051312208846455
A_engagement_plus_assessment,17,oulad_FFF_2013B,oulad_FFF_2014B,D1_same_module,gradient_boosting,0.8973402447929092
A_engagement_plus_assessment,17,oulad_FFF_2013B,oulad_FFF_2014J,D1_same_module,gradient_boosting,0.9225410612216789
A_engagement_plus_assessment,17,oulad_FFF_2013J,oulad_BBB_2013B,D2_other_module,gradient_boosting,0.8936838256951369
A_engagement_plus_assessment,17,oulad_FFF_2013J,oulad_BBB_2013J,D2_other_module,gradient_boosting,0.8873394561527128
A_engagement_plus_assessment,17,oulad_FFF_2013J,oulad_BBB_2014B,D2_other_module,gradient_boosting,0.8808370153480242
A_engagement_plus_assessment,17,oulad_FFF_2013J,oulad_BBB_2014J,D2_other_module,gradient_boosting,0.8513698525828461
A_engagement_plus_assessment,17,oulad_FFF_2013J,oulad_DDD_2013B,D2_other_module,gradient_boosting,0.899004772148456
A_engagement_plus_assessment,17,oulad_FFF_2013J,oulad_DDD_2013J,D2_other_module,gradient_boosting,0.9031832979645645
A_engagement_plus_assessment,17,oulad_FFF_2013J,oulad_DDD_2014B,D2_other_module,gradient_boosting,0.9177595179097531
A_engagement_plus_assessment,17,oulad_FFF_2013J,oulad_DDD_2014J,D2_other_module,gradient_boosting,0.8880952202539739
A_engagement_plus_assessment,17,oulad_FFF_2013J,oulad_FFF_2013B,D1_same_module,gradient_boosting,0.8817688864843595
A_engagement_plus_assessment,17,oulad_FFF_2013J,oulad_FFF_2013J,D0_within_cohort,gradient_boosting,0.9059214673369925
A_engagement_plus_assessment,17,oulad_FFF_2013J,oulad_FFF_2014B,D1_same_module,gradient_boosting,0.8971983646734768
A_engagement_plus_assessment,17,oulad_FFF_2013J,oulad_FFF_2014J,D1_same_module,gradient_boosting,0.9225030415719763
A_engagement_plus_assessment,17,oulad_FFF_2014B,oulad_BBB_2013B,D2_other_module,gradient_boosting,0.8896126041865824
A_engagement_plus_assessment,17,oulad_FFF_2014B,oulad_BBB_2013J,D2_other_module,gradient_boosting,0.8828574402664788
A_engagement_plus_assessment,17,oulad_FFF_2014B,oulad_BBB_2014B,D2_other_module,gradient_boosting,0.869451749823791
A_engagement_plus_assessment,17,oulad_FFF_2014B,oulad_BBB_2014J,D2_other_module,gradient_boosting,0.8817346643518518
A_engagement_plus_assessment,17,oulad_FFF_2014B,oulad_DDD_2013B,D2_other_module,gradient_boosting,0.906364513018322
A_engagement_plus_assessment,17,oulad_FFF_2014B,oulad_DDD_2013J,D2_other_module,gradient_boosting,0.908458701206599
A_engagement_plus_assessment,17,oulad_FFF_2014B,oulad_DDD_2014B,D2_other_module,gradient_boosting,0.9163156999868998
A_engagement_plus_assessment,17,oulad_FFF_2014B,oulad_DDD_2014J,D2_other_module,gradient_boosting,0.8949653558333084
A_engagement_plus_assessment,17,oulad_FFF_2014B,oulad_FFF_2013B,D1_same_module,gradient_boosting,0.8813093276608304
A_engagement_plus_assessment,17,oulad_FFF_2014B,oulad_FFF_2013J,D1_same_module,gradient_boosting,0.9047088080193103
A_engagement_plus_assessment,17,oulad_FFF_2014B,oulad_FFF_2014B,D0_within_cohort,gradient_boosting,0.8980803710210309
A_engagement_plus_assessment,17,oulad_FFF_2014B,oulad_FFF_2014J,D1_same_module,gradient_boosting,0.9228054053898951
A_engagement_plus_assessment,17,oulad_FFF_2014J,oulad_BBB_2013B,D2_other_module,gradient_boosting,0.8945293324307705
A_engagement_plus_assessment,17,oulad_FFF_2014J,oulad_BBB_2013J,D2_other_module,gradient_boosting,0.8912441547626674
A_engagement_plus_assessment,17,oulad_FFF_2014J,oulad_BBB_2014B,D2_other_module,gradient_boosting,0.8781573987536522
A_engagement_plus_assessment,17,oulad_FFF_2014J,oulad_BBB_2014J,D2_other_module,gradient_boosting,0.8784901163499026
A_engagement_plus_assessment,17,oulad_FFF_2014J,oulad_DDD_2013B,D2_other_module,gradient_boosting,0.8978364611922953
A_engagement_plus_assessment,17,oulad_FFF_2014J,oulad_DDD_2013J,D2_other_module,gradient_boosting,0.8997466718731816
A_engagement_plus_assessment,17,oulad_FFF_2014J,oulad_DDD_2014B,D2_other_module,gradient_boosting,0.9246859417288464
A_engagement_plus_assessment,17,oulad_FFF_2014J,oulad_DDD_2014J,D2_other_module,gradient_boosting,0.898543421354994
A_engagement_plus_assessment,17,oulad_FFF_2014J,oulad_FFF_2013B,D1_same_module,gradient_boosting,0.8843026079578988
A_engagement_plus_assessment,17,oulad_FFF_2014J,oulad_FFF_2013J,D1_same_module,gradient_boosting,0.9065302953430807
A_engagement_plus_assessment,17,oulad_FFF_2014J,oulad_FFF_2014B,D1_same_module,gradient_boosting,0.9018939640401674
A_engagement_plus_assessment,17,oulad_FFF_2014J,oulad_FFF_2014J,D0_within_cohort,gradient_boosting,0.9226386210775199
