source,target,institution,seed,estimator,tau,jaccard_top3
oulad_AAA_2013J,oulad_AAA_2014J,OULAD,0,shap,-0.23809523809523814,0.2
oulad_AAA_2013J,oulad_AAA_2014J,OULAD,0,permutation,0.5238095238095238,0.5
oulad_AAA_2013J,oulad_AAA_2014J,OULAD,0,drop_column,0.04761904761904762,0.5
oulad_AAA_2013J,oulad_AAA_2014J,OULAD,1,shap,0.33333333333333337,0.5
oulad_AAA_2013J,oulad_AAA_2014J,OULAD,1,permutation,0.33333333333333337,0.5
oulad_AAA_2013J,oulad_AAA_2014J,OULAD,1,drop_column,0.14285714285714288,0.5
oulad_AAA_2013J,oulad_AAA_2014J,OULAD,2,shap,0.6190476190476191,1.0
oulad_AAA_2013J,oulad_AAA_2014J,OULAD,2,permutation,0.4285714285714286,1.0
oulad_AAA_2013J,oulad_AAA_2014J,OULAD,2,drop_column,-0.14285714285714288,0.2
oulad_AAA_2014J,oulad_AAA_2013J,OULAD,0,shap,-0.23809523809523814,0.2
oulad_AAA_2014J,oulad_AAA_2013J,OULAD,0,permutation,0.5238095238095238,0.5
oulad_AAA_2014J,oulad_AAA_2013J,OULAD,0,drop_column,0.04761904761904762,0.5
oulad_AAA_2014J,oulad_AAA_2013J,OULAD,1,shap,0.33333333333333337,0.5
oulad_AAA_2014J,oulad_AAA_2013J,OULAD,1,permutation,0.33333333333333337,0.5
oulad_AAA_2014J,oulad_AAA_2013J,OULAD,1,drop_column,0.14285714285714288,0.5
oulad_AAA_2014J,oulad_AAA_2013J,OULAD,2,shap,0.6190476190476191,1.0
oulad_AAA_2014J,oulad_AAA_2013J,OULAD,2,permutation,0.4285714285714286,1.0
oulad_AAA_2014J,oulad_AAA_2013J,OULAD,2,drop_column,-0.14285714285714288,0.2
oulad_BBB_2013B,oulad_BBB_2013J,OULAD,0,shap,0.6190476190476191,0.5
oulad_BBB_2013B,oulad_BBB_2013J,OULAD,0,permutation,0.14285714285714288,0.5
oulad_BBB_2013B,oulad_BBB_2013J,OULAD,0,drop_column,-0.23809523809523814,0.2
oulad_BBB_2013B,oulad_BBB_2013J,OULAD,1,shap,0.6190476190476191,0.5
oulad_BBB_2013B,oulad_BBB_2013J,OULAD,1,permutation,0.14285714285714288,0.2
oulad_BBB_2013B,oulad_BBB_2013J,OULAD,1,drop_column,0.23809523809523814,0.5
oulad_BBB_2013B,oulad_BBB_2013J,OULAD,2,shap,0.23809523809523814,0.5
oulad_BBB_2013B,oulad_BBB_2013J,OULAD,2,permutation,0.14285714285714288,0.2
oulad_BBB_2013B,oulad_BBB_2013J,OULAD,2,drop_column,0.33333333333333337,0.5
oulad_BBB_2013B,oulad_BBB_2014B,OULAD,0,shap,0.8095238095238096,0.5
oulad_BBB_2013B,oulad_BBB_2014B,OULAD,0,permutation,0.6190476190476191,0.5
oulad_BBB_2013B,oulad_BBB_2014B,OULAD,0,drop_column,0.04761904761904762,0.5
oulad_BBB_2013B,oulad_BBB_2014B,OULAD,1,shap,0.4285714285714286,0.5
oulad_BBB_2013B,oulad_BBB_2014B,OULAD,1,permutation,0.14285714285714288,0.2
oulad_BBB_2013B,oulad_BBB_2014B,OULAD,1,drop_column,-0.14285714285714288,0.2
oulad_BBB_2013B,oulad_BBB_2014B,OULAD,2,shap,0.6190476190476191,1.0
oulad_BBB_2013B,oulad_BBB_2014B,OULAD,2,permutation,0.5238095238095238,0.2
oulad_BBB_2013B,oulad_BBB_2014B,OULAD,2,drop_column,0.04761904761904762,0.2
oulad_BBB_2013B,oulad_BBB_2014J,OULAD,0,shap,0.4285714285714286,0.5
oulad_BBB_2013B,oulad_BBB_2014J,OULAD,0,permutation,0.14285714285714288,0.2
oulad_BBB_2013B,oulad_BBB_2014J,OULAD,0,drop_column,0.33333333333333337,0.5
oulad_BBB_2013B,oulad_BBB_2014J,OULAD,1,shap,0.5238095238095238,0.5
oulad_BBB_2013B,oulad_BBB_2014J,OULAD,1,permutation,0.14285714285714288,0.2
oulad_BBB_2013B,oulad_BBB_2014J,OULAD,1,drop_column,0.33333333333333337,0.5
oulad_BBB_2013B,oulad_BBB_2014J,OULAD,2,shap,0.33333333333333337,0.2
oulad_BBB_2013B,oulad_BBB_2014J,OULAD,2,permutation,-0.14285714285714288,0.2
oulad_BBB_2013B,oulad_BBB_2014J,OULAD,2,drop_column,0.23809523809523814,0.2
oulad_BBB_2013J,oulad_BBB_2013B,OULAD,0,shap,0.6190476190476191,0.5
oulad_BBB_2013J,oulad_BBB_2013B,OULAD,0,permutation,0.14285714285714288,0.5
oulad_BBB_2013J,oulad_BBB_2013B,OULAD,0,drop_column,-0.23809523809523814,0.2
oulad_BBB_2013J,oulad_BBB_2013B,OULAD,1,shap,0.6190476190476191,0.5
oulad_BBB_2013J,oulad_BBB_2013B,OULAD,1,permutation,0.14285714285714288,0.2
oulad_BBB_2013J,oulad_BBB_2013B,OULAD,1,drop_column,0.23809523809523814,0.5
oulad_BBB_2013J,oulad_BBB_2013B,OULAD,2,shap,0.23809523809523814,0.5
oulad_BBB_2013J,oulad_BBB_2013B,OULAD,2,permutation,0.14285714285714288,0.2
oulad_BBB_2013J,oulad_BBB_2013B,OULAD,2,drop_column,0.33333333333333337,0.5
oulad_BBB_2013J,oulad_BBB_2014B,OULAD,0,shap,0.8095238095238096,1.0
oulad_BBB_2013J,oulad_BBB_2014B,OULAD,0,permutation,0.5238095238095238,0.5
oulad_BBB_2013J,oulad_BBB_2014B,OULAD,0,drop_column,-0.23809523809523814,0.5
oulad_BBB_2013J,oulad_BBB_2014B,OULAD,1,shap,0.8095238095238096,1.0
oulad_BBB_2013J,oulad_BBB_2014B,OULAD,1,permutation,0.6190476190476191,1.0
oulad_BBB_2013J,oulad_BBB_2014B,OULAD,1,drop_column,0.04761904761904762,0.5
oulad_BBB_2013J,oulad_BBB_2014B,OULAD,2,shap,0.4285714285714286,0.5
oulad_BBB_2013J,oulad_BBB_2014B,OULAD,2,permutation,0.4285714285714286,0.5
oulad_BBB_2013J,oulad_BBB_2014B,OULAD,2,drop_column,0.7142857142857143,0.5
oulad_BBB_2013J,oulad_BBB_2014J,OULAD,0,shap,0.6190476190476191,0.5
oulad_BBB_2013J,oulad_BBB_2014J,OULAD,0,permutation,0.8095238095238096,0.5
oulad_BBB_2013J,oulad_BBB_2014J,OULAD,0,drop_column,-0.14285714285714288,0.2
oulad_BBB_2013J,oulad_BBB_2014J,OULAD,1,shap,0.7142857142857143,0.5
oulad_BBB_2013J,oulad_BBB_2014J,OULAD,1,permutation,0.6190476190476191,1.0
oulad_BBB_2013J,oulad_BBB_2014J,OULAD,1,drop_column,-0.04761904761904762,0.2
oulad_BBB_2013J,oulad_BBB_2014J,OULAD,2,shap,0.7142857142857143,0.5
oulad_BBB_2013J,oulad_BBB_2014J,OULAD,2,permutation,0.5238095238095238,1.0
oulad_BBB_2013J,oulad_BBB_2014J,OULAD,2,drop_column,0.33333333333333337,0.2
oulad_BBB_2014B,oulad_BBB_2013B,OULAD,0,shap,0.8095238095238096,0.5
oulad_BBB_2014B,oulad_BBB_2013B,OULAD,0,permutation,0.6190476190476191,0.5
oulad_BBB_2014B,oulad_BBB_2013B,OULAD,0,drop_column,0.04761904761904762,0.5
oulad_BBB_2014B,oulad_BBB_2013B,OULAD,1,shap,0.4285714285714286,0.5
oulad_BBB_2014B,oulad_BBB_2013B,OULAD,1,permutation,0.14285714285714288,0.2
oulad_BBB_2014B,oulad_BBB_2013B,OULAD,1,drop_column,-0.14285714285714288,0.2
oulad_BBB_2014B,oulad_BBB_2013B,OULAD,2,shap,0.6190476190476191,1.0
oulad_BBB_2014B,oulad_BBB_2013B,OULAD,2,permutation,0.5238095238095238,0.2
oulad_BBB_2014B,oulad_BBB_2013B,OULAD,2,drop_column,0.04761904761904762,0.2
oulad_BBB_2014B,oulad_BBB_2013J,OULAD,0,shap,0.8095238095238096,1.0
oulad_BBB_2014B,oulad_BBB_2013J,OULAD,0,permutation,0.5238095238095238,0.5
oulad_BBB_2014B,oulad_BBB_2013J,OULAD,0,drop_column,-0.23809523809523814,0.5
oulad_BBB_2014B,oulad_BBB_2013J,OULAD,1,shap,0.8095238095238096,1.0
oulad_BBB_2014B,oulad_BBB_2013J,OULAD,1,permutation,0.6190476190476191,1.0
oulad_BBB_2014B,oulad_BBB_2013J,OULAD,1,drop_column,0.04761904761904762,0.5
oulad_BBB_2014B,oulad_BBB_2013J,OULAD,2,shap,0.4285714285714286,0.5
oulad_BBB_2014B,oulad_BBB_2013J,OULAD,2,permutation,0.4285714285714286,0.5
oulad_BBB_2014B,oulad_BBB_2013J,OULAD,2,drop_column,0.7142857142857143,0.5
oulad_BBB_2014B,oulad_BBB_2014J,OULAD,0,shap,0.6190476190476191,0.5
oulad_BBB_2014B,oulad_BBB_2014J,OULAD,0,permutation,0.33333333333333337,0.2
oulad_BBB_2014B,oulad_BBB_2014J,OULAD,0,drop_column,-0.23809523809523814,0.2
oulad_BBB_2014B,oulad_BBB_2014J,OULAD,1,shap,0.7142857142857143,0.5
oulad_BBB_2014B,oulad_BBB_2014J,OULAD,1,permutation,0.6190476190476191,1.0
oulad_BBB_2014B,oulad_BBB_2014J,OULAD,1,drop_column,0.14285714285714288,0.2
oulad_BBB_2014B,oulad_BBB_2014J,OULAD,2,shap,0.5238095238095238,0.2
oulad_BBB_2014B,oulad_BBB_2014J,OULAD,2,permutation,0.33333333333333337,0.5
oulad_BBB_2014B,oulad_BBB_2014J,OULAD,2,drop_column,0.23809523809523814,0.5
oulad_BBB_2014J,oulad_BBB_2013B,OULAD,0,shap,0.4285714285714286,0.5
oulad_BBB_2014J,oulad_BBB_2013B,OULAD,0,permutation,0.14285714285714288,0.2
oulad_BBB_2014J,oulad_BBB_2013B,OULAD,0,drop_column,0.33333333333333337,0.5
oulad_BBB_2014J,oulad_BBB_2013B,OULAD,1,shap,0.5238095238095238,0.5
oulad_BBB_2014J,oulad_BBB_2013B,OULAD,1,permutation,0.14285714285714288,0.2
oulad_BBB_2014J,oulad_BBB_2013B,OULAD,1,drop_column,0.33333333333333337,0.5
oulad_BBB_2014J,oulad_BBB_2013B,OULAD,2,shap,0.33333333333333337,0.2
oulad_BBB_2014J,oulad_BBB_2013B,OULAD,2,permutation,-0.14285714285714288,0.2
oulad_BBB_2014J,oulad_BBB_2013B,OULAD,2,drop_column,0.23809523809523814,0.2
oulad_BBB_2014J,oulad_BBB_2013J,OULAD,0,shap,0.6190476190476191,0.5
oulad_BBB_2014J,oulad_BBB_2013J,OULAD,0,permutation,0.8095238095238096,0.5
oulad_BBB_2014J,oulad_BBB_2013J,OULAD,0,drop_column,-0.14285714285714288,0.2
oulad_BBB_2014J,oulad_BBB_2013J,OULAD,1,shap,0.7142857142857143,0.5
oulad_BBB_2014J,oulad_BBB_2013J,OULAD,1,permutation,0.6190476190476191,1.0
oulad_BBB_2014J,oulad_BBB_2013J,OULAD,1,drop_column,-0.04761904761904762,0.2
oulad_BBB_2014J,oulad_BBB_2013J,OULAD,2,shap,0.7142857142857143,0.5
oulad_BBB_2014J,oulad_BBB_2013J,OULAD,2,permutation,0.5238095238095238,1.0
oulad_BBB_2014J,oulad_BBB_2013J,OULAD,2,drop_column,0.33333333333333337,0.2
oulad_BBB_2014J,oulad_BBB_2014B,OULAD,0,shap,0.6190476190476191,0.5
oulad_BBB_2014J,oulad_BBB_2014B,OULAD,0,permutation,0.33333333333333337,0.2
oulad_BBB_2014J,oulad_BBB_2014B,OULAD,0,drop_column,-0.23809523809523814,0.2
oulad_BBB_2014J,oulad_BBB_2014B,OULAD,1,shap,0.7142857142857143,0.5
oulad_BBB_2014J,oulad_BBB_2014B,OULAD,1,permutation,0.6190476190476191,1.0
oulad_BBB_2014J,oulad_BBB_2014B,OULAD,1,drop_column,0.14285714285714288,0.2
oulad_BBB_2014J,oulad_BBB_2014B,OULAD,2,shap,0.5238095238095238,0.2
oulad_BBB_2014J,oulad_BBB_2014B,OULAD,2,permutation,0.33333333333333337,0.5
oulad_BBB_2014J,oulad_BBB_2014B,OULAD,2,drop_column,0.23809523809523814,0.5
oulad_CCC_2014B,oulad_CCC_2014J,OULAD,0,shap,0.4285714285714286,0.5
oulad_CCC_2014B,oulad_CCC_2014J,OULAD,0,permutation,0.4285714285714286,0.5
oulad_CCC_2014B,oulad_CCC_2014J,OULAD,0,drop_column,0.4285714285714286,0.5
oulad_CCC_2014B,oulad_CCC_2014J,OULAD,1,shap,0.5238095238095238,1.0
oulad_CCC_2014B,oulad_CCC_2014J,OULAD,1,permutation,0.5238095238095238,0.5
oulad_CCC_2014B,oulad_CCC_2014J,OULAD,1,drop_column,0.04761904761904762,0.5
oulad_CCC_2014B,oulad_CCC_2014J,OULAD,2,shap,0.6190476190476191,0.5
oulad_CCC_2014B,oulad_CCC_2014J,OULAD,2,permutation,0.7142857142857143,0.5
oulad_CCC_2014B,oulad_CCC_2014J,OULAD,2,drop_column,-0.4285714285714286,0.2
oulad_CCC_2014J,oulad_CCC_2014B,OULAD,0,shap,0.4285714285714286,0.5
oulad_CCC_2014J,oulad_CCC_2014B,OULAD,0,permutation,0.4285714285714286,0.5
oulad_CCC_2014J,oulad_CCC_2014B,OULAD,0,drop_column,0.4285714285714286,0.5
oulad_CCC_2014J,oulad_CCC_2014B,OULAD,1,shap,0.5238095238095238,1.0
oulad_CCC_2014J,oulad_CCC_2014B,OULAD,1,permutation,0.5238095238095238,0.5
oulad_CCC_2014J,oulad_CCC_2014B,OULAD,1,drop_column,0.04761904761904762,0.5
oulad_CCC_2014J,oulad_CCC_2014B,OULAD,2,shap,0.6190476190476191,0.5
oulad_CCC_2014J,oulad_CCC_2014B,OULAD,2,permutation,0.7142857142857143,0.5
oulad_CCC_2014J,oulad_CCC_2014B,OULAD,2,drop_column,-0.4285714285714286,0.2
oulad_DDD_2013B,oulad_DDD_2013J,OULAD,0,shap,0.33333333333333337,0.5
oulad_DDD_2013B,oulad_DDD_2013J,OULAD,0,permutation,-0.14285714285714288,0.2
oulad_DDD_2013B,oulad_DDD_2013J,OULAD,0,drop_column,0.04761904761904762,0.2
oulad_DDD_2013B,oulad_DDD_2013J,OULAD,1,shap,0.8095238095238096,1.0
oulad_DDD_2013B,oulad_DDD_2013J,OULAD,1,permutation,0.04761904761904762,0.2
oulad_DDD_2013B,oulad_DDD_2013J,OULAD,1,drop_column,-0.33333333333333337,0.0
oulad_DDD_2013B,oulad_DDD_2013J,OULAD,2,shap,0.7142857142857143,1.0
oulad_DDD_2013B,oulad_DDD_2013J,OULAD,2,permutation,0.8095238095238096,1.0
oulad_DDD_2013B,oulad_DDD_2013J,OULAD,2,drop_column,-0.14285714285714288,0.2
oulad_DDD_2013B,oulad_DDD_2014B,OULAD,0,shap,0.33333333333333337,0.5
oulad_DDD_2013B,oulad_DDD_2014B,OULAD,0,permutation,0.04761904761904762,0.2
oulad_DDD_2013B,oulad_DDD_2014B,OULAD,0,drop_column,0.04761904761904762,0.5
oulad_DDD_2013B,oulad_DDD_2014B,OULAD,1,shap,0.6190476190476191,0.5
oulad_DDD_2013B,oulad_DDD_2014B,OULAD,1,permutation,0.33333333333333337,0.5
oulad_DDD_2013B,oulad_DDD_2014B,OULAD,1,drop_column,-0.14285714285714288,0.2
oulad_DDD_2013B,oulad_DDD_2014B,OULAD,2,shap,0.4285714285714286,0.5
oulad_DDD_2013B,oulad_DDD_2014B,OULAD,2,permutation,-0.14285714285714288,0.2
oulad_DDD_2013B,oulad_DDD_2014B,OULAD,2,drop_column,0.14285714285714288,0.5
oulad_DDD_2013B,oulad_DDD_2014J,OULAD,0,shap,0.14285714285714288,0.2
oulad_DDD_2013B,oulad_DDD_2014J,OULAD,0,permutation,-0.14285714285714288,0.2
oulad_DDD_2013B,oulad_DDD_2014J,OULAD,0,drop_column,0.6190476190476191,0.5
oulad_DDD_2013B,oulad_DDD_2014J,OULAD,1,shap,0.5238095238095238,1.0
oulad_DDD_2013B,oulad_DDD_2014J,OULAD,1,permutation,0.5238095238095238,0.5
oulad_DDD_2013B,oulad_DDD_2014J,OULAD,1,drop_column,-0.23809523809523814,0.2
oulad_DDD_2013B,oulad_DDD_2014J,OULAD,2,shap,0.6190476190476191,1.0
oulad_DDD_2013B,oulad_DDD_2014J,OULAD,2,permutation,0.23809523809523814,0.2
oulad_DDD_2013B,oulad_DDD_2014J,OULAD,2,drop_column,-0.04761904761904762,0.2
oulad_DDD_2013J,oulad_DDD_2013B,OULAD,0,shap,0.33333333333333337,0.5
oulad_DDD_2013J,oulad_DDD_2013B,OULAD,0,permutation,-0.14285714285714288,0.2
oulad_DDD_2013J,oulad_DDD_2013B,OULAD,0,drop_column,0.04761904761904762,0.2
oulad_DDD_2013J,oulad_DDD_2013B,OULAD,1,shap,0.8095238095238096,1.0
oulad_DDD_2013J,oulad_DDD_2013B,OULAD,1,permutation,0.04761904761904762,0.2
oulad_DDD_2013J,oulad_DDD_2013B,OULAD,1,drop_column,-0.33333333333333337,0.0
oulad_DDD_2013J,oulad_DDD_2013B,OULAD,2,shap,0.7142857142857143,1.0
oulad_DDD_2013J,oulad_DDD_2013B,OULAD,2,permutation,0.8095238095238096,1.0
oulad_DDD_2013J,oulad_DDD_2013B,OULAD,2,drop_column,-0.14285714285714288,0.2
oulad_DDD_2013J,oulad_DDD_2014B,OULAD,0,shap,0.23809523809523814,0.5
oulad_DDD_2013J,oulad_DDD_2014B,OULAD,0,permutation,0.04761904761904762,0.2
oulad_DDD_2013J,oulad_DDD_2014B,OULAD,0,drop_column,0.4285714285714286,0.5
oulad_DDD_2013J,oulad_DDD_2014B,OULAD,1,shap,0.6190476190476191,0.5
oulad_DDD_2013J,oulad_DDD_2014B,OULAD,1,permutation,0.33333333333333337,0.5
oulad_DDD_2013J,oulad_DDD_2014B,OULAD,1,drop_column,-0.14285714285714288,0.2
oulad_DDD_2013J,oulad_DDD_2014B,OULAD,2,shap,0.7142857142857143,0.5
oulad_DDD_2013J,oulad_DDD_2014B,OULAD,2,permutation,-0.14285714285714288,0.2
oulad_DDD_2013J,oulad_DDD_2014B,OULAD,2,drop_column,0.5238095238095238,0.5
oulad_DDD_2013J,oulad_DDD_2014J,OULAD,0,shap,0.23809523809523814,0.5
oulad_DDD_2013J,oulad_DDD_2014J,OULAD,0,permutation,-0.7142857142857143,0.0
oulad_DDD_2013J,oulad_DDD_2014J,OULAD,0,drop_column,0.23809523809523814,0.5
oulad_DDD_2013J,oulad_DDD_2014J,OULAD,1,shap,0.7142857142857143,1.0
oulad_DDD_2013J,oulad_DDD_2014J,OULAD,1,permutation,0.5238095238095238,0.5
oulad_DDD_2013J,oulad_DDD_2014J,OULAD,1,drop_column,-0.4285714285714286,0.2
oulad_DDD_2013J,oulad_DDD_2014J,OULAD,2,shap,0.7142857142857143,1.0
oulad_DDD_2013J,oulad_DDD_2014J,OULAD,2,permutation,0.04761904761904762,0.2
oulad_DDD_2013J,oulad_DDD_2014J,OULAD,2,drop_column,-0.4285714285714286,0.0
oulad_DDD_2014B,oulad_DDD_2013B,OULAD,0,shap,0.33333333333333337,0.5
oulad_DDD_2014B,oulad_DDD_2013B,OULAD,0,permutation,0.04761904761904762,0.2
oulad_DDD_2014B,oulad_DDD_2013B,OULAD,0,drop_column,0.04761904761904762,0.5
oulad_DDD_2014B,oulad_DDD_2013B,OULAD,1,shap,0.6190476190476191,0.5
oulad_DDD_2014B,oulad_DDD_2013B,OULAD,1,permutation,0.33333333333333337,0.5
oulad_DDD_2014B,oulad_DDD_2013B,OULAD,1,drop_column,-0.14285714285714288,0.2
oulad_DDD_2014B,oulad_DDD_2013B,OULAD,2,shap,0.4285714285714286,0.5
oulad_DDD_2014B,oulad_DDD_2013B,OULAD,2,permutation,-0.14285714285714288,0.2
oulad_DDD_2014B,oulad_DDD_2013B,OULAD,2,drop_column,0.14285714285714288,0.5
oulad_DDD_2014B,oulad_DDD_2013J,OULAD,0,shap,0.23809523809523814,0.5
oulad_DDD_2014B,oulad_DDD_2013J,OULAD,0,permutation,0.04761904761904762,0.2
oulad_DDD_2014B,oulad_DDD_2013J,OULAD,0,drop_column,0.4285714285714286,0.5
oulad_DDD_2014B,oulad_DDD_2013J,OULAD,1,shap,0.6190476190476191,0.5
oulad_DDD_2014B,oulad_DDD_2013J,OULAD,1,permutation,0.33333333333333337,0.5
oulad_DDD_2014B,oulad_DDD_2013J,OULAD,1,drop_column,-0.14285714285714288,0.2
oulad_DDD_2014B,oulad_DDD_2013J,OULAD,2,shap,0.7142857142857143,0.5
oulad_DDD_2014B,oulad_DDD_2013J,OULAD,2,permutation,-0.14285714285714288,0.2
oulad_DDD_2014B,oulad_DDD_2013J,OULAD,2,drop_column,0.5238095238095238,0.5
oulad_DDD_2014B,oulad_DDD_2014J,OULAD,0,shap,0.04761904761904762,0.2
oulad_DDD_2014B,oulad_DDD_2014J,OULAD,0,permutation,0.23809523809523814,0.5
oulad_DDD_2014B,oulad_DDD_2014J,OULAD,0,drop_column,0.04761904761904762,0.2
oulad_DDD_2014B,oulad_DDD_2014J,OULAD,1,shap,0.7142857142857143,0.5
oulad_DDD_2014B,oulad_DDD_2014J,OULAD,1,permutation,0.6190476190476191,0.5
oulad_DDD_2014B,oulad_DDD_2014J,OULAD,1,drop_column,0.33333333333333337,0.5
oulad_DDD_2014B,oulad_DDD_2014J,OULAD,2,shap,0.6190476190476191,0.5
oulad_DDD_2014B,oulad_DDD_2014J,OULAD,2,permutation,0.23809523809523814,0.5
oulad_DDD_2014B,oulad_DDD_2014J,OULAD,2,drop_column,-0.33333333333333337,0.2
oulad_DDD_2014J,oulad_DDD_2013B,OULAD,0,shap,0.14285714285714288,0.2
oulad_DDD_2014J,oulad_DDD_2013B,OULAD,0,permutation,-0.14285714285714288,0.2
oulad_DDD_2014J,oulad_DDD_2013B,OULAD,0,drop_column,0.6190476190476191,0.5
oulad_DDD_2014J,oulad_DDD_2013B,OULAD,1,shap,0.5238095238095238,1.0
oulad_DDD_2014J,oulad_DDD_2013B,OULAD,1,permutation,0.5238095238095238,0.5
oulad_DDD_2014J,oulad_DDD_2013B,OULAD,1,drop_column,-0.23809523809523814,0.2
oulad_DDD_2014J,oulad_DDD_2013B,OULAD,2,shap,0.6190476190476191,1.0
oulad_DDD_2014J,oulad_DDD_2013B,OULAD,2,permutation,0.23809523809523814,0.2
oulad_DDD_2014J,oulad_DDD_2013B,OULAD,2,drop_column,-0.04761904761904762,0.2
oulad_DDD_2014J,oulad_DDD_2013J,OULAD,0,shap,0.23809523809523814,0.5
oulad_DDD_2014J,oulad_DDD_2013J,OULAD,0,permutation,-0.7142857142857143,0.0
oulad_DDD_2014J,oulad_DDD_2013J,OULAD,0,drop_column,0.23809523809523814,0.5
oulad_DDD_2014J,oulad_DDD_2013J,OULAD,1,shap,0.7142857142857143,1.0
oulad_DDD_2014J,oulad_DDD_2013J,OULAD,1,permutation,0.5238095238095238,0.5
oulad_DDD_2014J,oulad_DDD_2013J,OULAD,1,drop_column,-0.4285714285714286,0.2
oulad_DDD_2014J,oulad_DDD_2013J,OULAD,2,shap,0.7142857142857143,1.0
oulad_DDD_2014J,oulad_DDD_2013J,OULAD,2,permutation,0.04761904761904762,0.2
oulad_DDD_2014J,oulad_DDD_2013J,OULAD,2,drop_column,-0.4285714285714286,0.0
oulad_DDD_2014J,oulad_DDD_2014B,OULAD,0,shap,0.04761904761904762,0.2
oulad_DDD_2014J,oulad_DDD_2014B,OULAD,0,permutation,0.23809523809523814,0.5
oulad_DDD_2014J,oulad_DDD_2014B,OULAD,0,drop_column,0.04761904761904762,0.2
oulad_DDD_2014J,oulad_DDD_2014B,OULAD,1,shap,0.7142857142857143,0.5
oulad_DDD_2014J,oulad_DDD_2014B,OULAD,1,permutation,0.6190476190476191,0.5
oulad_DDD_2014J,oulad_DDD_2014B,OULAD,1,drop_column,0.33333333333333337,0.5
oulad_DDD_2014J,oulad_DDD_2014B,OULAD,2,shap,0.6190476190476191,0.5
oulad_DDD_2014J,oulad_DDD_2014B,OULAD,2,permutation,0.23809523809523814,0.5
oulad_DDD_2014J,oulad_DDD_2014B,OULAD,2,drop_column,-0.33333333333333337,0.2
oulad_EEE_2013J,oulad_EEE_2014B,OULAD,0,shap,0.5238095238095238,0.2
oulad_EEE_2013J,oulad_EEE_2014B,OULAD,0,permutation,0.14285714285714288,0.5
oulad_EEE_2013J,oulad_EEE_2014B,OULAD,0,drop_column,0.14285714285714288,0.2
oulad_EEE_2013J,oulad_EEE_2014B,OULAD,1,shap,0.9047619047619049,1.0
oulad_EEE_2013J,oulad_EEE_2014B,OULAD,1,permutation,0.23809523809523814,0.5
oulad_EEE_2013J,oulad_EEE_2014B,OULAD,1,drop_column,0.14285714285714288,0.2
oulad_EEE_2013J,oulad_EEE_2014B,OULAD,2,shap,0.8095238095238096,0.5
oulad_EEE_2013J,oulad_EEE_2014B,OULAD,2,permutation,0.33333333333333337,0.5
oulad_EEE_2013J,oulad_EEE_2014B,OULAD,2,drop_column,-0.14285714285714288,0.5
oulad_EEE_2013J,oulad_EEE_2014J,OULAD,0,shap,0.8095238095238096,0.5
oulad_EEE_2013J,oulad_EEE_2014J,OULAD,0,permutation,0.33333333333333337,0.5
oulad_EEE_2013J,oulad_EEE_2014J,OULAD,0,drop_column,-0.4285714285714286,0.0
oulad_EEE_2013J,oulad_EEE_2014J,OULAD,1,shap,0.4285714285714286,0.5
oulad_EEE_2013J,oulad_EEE_2014J,OULAD,1,permutation,0.04761904761904762,0.2
oulad_EEE_2013J,oulad_EEE_2014J,OULAD,1,drop_column,0.33333333333333337,0.5
oulad_EEE_2013J,oulad_EEE_2014J,OULAD,2,shap,0.4285714285714286,0.5
oulad_EEE_2013J,oulad_EEE_2014J,OULAD,2,permutation,0.14285714285714288,0.5
oulad_EEE_2013J,oulad_EEE_2014J,OULAD,2,drop_column,-0.04761904761904762,0.2
oulad_EEE_2014B,oulad_EEE_2013J,OULAD,0,shap,0.5238095238095238,0.2
oulad_EEE_2014B,oulad_EEE_2013J,OULAD,0,permutation,0.14285714285714288,0.5
oulad_EEE_2014B,oulad_EEE_2013J,OULAD,0,drop_column,0.14285714285714288,0.2
oulad_EEE_2014B,oulad_EEE_2013J,OULAD,1,shap,0.9047619047619049,1.0
oulad_EEE_2014B,oulad_EEE_2013J,OULAD,1,permutation,0.23809523809523814,0.5
oulad_EEE_2014B,oulad_EEE_2013J,OULAD,1,drop_column,0.14285714285714288,0.2
oulad_EEE_2014B,oulad_EEE_2013J,OULAD,2,shap,0.8095238095238096,0.5
oulad_EEE_2014B,oulad_EEE_2013J,OULAD,2,permutation,0.33333333333333337,0.5
oulad_EEE_2014B,oulad_EEE_2013J,OULAD,2,drop_column,-0.14285714285714288,0.5
oulad_EEE_2014B,oulad_EEE_2014J,OULAD,0,shap,0.5238095238095238,0.5
oulad_EEE_2014B,oulad_EEE_2014J,OULAD,0,permutation,0.23809523809523814,0.5
oulad_EEE_2014B,oulad_EEE_2014J,OULAD,0,drop_column,-0.14285714285714288,0.5
oulad_EEE_2014B,oulad_EEE_2014J,OULAD,1,shap,0.33333333333333337,0.5
oulad_EEE_2014B,oulad_EEE_2014J,OULAD,1,permutation,0.04761904761904762,0.2
oulad_EEE_2014B,oulad_EEE_2014J,OULAD,1,drop_column,0.4285714285714286,0.5
oulad_EEE_2014B,oulad_EEE_2014J,OULAD,2,shap,0.4285714285714286,0.2
oulad_EEE_2014B,oulad_EEE_2014J,OULAD,2,permutation,0.4285714285714286,0.2
oulad_EEE_2014B,oulad_EEE_2014J,OULAD,2,drop_column,-0.04761904761904762,0.2
oulad_EEE_2014J,oulad_EEE_2013J,OULAD,0,shap,0.8095238095238096,0.5
oulad_EEE_2014J,oulad_EEE_2013J,OULAD,0,permutation,0.33333333333333337,0.5
oulad_EEE_2014J,oulad_EEE_2013J,OULAD,0,drop_column,-0.4285714285714286,0.0
oulad_EEE_2014J,oulad_EEE_2013J,OULAD,1,shap,0.4285714285714286,0.5
oulad_EEE_2014J,oulad_EEE_2013J,OULAD,1,permutation,0.04761904761904762,0.2
oulad_EEE_2014J,oulad_EEE_2013J,OULAD,1,drop_column,0.33333333333333337,0.5
oulad_EEE_2014J,oulad_EEE_2013J,OULAD,2,shap,0.4285714285714286,0.5
oulad_EEE_2014J,oulad_EEE_2013J,OULAD,2,permutation,0.14285714285714288,0.5
oulad_EEE_2014J,oulad_EEE_2013J,OULAD,2,drop_column,-0.04761904761904762,0.2
oulad_EEE_2014J,oulad_EEE_2014B,OULAD,0,shap,0.5238095238095238,0.5
oulad_EEE_2014J,oulad_EEE_2014B,OULAD,0,permutation,0.23809523809523814,0.5
oulad_EEE_2014J,oulad_EEE_2014B,OULAD,0,drop_column,-0.14285714285714288,0.5
oulad_EEE_2014J,oulad_EEE_2014B,OULAD,1,shap,0.33333333333333337,0.5
oulad_EEE_2014J,oulad_EEE_2014B,OULAD,1,permutation,0.04761904761904762,0.2
oulad_EEE_2014J,oulad_EEE_2014B,OULAD,1,drop_column,0.4285714285714286,0.5
oulad_EEE_2014J,oulad_EEE_2014B,OULAD,2,shap,0.4285714285714286,0.2
oulad_EEE_2014J,oulad_EEE_2014B,OULAD,2,permutation,0.4285714285714286,0.2
oulad_EEE_2014J,oulad_EEE_2014B,OULAD,2,drop_column,-0.04761904761904762,0.2
oulad_FFF_2013B,oulad_FFF_2013J,OULAD,0,shap,0.5238095238095238,1.0
oulad_FFF_2013B,oulad_FFF_2013J,OULAD,0,permutation,-0.23809523809523814,0.2
oulad_FFF_2013B,oulad_FFF_2013J,OULAD,0,drop_column,0.04761904761904762,0.5
oulad_FFF_2013B,oulad_FFF_2013J,OULAD,1,shap,0.14285714285714288,0.5
oulad_FFF_2013B,oulad_FFF_2013J,OULAD,1,permutation,0.04761904761904762,0.5
oulad_FFF_2013B,oulad_FFF_2013J,OULAD,1,drop_column,0.14285714285714288,0.2
oulad_FFF_2013B,oulad_FFF_2013J,OULAD,2,shap,0.33333333333333337,1.0
oulad_FFF_2013B,oulad_FFF_2013J,OULAD,2,permutation,0.14285714285714288,0.2
oulad_FFF_2013B,oulad_FFF_2013J,OULAD,2,drop_column,0.23809523809523814,0.2
oulad_FFF_2013B,oulad_FFF_2014B,OULAD,0,shap,0.5238095238095238,1.0
oulad_FFF_2013B,oulad_FFF_2014B,OULAD,0,permutation,0.4285714285714286,0.5
oulad_FFF_2013B,oulad_FFF_2014B,OULAD,0,drop_column,-0.04761904761904762,0.2
oulad_FFF_2013B,oulad_FFF_2014B,OULAD,1,shap,0.8095238095238096,0.5
oulad_FFF_2013B,oulad_FFF_2014B,OULAD,1,permutation,0.6190476190476191,0.5
oulad_FFF_2013B,oulad_FFF_2014B,OULAD,1,drop_column,0.04761904761904762,0.2
oulad_FFF_2013B,oulad_FFF_2014B,OULAD,2,shap,0.4285714285714286,1.0
oulad_FFF_2013B,oulad_FFF_2014B,OULAD,2,permutation,0.23809523809523814,0.2
oulad_FFF_2013B,oulad_FFF_2014B,OULAD,2,drop_column,0.14285714285714288,0.2
oulad_FFF_2013B,oulad_FFF_2014J,OULAD,0,shap,0.4285714285714286,1.0
oulad_FFF_2013B,oulad_FFF_2014J,OULAD,0,permutation,-0.33333333333333337,0.0
oulad_FFF_2013B,oulad_FFF_2014J,OULAD,0,drop_column,0.5238095238095238,1.0
oulad_FFF_2013B,oulad_FFF_2014J,OULAD,1,shap,0.5238095238095238,0.5
oulad_FFF_2013B,oulad_FFF_2014J,OULAD,1,permutation,0.14285714285714288,0.2
oulad_FFF_2013B,oulad_FFF_2014J,OULAD,1,drop_column,0.5238095238095238,0.5
oulad_FFF_2013B,oulad_FFF_2014J,OULAD,2,shap,0.23809523809523814,1.0
oulad_FFF_2013B,oulad_FFF_2014J,OULAD,2,permutation,-0.33333333333333337,0.2
oulad_FFF_2013B,oulad_FFF_2014J,OULAD,2,drop_column,-0.33333333333333337,0.2
oulad_FFF_2013J,oulad_FFF_2013B,OULAD,0,shap,0.5238095238095238,1.0
oulad_FFF_2013J,oulad_FFF_2013B,OULAD,0,permutation,-0.23809523809523814,0.2
oulad_FFF_2013J,oulad_FFF_2013B,OULAD,0,drop_column,0.04761904761904762,0.5
oulad_FFF_2013J,oulad_FFF_2013B,OULAD,1,shap,0.14285714285714288,0.5
oulad_FFF_2013J,oulad_FFF_2013B,OULAD,1,permutation,0.04761904761904762,0.5
oulad_FFF_2013J,oulad_FFF_2013B,OULAD,1,drop_column,0.14285714285714288,0.2
oulad_FFF_2013J,oulad_FFF_2013B,OULAD,2,shap,0.33333333333333337,1.0
oulad_FFF_2013J,oulad_FFF_2013B,OULAD,2,permutation,0.14285714285714288,0.2
oulad_FFF_2013J,oulad_FFF_2013B,OULAD,2,drop_column,0.23809523809523814,0.2
oulad_FFF_2013J,oulad_FFF_2014B,OULAD,0,shap,0.8095238095238096,1.0
oulad_FFF_2013J,oulad_FFF_2014B,OULAD,0,permutation,0.14285714285714288,0.5
oulad_FFF_2013J,oulad_FFF_2014B,OULAD,0,drop_column,-0.6190476190476191,0.2
oulad_FFF_2013J,oulad_FFF_2014B,OULAD,1,shap,0.33333333333333337,1.0
oulad_FFF_2013J,oulad_FFF_2014B,OULAD,1,permutation,0.4285714285714286,1.0
oulad_FFF_2013J,oulad_FFF_2014B,OULAD,1,drop_column,0.33333333333333337,0.5
oulad_FFF_2013J,oulad_FFF_2014B,OULAD,2,shap,0.5238095238095238,1.0
oulad_FFF_2013J,oulad_FFF_2014B,OULAD,2,permutation,0.7142857142857143,1.0
oulad_FFF_2013J,oulad_FFF_2014B,OULAD,2,drop_column,0.33333333333333337,0.5
oulad_FFF_2013J,oulad_FFF_2014J,OULAD,0,shap,0.9047619047619049,1.0
oulad_FFF_2013J,oulad_FFF_2014J,OULAD,0,permutation,0.33333333333333337,0.2
oulad_FFF_2013J,oulad_FFF_2014J,OULAD,0,drop_column,0.5238095238095238,0.5
oulad_FFF_2013J,oulad_FFF_2014J,OULAD,1,shap,0.4285714285714286,0.5
oulad_FFF_2013J,oulad_FFF_2014J,OULAD,1,permutation,0.33333333333333337,0.5
oulad_FFF_2013J,oulad_FFF_2014J,OULAD,1,drop_column,0.6190476190476191,0.5
oulad_FFF_2013J,oulad_FFF_2014J,OULAD,2,shap,0.9047619047619049,1.0
oulad_FFF_2013J,oulad_FFF_2014J,OULAD,2,permutation,0.33333333333333337,0.2
oulad_FFF_2013J,oulad_FFF_2014J,OULAD,2,drop_column,0.23809523809523814,0.5
oulad_FFF_2014B,oulad_FFF_2013B,OULAD,0,shap,0.5238095238095238,1.0
oulad_FFF_2014B,oulad_FFF_2013B,OULAD,0,permutation,0.4285714285714286,0.5
oulad_FFF_2014B,oulad_FFF_2013B,OULAD,0,drop_column,-0.04761904761904762,0.2
oulad_FFF_2014B,oulad_FFF_2013B,OULAD,1,shap,0.8095238095238096,0.5
oulad_FFF_2014B,oulad_FFF_2013B,OULAD,1,permutation,0.6190476190476191,0.5
oulad_FFF_2014B,oulad_FFF_2013B,OULAD,1,drop_column,0.04761904761904762,0.2
oulad_FFF_2014B,oulad_FFF_2013B,OULAD,2,shap,0.4285714285714286,1.0
oulad_FFF_2014B,oulad_FFF_2013B,OULAD,2,permutation,0.23809523809523814,0.2
oulad_FFF_2014B,oulad_FFF_2013B,OULAD,2,drop_column,0.14285714285714288,0.2
oulad_FFF_2014B,oulad_FFF_2013J,OULAD,0,shap,0.8095238095238096,1.0
oulad_FFF_2014B,oulad_FFF_2013J,OULAD,0,permutation,0.14285714285714288,0.5
oulad_FFF_2014B,oulad_FFF_2013J,OULAD,0,drop_column,-0.6190476190476191,0.2
oulad_FFF_2014B,oulad_FFF_2013J,OULAD,1,shap,0.33333333333333337,1.0
oulad_FFF_2014B,oulad_FFF_2013J,OULAD,1,permutation,0.4285714285714286,1.0
oulad_FFF_2014B,oulad_FFF_2013J,OULAD,1,drop_column,0.33333333333333337,0.5
oulad_FFF_2014B,oulad_FFF_2013J,OULAD,2,shap,0.5238095238095238,1.0
oulad_FFF_2014B,oulad_FFF_2013J,OULAD,2,permutation,0.7142857142857143,1.0
oulad_FFF_2014B,oulad_FFF_2013J,OULAD,2,drop_column,0.33333333333333337,0.5
oulad_FFF_2014B,oulad_FFF_2014J,OULAD,0,shap,0.7142857142857143,1.0
oulad_FFF_2014B,oulad_FFF_2014J,OULAD,0,permutation,-0.33333333333333337,0.0
oulad_FFF_2014B,oulad_FFF_2014J,OULAD,0,drop_column,-0.14285714285714288,0.2
oulad_FFF_2014B,oulad_FFF_2014J,OULAD,1,shap,0.5238095238095238,0.5
oulad_FFF_2014B,oulad_FFF_2014J,OULAD,1,permutation,0.5238095238095238,0.5
oulad_FFF_2014B,oulad_FFF_2014J,OULAD,1,drop_column,0.33333333333333337,0.2
oulad_FFF_2014B,oulad_FFF_2014J,OULAD,2,shap,0.6190476190476191,1.0
oulad_FFF_2014B,oulad_FFF_2014J,OULAD,2,permutation,0.23809523809523814,0.2
oulad_FFF_2014B,oulad_FFF_2014J,OULAD,2,drop_column,0.14285714285714288,0.2
oulad_FFF_2014J,oulad_FFF_2013B,OULAD,0,shap,0.4285714285714286,1.0
oulad_FFF_2014J,oulad_FFF_2013B,OULAD,0,permutation,-0.33333333333333337,0.0
oulad_FFF_2014J,oulad_FFF_2013B,OULAD,0,drop_column,0.5238095238095238,1.0
oulad_FFF_2014J,oulad_FFF_2013B,OULAD,1,shap,0.5238095238095238,0.5
oulad_FFF_2014J,oulad_FFF_2013B,OULAD,1,permutation,0.14285714285714288,0.2
oulad_FFF_2014J,oulad_FFF_2013B,OULAD,1,drop_column,0.5238095238095238,0.5
oulad_FFF_2014J,oulad_FFF_2013B,OULAD,2,shap,0.23809523809523814,1.0
oulad_FFF_2014J,oulad_FFF_2013B,OULAD,2,permutation,-0.33333333333333337,0.2
oulad_FFF_2014J,oulad_FFF_2013B,OULAD,2,drop_column,-0.33333333333333337,0.2
oulad_FFF_2014J,oulad_FFF_2013J,OULAD,0,shap,0.9047619047619049,1.0
oulad_FFF_2014J,oulad_FFF_2013J,OULAD,0,permutation,0.33333333333333337,0.2
oulad_FFF_2014J,oulad_FFF_2013J,OULAD,0,drop_column,0.5238095238095238,0.5
oulad_FFF_2014J,oulad_FFF_2013J,OULAD,1,shap,0.4285714285714286,0.5
oulad_FFF_2014J,oulad_FFF_2013J,OULAD,1,permutation,0.33333333333333337,0.5
oulad_FFF_2014J,oulad_FFF_2013J,OULAD,1,drop_column,0.6190476190476191,0.5
oulad_FFF_2014J,oulad_FFF_2013J,OULAD,2,shap,0.9047619047619049,1.0
oulad_FFF_2014J,oulad_FFF_2013J,OULAD,2,permutation,0.33333333333333337,0.2
oulad_FFF_2014J,oulad_FFF_2013J,OULAD,2,drop_column,0.23809523809523814,0.5
oulad_FFF_2014J,oulad_FFF_2014B,OULAD,0,shap,0.7142857142857143,1.0
oulad_FFF_2014J,oulad_FFF_2014B,OULAD,0,permutation,-0.33333333333333337,0.0
oulad_FFF_2014J,oulad_FFF_2014B,OULAD,0,drop_column,-0.14285714285714288,0.2
oulad_FFF_2014J,oulad_FFF_2014B,OULAD,1,shap,0.5238095238095238,0.5
oulad_FFF_2014J,oulad_FFF_2014B,OULAD,1,permutation,0.5238095238095238,0.5
oulad_FFF_2014J,oulad_FFF_2014B,OULAD,1,drop_column,0.33333333333333337,0.2
oulad_FFF_2014J,oulad_FFF_2014B,OULAD,2,shap,0.6190476190476191,1.0
oulad_FFF_2014J,oulad_FFF_2014B,OULAD,2,permutation,0.23809523809523814,0.2
oulad_FFF_2014J,oulad_FFF_2014B,OULAD,2,drop_column,0.14285714285714288,0.2
ku_Accountancy_1819,ku_Accountancy_1920,KU Leuven,0,shap,0.7142857142857143,0.5
ku_Accountancy_1819,ku_Accountancy_1920,KU Leuven,0,permutation,0.5238095238095238,0.5
ku_Accountancy_1819,ku_Accountancy_1920,KU Leuven,0,drop_column,-0.23809523809523814,0.2
ku_Accountancy_1819,ku_Accountancy_1920,KU Leuven,1,shap,0.6190476190476191,0.5
ku_Accountancy_1819,ku_Accountancy_1920,KU Leuven,1,permutation,0.4285714285714286,0.2
ku_Accountancy_1819,ku_Accountancy_1920,KU Leuven,1,drop_column,0.4285714285714286,0.5
ku_Accountancy_1819,ku_Accountancy_1920,KU Leuven,2,shap,0.6190476190476191,1.0
ku_Accountancy_1819,ku_Accountancy_1920,KU Leuven,2,permutation,0.14285714285714288,0.2
ku_Accountancy_1819,ku_Accountancy_1920,KU Leuven,2,drop_column,0.4285714285714286,0.5
ku_Accountancy_1819,ku_Accountancy_2021,KU Leuven,0,shap,0.6190476190476191,1.0
ku_Accountancy_1819,ku_Accountancy_2021,KU Leuven,0,permutation,0.4285714285714286,0.5
ku_Accountancy_1819,ku_Accountancy_2021,KU Leuven,0,drop_column,-0.04761904761904762,0.2
ku_Accountancy_1819,ku_Accountancy_2021,KU Leuven,1,shap,0.8095238095238096,1.0
ku_Accountancy_1819,ku_Accountancy_2021,KU Leuven,1,permutation,0.33333333333333337,0.5
ku_Accountancy_1819,ku_Accountancy_2021,KU Leuven,1,drop_column,-0.04761904761904762,0.2
ku_Accountancy_1819,ku_Accountancy_2021,KU Leuven,2,shap,0.4285714285714286,0.5
ku_Accountancy_1819,ku_Accountancy_2021,KU Leuven,2,permutation,0.7142857142857143,0.5
ku_Accountancy_1819,ku_Accountancy_2021,KU Leuven,2,drop_column,-0.4285714285714286,0.2
ku_Globaleconom_1819,ku_Globaleconom_1920,KU Leuven,0,shap,0.8095238095238096,0.5
ku_Globaleconom_1819,ku_Globaleconom_1920,KU Leuven,0,permutation,0.5238095238095238,0.5
ku_Globaleconom_1819,ku_Globaleconom_1920,KU Leuven,0,drop_column,-0.4285714285714286,0.2
ku_Globaleconom_1819,ku_Globaleconom_1920,KU Leuven,1,shap,0.5238095238095238,0.5
ku_Globaleconom_1819,ku_Globaleconom_1920,KU Leuven,1,permutation,-0.33333333333333337,0.2
ku_Globaleconom_1819,ku_Globaleconom_1920,KU Leuven,1,drop_column,-0.23809523809523814,0.2
ku_Globaleconom_1819,ku_Globaleconom_1920,KU Leuven,2,shap,0.7142857142857143,0.5
ku_Globaleconom_1819,ku_Globaleconom_1920,KU Leuven,2,permutation,0.23809523809523814,0.2
ku_Globaleconom_1819,ku_Globaleconom_1920,KU Leuven,2,drop_column,-0.23809523809523814,0.2
ku_Globaleconom_1819,ku_Globaleconom_2021,KU Leuven,0,shap,0.4285714285714286,0.5
ku_Globaleconom_1819,ku_Globaleconom_2021,KU Leuven,0,permutation,0.14285714285714288,0.5
ku_Globaleconom_1819,ku_Globaleconom_2021,KU Leuven,0,drop_column,-0.5238095238095238,0.2
ku_Globaleconom_1819,ku_Globaleconom_2021,KU Leuven,1,shap,0.7142857142857143,0.5
ku_Globaleconom_1819,ku_Globaleconom_2021,KU Leuven,1,permutation,-0.5238095238095238,0.0
ku_Globaleconom_1819,ku_Globaleconom_2021,KU Leuven,1,drop_column,0.33333333333333337,0.5
ku_Globaleconom_1819,ku_Globaleconom_2021,KU Leuven,2,shap,0.14285714285714288,0.5
ku_Globaleconom_1819,ku_Globaleconom_2021,KU Leuven,2,permutation,0.23809523809523814,0.2
ku_Globaleconom_1819,ku_Globaleconom_2021,KU Leuven,2,drop_column,0.23809523809523814,0.2
ku_Accountancy_1920,ku_Accountancy_1819,KU Leuven,0,shap,0.7142857142857143,0.5
ku_Accountancy_1920,ku_Accountancy_1819,KU Leuven,0,permutation,0.5238095238095238,0.5
ku_Accountancy_1920,ku_Accountancy_1819,KU Leuven,0,drop_column,-0.23809523809523814,0.2
ku_Accountancy_1920,ku_Accountancy_1819,KU Leuven,1,shap,0.6190476190476191,0.5
ku_Accountancy_1920,ku_Accountancy_1819,KU Leuven,1,permutation,0.4285714285714286,0.2
ku_Accountancy_1920,ku_Accountancy_1819,KU Leuven,1,drop_column,0.4285714285714286,0.5
ku_Accountancy_1920,ku_Accountancy_1819,KU Leuven,2,shap,0.6190476190476191,1.0
ku_Accountancy_1920,ku_Accountancy_1819,KU Leuven,2,permutation,0.14285714285714288,0.2
ku_Accountancy_1920,ku_Accountancy_1819,KU Leuven,2,drop_column,0.4285714285714286,0.5
ku_Accountancy_1920,ku_Accountancy_2021,KU Leuven,0,shap,0.5238095238095238,0.5
ku_Accountancy_1920,ku_Accountancy_2021,KU Leuven,0,permutation,0.5238095238095238,0.5
ku_Accountancy_1920,ku_Accountancy_2021,KU Leuven,0,drop_column,0.4285714285714286,0.5
ku_Accountancy_1920,ku_Accountancy_2021,KU Leuven,1,shap,0.8095238095238096,0.5
ku_Accountancy_1920,ku_Accountancy_2021,KU Leuven,1,permutation,0.33333333333333337,0.5
ku_Accountancy_1920,ku_Accountancy_2021,KU Leuven,1,drop_column,0.14285714285714288,0.2
ku_Accountancy_1920,ku_Accountancy_2021,KU Leuven,2,shap,0.6190476190476191,0.5
ku_Accountancy_1920,ku_Accountancy_2021,KU Leuven,2,permutation,-0.14285714285714288,0.2
ku_Accountancy_1920,ku_Accountancy_2021,KU Leuven,2,drop_column,-0.4285714285714286,0.2
ku_Globaleconom_1920,ku_Globaleconom_1819,KU Leuven,0,shap,0.8095238095238096,0.5
ku_Globaleconom_1920,ku_Globaleconom_1819,KU Leuven,0,permutation,0.5238095238095238,0.5
ku_Globaleconom_1920,ku_Globaleconom_1819,KU Leuven,0,drop_column,-0.4285714285714286,0.2
ku_Globaleconom_1920,ku_Globaleconom_1819,KU Leuven,1,shap,0.5238095238095238,0.5
ku_Globaleconom_1920,ku_Globaleconom_1819,KU Leuven,1,permutation,-0.33333333333333337,0.2
ku_Globaleconom_1920,ku_Globaleconom_1819,KU Leuven,1,drop_column,-0.23809523809523814,0.2
ku_Globaleconom_1920,ku_Globaleconom_1819,KU Leuven,2,shap,0.7142857142857143,0.5
ku_Globaleconom_1920,ku_Globaleconom_1819,KU Leuven,2,permutation,0.23809523809523814,0.2
ku_Globaleconom_1920,ku_Globaleconom_1819,KU Leuven,2,drop_column,-0.23809523809523814,0.2
ku_Globaleconom_1920,ku_Globaleconom_2021,KU Leuven,0,shap,0.6190476190476191,1.0
ku_Globaleconom_1920,ku_Globaleconom_2021,KU Leuven,0,permutation,0.23809523809523814,0.5
ku_Globaleconom_1920,ku_Globaleconom_2021,KU Leuven,0,drop_column,0.14285714285714288,0.2
ku_Globaleconom_1920,ku_Globaleconom_2021,KU Leuven,1,shap,0.23809523809523814,0.5
ku_Globaleconom_1920,ku_Globaleconom_2021,KU Leuven,1,permutation,0.4285714285714286,0.5
ku_Globaleconom_1920,ku_Globaleconom_2021,KU Leuven,1,drop_column,0.04761904761904762,0.2
ku_Globaleconom_1920,ku_Globaleconom_2021,KU Leuven,2,shap,0.4285714285714286,0.5
ku_Globaleconom_1920,ku_Globaleconom_2021,KU Leuven,2,permutation,0.8095238095238096,1.0
ku_Globaleconom_1920,ku_Globaleconom_2021,KU Leuven,2,drop_column,-0.23809523809523814,0.2
ku_Accountancy_2021,ku_Accountancy_1819,KU Leuven,0,shap,0.6190476190476191,1.0
ku_Accountancy_2021,ku_Accountancy_1819,KU Leuven,0,permutation,0.4285714285714286,0.5
ku_Accountancy_2021,ku_Accountancy_1819,KU Leuven,0,drop_column,-0.04761904761904762,0.2
ku_Accountancy_2021,ku_Accountancy_1819,KU Leuven,1,shap,0.8095238095238096,1.0
ku_Accountancy_2021,ku_Accountancy_1819,KU Leuven,1,permutation,0.33333333333333337,0.5
ku_Accountancy_2021,ku_Accountancy_1819,KU Leuven,1,drop_column,-0.04761904761904762,0.2
ku_Accountancy_2021,ku_Accountancy_1819,KU Leuven,2,shap,0.4285714285714286,0.5
ku_Accountancy_2021,ku_Accountancy_1819,KU Leuven,2,permutation,0.7142857142857143,0.5
ku_Accountancy_2021,ku_Accountancy_1819,KU Leuven,2,drop_column,-0.4285714285714286,0.2
ku_Accountancy_2021,ku_Accountancy_1920,KU Leuven,0,shap,0.5238095238095238,0.5
ku_Accountancy_2021,ku_Accountancy_1920,KU Leuven,0,permutation,0.5238095238095238,0.5
ku_Accountancy_2021,ku_Accountancy_1920,KU Leuven,0,drop_column,0.4285714285714286,0.5
ku_Accountancy_2021,ku_Accountancy_1920,KU Leuven,1,shap,0.8095238095238096,0.5
ku_Accountancy_2021,ku_Accountancy_1920,KU Leuven,1,permutation,0.33333333333333337,0.5
ku_Accountancy_2021,ku_Accountancy_1920,KU Leuven,1,drop_column,0.14285714285714288,0.2
ku_Accountancy_2021,ku_Accountancy_1920,KU Leuven,2,shap,0.6190476190476191,0.5
ku_Accountancy_2021,ku_Accountancy_1920,KU Leuven,2,permutation,-0.14285714285714288,0.2
ku_Accountancy_2021,ku_Accountancy_1920,KU Leuven,2,drop_column,-0.4285714285714286,0.2
ku_Globaleconom_2021,ku_Globaleconom_1819,KU Leuven,0,shap,0.4285714285714286,0.5
ku_Globaleconom_2021,ku_Globaleconom_1819,KU Leuven,0,permutation,0.14285714285714288,0.5
ku_Globaleconom_2021,ku_Globaleconom_1819,KU Leuven,0,drop_column,-0.5238095238095238,0.2
ku_Globaleconom_2021,ku_Globaleconom_1819,KU Leuven,1,shap,0.7142857142857143,0.5
ku_Globaleconom_2021,ku_Globaleconom_1819,KU Leuven,1,permutation,-0.5238095238095238,0.0
ku_Globaleconom_2021,ku_Globaleconom_1819,KU Leuven,1,drop_column,0.33333333333333337,0.5
ku_Globaleconom_2021,ku_Globaleconom_1819,KU Leuven,2,shap,0.14285714285714288,0.5
ku_Globaleconom_2021,ku_Globaleconom_1819,KU Leuven,2,permutation,0.23809523809523814,0.2
ku_Globaleconom_2021,ku_Globaleconom_1819,KU Leuven,2,drop_column,0.23809523809523814,0.2
ku_Globaleconom_2021,ku_Globaleconom_1920,KU Leuven,0,shap,0.6190476190476191,1.0
ku_Globaleconom_2021,ku_Globaleconom_1920,KU Leuven,0,permutation,0.23809523809523814,0.5
ku_Globaleconom_2021,ku_Globaleconom_1920,KU Leuven,0,drop_column,0.14285714285714288,0.2
ku_Globaleconom_2021,ku_Globaleconom_1920,KU Leuven,1,shap,0.23809523809523814,0.5
ku_Globaleconom_2021,ku_Globaleconom_1920,KU Leuven,1,permutation,0.4285714285714286,0.5
ku_Globaleconom_2021,ku_Globaleconom_1920,KU Leuven,1,drop_column,0.04761904761904762,0.2
ku_Globaleconom_2021,ku_Globaleconom_1920,KU Leuven,2,shap,0.4285714285714286,0.5
ku_Globaleconom_2021,ku_Globaleconom_1920,KU Leuven,2,permutation,0.8095238095238096,1.0
ku_Globaleconom_2021,ku_Globaleconom_1920,KU Leuven,2,drop_column,-0.23809523809523814,0.2
ukzn_ISTN101_2019,ukzn_ISTN101_2020,UKZN,0,shap,0.8095238095238096,1.0
ukzn_ISTN101_2019,ukzn_ISTN101_2020,UKZN,0,permutation,0.6190476190476191,0.5
ukzn_ISTN101_2019,ukzn_ISTN101_2020,UKZN,0,drop_column,0.04761904761904762,0.2
ukzn_ISTN101_2019,ukzn_ISTN101_2020,UKZN,1,shap,0.8095238095238096,0.5
ukzn_ISTN101_2019,ukzn_ISTN101_2020,UKZN,1,permutation,0.14285714285714288,0.5
ukzn_ISTN101_2019,ukzn_ISTN101_2020,UKZN,1,drop_column,0.33333333333333337,0.5
ukzn_ISTN101_2019,ukzn_ISTN101_2020,UKZN,2,shap,0.9047619047619049,1.0
ukzn_ISTN101_2019,ukzn_ISTN101_2020,UKZN,2,permutation,0.7142857142857143,1.0
ukzn_ISTN101_2019,ukzn_ISTN101_2020,UKZN,2,drop_column,0.23809523809523814,0.2
ukzn_ISTN101_2019,ukzn_ISTN101_2021,UKZN,0,shap,0.04761904761904762,0.2
ukzn_ISTN101_2019,ukzn_ISTN101_2021,UKZN,0,permutation,0.6190476190476191,1.0
ukzn_ISTN101_2019,ukzn_ISTN101_2021,UKZN,0,drop_column,0.04761904761904762,0.2
ukzn_ISTN101_2019,ukzn_ISTN101_2021,UKZN,1,shap,0.4285714285714286,0.5
ukzn_ISTN101_2019,ukzn_ISTN101_2021,UKZN,1,permutation,0.4285714285714286,0.5
ukzn_ISTN101_2019,ukzn_ISTN101_2021,UKZN,1,drop_column,-0.23809523809523814,0.2
ukzn_ISTN101_2019,ukzn_ISTN101_2021,UKZN,2,shap,0.23809523809523814,0.5
ukzn_ISTN101_2019,ukzn_ISTN101_2021,UKZN,2,permutation,0.04761904761904762,0.2
ukzn_ISTN101_2019,ukzn_ISTN101_2021,UKZN,2,drop_column,-0.4285714285714286,0.0
ukzn_ISTN101_2020,ukzn_ISTN101_2019,UKZN,0,shap,0.8095238095238096,1.0
ukzn_ISTN101_2020,ukzn_ISTN101_2019,UKZN,0,permutation,0.6190476190476191,0.5
ukzn_ISTN101_2020,ukzn_ISTN101_2019,UKZN,0,drop_column,0.04761904761904762,0.2
ukzn_ISTN101_2020,ukzn_ISTN101_2019,UKZN,1,shap,0.8095238095238096,0.5
ukzn_ISTN101_2020,ukzn_ISTN101_2019,UKZN,1,permutation,0.14285714285714288,0.5
ukzn_ISTN101_2020,ukzn_ISTN101_2019,UKZN,1,drop_column,0.33333333333333337,0.5
ukzn_ISTN101_2020,ukzn_ISTN101_2019,UKZN,2,shap,0.9047619047619049,1.0
ukzn_ISTN101_2020,ukzn_ISTN101_2019,UKZN,2,permutation,0.7142857142857143,1.0
ukzn_ISTN101_2020,ukzn_ISTN101_2019,UKZN,2,drop_column,0.23809523809523814,0.2
ukzn_ISTN101_2020,ukzn_ISTN101_2021,UKZN,0,shap,0.23809523809523814,0.2
ukzn_ISTN101_2020,ukzn_ISTN101_2021,UKZN,0,permutation,0.6190476190476191,0.5
ukzn_ISTN101_2020,ukzn_ISTN101_2021,UKZN,0,drop_column,0.04761904761904762,0.2
ukzn_ISTN101_2020,ukzn_ISTN101_2021,UKZN,1,shap,0.4285714285714286,0.5
ukzn_ISTN101_2020,ukzn_ISTN101_2021,UKZN,1,permutation,0.33333333333333337,0.5
ukzn_ISTN101_2020,ukzn_ISTN101_2021,UKZN,1,drop_column,-0.5238095238095238,0.0
ukzn_ISTN101_2020,ukzn_ISTN101_2021,UKZN,2,shap,0.14285714285714288,0.5
ukzn_ISTN101_2020,ukzn_ISTN101_2021,UKZN,2,permutation,0.14285714285714288,0.2
ukzn_ISTN101_2020,ukzn_ISTN101_2021,UKZN,2,drop_column,-0.04761904761904762,0.2
ukzn_ISTN101_2021,ukzn_ISTN101_2019,UKZN,0,shap,0.04761904761904762,0.2
ukzn_ISTN101_2021,ukzn_ISTN101_2019,UKZN,0,permutation,0.6190476190476191,1.0
ukzn_ISTN101_2021,ukzn_ISTN101_2019,UKZN,0,drop_column,0.04761904761904762,0.2
ukzn_ISTN101_2021,ukzn_ISTN101_2019,UKZN,1,shap,0.4285714285714286,0.5
ukzn_ISTN101_2021,ukzn_ISTN101_2019,UKZN,1,permutation,0.4285714285714286,0.5
ukzn_ISTN101_2021,ukzn_ISTN101_2019,UKZN,1,drop_column,-0.23809523809523814,0.2
ukzn_ISTN101_2021,ukzn_ISTN101_2019,UKZN,2,shap,0.23809523809523814,0.5
ukzn_ISTN101_2021,ukzn_ISTN101_2019,UKZN,2,permutation,0.04761904761904762,0.2
ukzn_ISTN101_2021,ukzn_ISTN101_2019,UKZN,2,drop_column,-0.4285714285714286,0.0
ukzn_ISTN101_2021,ukzn_ISTN101_2020,UKZN,0,shap,0.23809523809523814,0.2
ukzn_ISTN101_2021,ukzn_ISTN101_2020,UKZN,0,permutation,0.6190476190476191,0.5
ukzn_ISTN101_2021,ukzn_ISTN101_2020,UKZN,0,drop_column,0.04761904761904762,0.2
ukzn_ISTN101_2021,ukzn_ISTN101_2020,UKZN,1,shap,0.4285714285714286,0.5
ukzn_ISTN101_2021,ukzn_ISTN101_2020,UKZN,1,permutation,0.33333333333333337,0.5
ukzn_ISTN101_2021,ukzn_ISTN101_2020,UKZN,1,drop_column,-0.5238095238095238,0.0
ukzn_ISTN101_2021,ukzn_ISTN101_2020,UKZN,2,shap,0.14285714285714288,0.5
ukzn_ISTN101_2021,ukzn_ISTN101_2020,UKZN,2,permutation,0.14285714285714288,0.2
ukzn_ISTN101_2021,ukzn_ISTN101_2020,UKZN,2,drop_column,-0.04761904761904762,0.2
ukzn_ISTN103_2019,ukzn_ISTN103_2020,UKZN,0,shap,0.7142857142857143,1.0
ukzn_ISTN103_2019,ukzn_ISTN103_2020,UKZN,0,permutation,0.04761904761904762,0.5
ukzn_ISTN103_2019,ukzn_ISTN103_2020,UKZN,0,drop_column,0.14285714285714288,0.2
ukzn_ISTN103_2019,ukzn_ISTN103_2020,UKZN,1,shap,0.6190476190476191,1.0
ukzn_ISTN103_2019,ukzn_ISTN103_2020,UKZN,1,permutation,0.23809523809523814,0.5
ukzn_ISTN103_2019,ukzn_ISTN103_2020,UKZN,1,drop_column,-0.04761904761904762,0.2
ukzn_ISTN103_2019,ukzn_ISTN103_2020,UKZN,2,shap,0.6190476190476191,1.0
ukzn_ISTN103_2019,ukzn_ISTN103_2020,UKZN,2,permutation,0.4285714285714286,1.0
ukzn_ISTN103_2019,ukzn_ISTN103_2020,UKZN,2,drop_column,0.04761904761904762,0.2
ukzn_ISTN103_2020,ukzn_ISTN103_2019,UKZN,0,shap,0.7142857142857143,1.0
ukzn_ISTN103_2020,ukzn_ISTN103_2019,UKZN,0,permutation,0.04761904761904762,0.5
ukzn_ISTN103_2020,ukzn_ISTN103_2019,UKZN,0,drop_column,0.14285714285714288,0.2
ukzn_ISTN103_2020,ukzn_ISTN103_2019,UKZN,1,shap,0.6190476190476191,1.0
ukzn_ISTN103_2020,ukzn_ISTN103_2019,UKZN,1,permutation,0.23809523809523814,0.5
ukzn_ISTN103_2020,ukzn_ISTN103_2019,UKZN,1,drop_column,-0.04761904761904762,0.2
ukzn_ISTN103_2020,ukzn_ISTN103_2019,UKZN,2,shap,0.6190476190476191,1.0
ukzn_ISTN103_2020,ukzn_ISTN103_2019,UKZN,2,permutation,0.4285714285714286,1.0
ukzn_ISTN103_2020,ukzn_ISTN103_2019,UKZN,2,drop_column,0.04761904761904762,0.2
ukzn_ISTN211_2019,ukzn_ISTN211_2021,UKZN,0,shap,-0.04761904761904762,0.5
ukzn_ISTN211_2019,ukzn_ISTN211_2021,UKZN,0,permutation,-0.23809523809523814,0.0
ukzn_ISTN211_2019,ukzn_ISTN211_2021,UKZN,0,drop_column,0.04761904761904762,0.5
ukzn_ISTN211_2019,ukzn_ISTN211_2021,UKZN,1,shap,-0.4285714285714286,0.2
ukzn_ISTN211_2019,ukzn_ISTN211_2021,UKZN,1,permutation,-0.23809523809523814,0.2
ukzn_ISTN211_2019,ukzn_ISTN211_2021,UKZN,1,drop_column,-0.5238095238095238,0.0
ukzn_ISTN211_2019,ukzn_ISTN211_2021,UKZN,2,shap,0.6190476190476191,0.5
ukzn_ISTN211_2019,ukzn_ISTN211_2021,UKZN,2,permutation,0.9047619047619049,1.0
ukzn_ISTN211_2019,ukzn_ISTN211_2021,UKZN,2,drop_column,0.33333333333333337,0.5
ukzn_ISTN211_2021,ukzn_ISTN211_2019,UKZN,0,shap,-0.04761904761904762,0.5
ukzn_ISTN211_2021,ukzn_ISTN211_2019,UKZN,0,permutation,-0.23809523809523814,0.0
ukzn_ISTN211_2021,ukzn_ISTN211_2019,UKZN,0,drop_column,0.04761904761904762,0.5
ukzn_ISTN211_2021,ukzn_ISTN211_2019,UKZN,1,shap,-0.4285714285714286,0.2
ukzn_ISTN211_2021,ukzn_ISTN211_2019,UKZN,1,permutation,-0.23809523809523814,0.2
ukzn_ISTN211_2021,ukzn_ISTN211_2019,UKZN,1,drop_column,-0.5238095238095238,0.0
ukzn_ISTN211_2021,ukzn_ISTN211_2019,UKZN,2,shap,0.6190476190476191,0.5
ukzn_ISTN211_2021,ukzn_ISTN211_2019,UKZN,2,permutation,0.9047619047619049,1.0
ukzn_ISTN211_2021,ukzn_ISTN211_2019,UKZN,2,drop_column,0.33333333333333337,0.5
ukzn_ISTN212_2018,ukzn_ISTN212_2019,UKZN,0,shap,0.6190476190476191,1.0
ukzn_ISTN212_2018,ukzn_ISTN212_2019,UKZN,0,permutation,0.04761904761904762,0.5
ukzn_ISTN212_2018,ukzn_ISTN212_2019,UKZN,0,drop_column,-0.14285714285714288,0.5
ukzn_ISTN212_2018,ukzn_ISTN212_2019,UKZN,1,shap,0.6190476190476191,0.5
ukzn_ISTN212_2018,ukzn_ISTN212_2019,UKZN,1,permutation,-0.33333333333333337,0.2
ukzn_ISTN212_2018,ukzn_ISTN212_2019,UKZN,1,drop_column,0.04761904761904762,0.5
ukzn_ISTN212_2018,ukzn_ISTN212_2019,UKZN,2,shap,0.6190476190476191,0.5
ukzn_ISTN212_2018,ukzn_ISTN212_2019,UKZN,2,permutation,0.8095238095238096,0.5
ukzn_ISTN212_2018,ukzn_ISTN212_2019,UKZN,2,drop_column,0.23809523809523814,0.5
ukzn_ISTN212_2019,ukzn_ISTN212_2018,UKZN,0,shap,0.6190476190476191,1.0
ukzn_ISTN212_2019,ukzn_ISTN212_2018,UKZN,0,permutation,0.04761904761904762,0.5
ukzn_ISTN212_2019,ukzn_ISTN212_2018,UKZN,0,drop_column,-0.14285714285714288,0.5
ukzn_ISTN212_2019,ukzn_ISTN212_2018,UKZN,1,shap,0.6190476190476191,0.5
ukzn_ISTN212_2019,ukzn_ISTN212_2018,UKZN,1,permutation,-0.33333333333333337,0.2
ukzn_ISTN212_2019,ukzn_ISTN212_2018,UKZN,1,drop_column,0.04761904761904762,0.5
ukzn_ISTN212_2019,ukzn_ISTN212_2018,UKZN,2,shap,0.6190476190476191,0.5
ukzn_ISTN212_2019,ukzn_ISTN212_2018,UKZN,2,permutation,0.8095238095238096,0.5
ukzn_ISTN212_2019,ukzn_ISTN212_2018,UKZN,2,drop_column,0.23809523809523814,0.5
ukzn_ISTN2IP_2018,ukzn_ISTN2IP_2019,UKZN,0,shap,0.5238095238095238,0.5
ukzn_ISTN2IP_2018,ukzn_ISTN2IP_2019,UKZN,0,permutation,0.33333333333333337,0.2
ukzn_ISTN2IP_2018,ukzn_ISTN2IP_2019,UKZN,0,drop_column,-0.23809523809523814,0.5
ukzn_ISTN2IP_2018,ukzn_ISTN2IP_2019,UKZN,1,shap,0.6190476190476191,0.5
ukzn_ISTN2IP_2018,ukzn_ISTN2IP_2019,UKZN,1,permutation,0.04761904761904762,0.5
ukzn_ISTN2IP_2018,ukzn_ISTN2IP_2019,UKZN,1,drop_column,0.14285714285714288,0.5
ukzn_ISTN2IP_2018,ukzn_ISTN2IP_2019,UKZN,2,shap,0.33333333333333337,0.2
ukzn_ISTN2IP_2018,ukzn_ISTN2IP_2019,UKZN,2,permutation,-0.04761904761904762,0.2
ukzn_ISTN2IP_2018,ukzn_ISTN2IP_2019,UKZN,2,drop_column,0.14285714285714288,0.5
ukzn_ISTN2IP_2019,ukzn_ISTN2IP_2018,UKZN,0,shap,0.5238095238095238,0.5
ukzn_ISTN2IP_2019,ukzn_ISTN2IP_2018,UKZN,0,permutation,0.33333333333333337,0.2
ukzn_ISTN2IP_2019,ukzn_ISTN2IP_2018,UKZN,0,drop_column,-0.23809523809523814,0.5
ukzn_ISTN2IP_2019,ukzn_ISTN2IP_2018,UKZN,1,shap,0.6190476190476191,0.5
ukzn_ISTN2IP_2019,ukzn_ISTN2IP_2018,UKZN,1,permutation,0.04761904761904762,0.5
ukzn_ISTN2IP_2019,ukzn_ISTN2IP_2018,UKZN,1,drop_column,0.14285714285714288,0.5
ukzn_ISTN2IP_2019,ukzn_ISTN2IP_2018,UKZN,2,shap,0.33333333333333337,0.2
ukzn_ISTN2IP_2019,ukzn_ISTN2IP_2018,UKZN,2,permutation,-0.04761904761904762,0.2
ukzn_ISTN2IP_2019,ukzn_ISTN2IP_2018,UKZN,2,drop_column,0.14285714285714288,0.5
ukzn_ISTN3ND_2018,ukzn_ISTN3ND_2019,UKZN,0,shap,0.6190476190476191,0.5
ukzn_ISTN3ND_2018,ukzn_ISTN3ND_2019,UKZN,0,permutation,-0.04761904761904762,0.5
ukzn_ISTN3ND_2018,ukzn_ISTN3ND_2019,UKZN,0,drop_column,0.33333333333333337,0.5
ukzn_ISTN3ND_2018,ukzn_ISTN3ND_2019,UKZN,1,shap,0.33333333333333337,0.2
ukzn_ISTN3ND_2018,ukzn_ISTN3ND_2019,UKZN,1,permutation,-0.04761904761904762,0.2
ukzn_ISTN3ND_2018,ukzn_ISTN3ND_2019,UKZN,1,drop_column,-0.14285714285714288,0.2
ukzn_ISTN3ND_2018,ukzn_ISTN3ND_2019,UKZN,2,shap,0.14285714285714288,0.2
ukzn_ISTN3ND_2018,ukzn_ISTN3ND_2019,UKZN,2,permutation,0.04761904761904762,0.5
ukzn_ISTN3ND_2018,ukzn_ISTN3ND_2019,UKZN,2,drop_column,0.33333333333333337,0.2
ukzn_ISTN3ND_2019,ukzn_ISTN3ND_2018,UKZN,0,shap,0.6190476190476191,0.5
ukzn_ISTN3ND_2019,ukzn_ISTN3ND_2018,UKZN,0,permutation,-0.04761904761904762,0.5
ukzn_ISTN3ND_2019,ukzn_ISTN3ND_2018,UKZN,0,drop_column,0.33333333333333337,0.5
ukzn_ISTN3ND_2019,ukzn_ISTN3ND_2018,UKZN,1,shap,0.33333333333333337,0.2
ukzn_ISTN3ND_2019,ukzn_ISTN3ND_2018,UKZN,1,permutation,-0.04761904761904762,0.2
ukzn_ISTN3ND_2019,ukzn_ISTN3ND_2018,UKZN,1,drop_column,-0.14285714285714288,0.2
ukzn_ISTN3ND_2019,ukzn_ISTN3ND_2018,UKZN,2,shap,0.14285714285714288,0.2
ukzn_ISTN3ND_2019,ukzn_ISTN3ND_2018,UKZN,2,permutation,0.04761904761904762,0.5
ukzn_ISTN3ND_2019,ukzn_ISTN3ND_2018,UKZN,2,drop_column,0.33333333333333337,0.2
ukzn_ISTN3SA_2018,ukzn_ISTN3SA_2019,UKZN,0,shap,0.14285714285714288,0.5
ukzn_ISTN3SA_2018,ukzn_ISTN3SA_2019,UKZN,0,permutation,-0.04761904761904762,0.5
ukzn_ISTN3SA_2018,ukzn_ISTN3SA_2019,UKZN,0,drop_column,0.33333333333333337,0.5
ukzn_ISTN3SA_2018,ukzn_ISTN3SA_2019,UKZN,1,shap,0.23809523809523814,0.5
ukzn_ISTN3SA_2018,ukzn_ISTN3SA_2019,UKZN,1,permutation,0.23809523809523814,0.5
ukzn_ISTN3SA_2018,ukzn_ISTN3SA_2019,UKZN,1,drop_column,-0.04761904761904762,0.2
ukzn_ISTN3SA_2018,ukzn_ISTN3SA_2019,UKZN,2,shap,0.4285714285714286,0.5
ukzn_ISTN3SA_2018,ukzn_ISTN3SA_2019,UKZN,2,permutation,0.6190476190476191,0.5
ukzn_ISTN3SA_2018,ukzn_ISTN3SA_2019,UKZN,2,drop_column,0.23809523809523814,0.2
ukzn_ISTN3SA_2019,ukzn_ISTN3SA_2018,UKZN,0,shap,0.14285714285714288,0.5
ukzn_ISTN3SA_2019,ukzn_ISTN3SA_2018,UKZN,0,permutation,-0.04761904761904762,0.5
ukzn_ISTN3SA_2019,ukzn_ISTN3SA_2018,UKZN,0,drop_column,0.33333333333333337,0.5
ukzn_ISTN3SA_2019,ukzn_ISTN3SA_2018,UKZN,1,shap,0.23809523809523814,0.5
ukzn_ISTN3SA_2019,ukzn_ISTN3SA_2018,UKZN,1,permutation,0.23809523809523814,0.5
ukzn_ISTN3SA_2019,ukzn_ISTN3SA_2018,UKZN,1,drop_column,-0.04761904761904762,0.2
ukzn_ISTN3SA_2019,ukzn_ISTN3SA_2018,UKZN,2,shap,0.4285714285714286,0.5
ukzn_ISTN3SA_2019,ukzn_ISTN3SA_2018,UKZN,2,permutation,0.6190476190476191,0.5
ukzn_ISTN3SA_2019,ukzn_ISTN3SA_2018,UKZN,2,drop_column,0.23809523809523814,0.2
zambia_ICT1110_2020,zambia_ICT1110_2021,Zambia,0,shap,0.7142857142857143,0.5
zambia_ICT1110_2020,zambia_ICT1110_2021,Zambia,0,permutation,0.14285714285714288,0.5
zambia_ICT1110_2020,zambia_ICT1110_2021,Zambia,0,drop_column,0.9047619047619049,1.0
zambia_ICT1110_2020,zambia_ICT1110_2021,Zambia,1,shap,-0.04761904761904762,0.0
zambia_ICT1110_2020,zambia_ICT1110_2021,Zambia,1,permutation,0.7142857142857143,1.0
zambia_ICT1110_2020,zambia_ICT1110_2021,Zambia,1,drop_column,0.23809523809523814,0.5
zambia_ICT1110_2020,zambia_ICT1110_2021,Zambia,2,shap,0.14285714285714288,0.2
zambia_ICT1110_2020,zambia_ICT1110_2021,Zambia,2,permutation,-0.14285714285714288,0.5
zambia_ICT1110_2020,zambia_ICT1110_2021,Zambia,2,drop_column,-0.33333333333333337,0.2
zambia_ICT1110_2021,zambia_ICT1110_2020,Zambia,0,shap,0.7142857142857143,0.5
zambia_ICT1110_2021,zambia_ICT1110_2020,Zambia,0,permutation,0.14285714285714288,0.5
zambia_ICT1110_2021,zambia_ICT1110_2020,Zambia,0,drop_column,0.9047619047619049,1.0
zambia_ICT1110_2021,zambia_ICT1110_2020,Zambia,1,shap,-0.04761904761904762,0.0
zambia_ICT1110_2021,zambia_ICT1110_2020,Zambia,1,permutation,0.7142857142857143,1.0
zambia_ICT1110_2021,zambia_ICT1110_2020,Zambia,1,drop_column,0.23809523809523814,0.5
zambia_ICT1110_2021,zambia_ICT1110_2020,Zambia,2,shap,0.14285714285714288,0.2
zambia_ICT1110_2021,zambia_ICT1110_2020,Zambia,2,permutation,-0.14285714285714288,0.5
zambia_ICT1110_2021,zambia_ICT1110_2020,Zambia,2,drop_column,-0.33333333333333337,0.2
