cohort_id,institution,representation,seed,n_students,floor_tau,floor_jaccard,ceiling_tau,ceiling_jaccard,ceiling_full_tau,ceiling_full_jaccard
oulad_AAA_2013J,OULAD,raw,0,383,0.8095238095238096,1.0,0.6190476190476191,0.5,0.04761904761904762,0.5
oulad_AAA_2013J,OULAD,raw,1,383,0.6190476190476191,1.0,0.14285714285714288,0.2,-0.04761904761904762,0.2
oulad_AAA_2013J,OULAD,raw,2,383,0.6190476190476191,0.5,0.7142857142857143,1.0,-0.04761904761904762,0.5
oulad_AAA_2013J,OULAD,raw,3,383,0.4285714285714286,0.5,-0.23809523809523814,0.2,0.14285714285714288,0.5
oulad_AAA_2013J,OULAD,raw,4,383,0.6190476190476191,0.5,0.7142857142857143,0.5,0.4285714285714286,0.5
oulad_AAA_2014J,OULAD,raw,0,365,0.8095238095238096,1.0,0.23809523809523814,0.5,-0.14285714285714288,0.2
oulad_AAA_2014J,OULAD,raw,1,365,0.8095238095238096,1.0,0.6190476190476191,0.5,-0.14285714285714288,0.2
oulad_AAA_2014J,OULAD,raw,2,365,0.7142857142857143,0.5,0.14285714285714288,0.2,0.14285714285714288,0.2
oulad_AAA_2014J,OULAD,raw,3,365,0.8095238095238096,1.0,0.33333333333333337,0.5,0.14285714285714288,0.2
oulad_AAA_2014J,OULAD,raw,4,365,0.9047619047619049,0.5,-0.04761904761904762,0.2,-0.5238095238095238,0.0
oulad_BBB_2013B,OULAD,raw,0,1767,0.9047619047619049,1.0,0.6190476190476191,0.5,0.5238095238095238,0.5
oulad_BBB_2013B,OULAD,raw,1,1767,1.0,1.0,0.33333333333333337,0.5,0.6190476190476191,1.0
oulad_BBB_2013B,OULAD,raw,2,1767,1.0,1.0,0.14285714285714288,0.5,0.4285714285714286,0.5
oulad_BBB_2013B,OULAD,raw,3,1767,0.9047619047619049,1.0,0.8095238095238096,1.0,0.5238095238095238,0.5
oulad_BBB_2013B,OULAD,raw,4,1767,1.0,1.0,0.7142857142857143,0.5,0.8095238095238096,0.5
oulad_BBB_2013J,OULAD,raw,0,2237,0.9047619047619049,1.0,0.9047619047619049,1.0,1.0,1.0
oulad_BBB_2013J,OULAD,raw,1,2237,0.9047619047619049,1.0,0.6190476190476191,1.0,0.7142857142857143,1.0
oulad_BBB_2013J,OULAD,raw,2,2237,0.9047619047619049,1.0,0.5238095238095238,1.0,0.5238095238095238,1.0
oulad_BBB_2013J,OULAD,raw,3,2237,1.0,1.0,0.23809523809523814,0.2,0.14285714285714288,0.5
oulad_BBB_2013J,OULAD,raw,4,2237,1.0,1.0,0.5238095238095238,0.5,0.33333333333333337,0.5
oulad_BBB_2014B,OULAD,raw,0,1613,0.9047619047619049,1.0,0.23809523809523814,0.5,0.4285714285714286,0.5
oulad_BBB_2014B,OULAD,raw,1,1613,0.7142857142857143,1.0,0.23809523809523814,0.5,0.7142857142857143,0.5
oulad_BBB_2014B,OULAD,raw,2,1613,0.9047619047619049,0.5,0.6190476190476191,0.5,0.7142857142857143,1.0
oulad_BBB_2014B,OULAD,raw,3,1613,0.9047619047619049,0.5,0.23809523809523814,0.5,0.5238095238095238,0.5
oulad_BBB_2014B,OULAD,raw,4,1613,0.9047619047619049,0.5,0.7142857142857143,0.5,0.33333333333333337,0.5
oulad_BBB_2014J,OULAD,raw,0,2292,1.0,1.0,0.23809523809523814,0.5,0.33333333333333337,0.5
oulad_BBB_2014J,OULAD,raw,1,2292,0.7142857142857143,0.5,0.8095238095238096,0.5,0.4285714285714286,0.5
oulad_BBB_2014J,OULAD,raw,2,2292,1.0,1.0,0.6190476190476191,0.5,0.4285714285714286,0.5
oulad_BBB_2014J,OULAD,raw,3,2292,1.0,1.0,0.5238095238095238,0.5,0.33333333333333337,0.5
oulad_BBB_2014J,OULAD,raw,4,2292,0.6190476190476191,0.5,0.14285714285714288,0.2,0.4285714285714286,0.5
oulad_CCC_2014B,OULAD,raw,0,1936,0.8095238095238096,1.0,0.4285714285714286,0.5,0.4285714285714286,0.5
oulad_CCC_2014B,OULAD,raw,1,1936,0.9047619047619049,0.5,0.5238095238095238,0.5,0.6190476190476191,1.0
oulad_CCC_2014B,OULAD,raw,2,1936,0.9047619047619049,1.0,0.5238095238095238,0.5,0.7142857142857143,1.0
oulad_CCC_2014B,OULAD,raw,3,1936,0.8095238095238096,0.5,0.04761904761904762,0.2,0.33333333333333337,0.2
oulad_CCC_2014B,OULAD,raw,4,1936,0.8095238095238096,0.5,0.5238095238095238,0.5,0.4285714285714286,0.5
oulad_CCC_2014J,OULAD,raw,0,2498,0.9047619047619049,1.0,0.4285714285714286,0.5,0.4285714285714286,0.5
oulad_CCC_2014J,OULAD,raw,1,2498,1.0,1.0,1.0,1.0,0.9047619047619049,1.0
oulad_CCC_2014J,OULAD,raw,2,2498,0.9047619047619049,0.5,0.6190476190476191,1.0,0.4285714285714286,0.5
oulad_CCC_2014J,OULAD,raw,3,2498,1.0,1.0,0.6190476190476191,1.0,0.9047619047619049,1.0
oulad_CCC_2014J,OULAD,raw,4,2498,0.8095238095238096,1.0,0.4285714285714286,0.5,0.7142857142857143,0.5
oulad_DDD_2013B,OULAD,raw,0,1303,0.8095238095238096,0.5,0.23809523809523814,0.2,0.5238095238095238,0.5
oulad_DDD_2013B,OULAD,raw,1,1303,0.7142857142857143,0.5,0.5238095238095238,0.5,0.6190476190476191,0.5
oulad_DDD_2013B,OULAD,raw,2,1303,0.9047619047619049,1.0,-0.5238095238095238,0.2,-0.33333333333333337,0.2
oulad_DDD_2013B,OULAD,raw,3,1303,0.9047619047619049,1.0,0.6190476190476191,0.5,0.6190476190476191,0.5
oulad_DDD_2013B,OULAD,raw,4,1303,0.7142857142857143,0.5,0.5238095238095238,1.0,0.23809523809523814,0.5
oulad_DDD_2013J,OULAD,raw,0,1938,0.9047619047619049,1.0,0.14285714285714288,0.5,0.14285714285714288,0.2
oulad_DDD_2013J,OULAD,raw,1,1938,1.0,1.0,0.23809523809523814,0.2,0.14285714285714288,0.2
oulad_DDD_2013J,OULAD,raw,2,1938,0.8095238095238096,1.0,0.4285714285714286,0.5,0.23809523809523814,0.2
oulad_DDD_2013J,OULAD,raw,3,1938,0.9047619047619049,1.0,-0.04761904761904762,0.2,0.04761904761904762,0.2
oulad_DDD_2013J,OULAD,raw,4,1938,0.8095238095238096,0.5,0.23809523809523814,0.2,0.14285714285714288,0.2
oulad_DDD_2014B,OULAD,raw,0,1228,1.0,1.0,0.04761904761904762,0.5,0.04761904761904762,0.5
oulad_DDD_2014B,OULAD,raw,1,1228,0.9047619047619049,0.5,0.6190476190476191,0.5,0.23809523809523814,0.5
oulad_DDD_2014B,OULAD,raw,2,1228,1.0,1.0,0.33333333333333337,0.5,0.5238095238095238,0.5
oulad_DDD_2014B,OULAD,raw,3,1228,0.9047619047619049,1.0,0.6190476190476191,0.5,0.4285714285714286,0.2
oulad_DDD_2014B,OULAD,raw,4,1228,0.9047619047619049,1.0,0.4285714285714286,0.5,0.33333333333333337,0.5
oulad_DDD_2014J,OULAD,raw,0,1803,0.8095238095238096,1.0,0.6190476190476191,0.5,0.8095238095238096,0.5
oulad_DDD_2014J,OULAD,raw,1,1803,0.9047619047619049,1.0,0.4285714285714286,0.5,0.14285714285714288,0.2
oulad_DDD_2014J,OULAD,raw,2,1803,1.0,1.0,0.04761904761904762,0.2,0.23809523809523814,0.5
oulad_DDD_2014J,OULAD,raw,3,1803,1.0,1.0,-0.14285714285714288,0.2,-0.4285714285714286,0.2
oulad_DDD_2014J,OULAD,raw,4,1803,1.0,1.0,0.04761904761904762,0.2,0.4285714285714286,0.5
oulad_EEE_2013J,OULAD,raw,0,1052,0.9047619047619049,1.0,0.14285714285714288,0.2,-0.4285714285714286,0.0
oulad_EEE_2013J,OULAD,raw,1,1052,0.9047619047619049,1.0,0.5238095238095238,0.5,0.23809523809523814,0.5
oulad_EEE_2013J,OULAD,raw,2,1052,0.7142857142857143,1.0,0.14285714285714288,0.5,-0.04761904761904762,0.2
oulad_EEE_2013J,OULAD,raw,3,1052,0.8095238095238096,1.0,0.14285714285714288,0.5,-0.04761904761904762,0.2
oulad_EEE_2013J,OULAD,raw,4,1052,0.9047619047619049,1.0,-0.14285714285714288,0.2,-0.04761904761904762,0.5
oulad_EEE_2014B,OULAD,raw,0,694,0.8095238095238096,0.5,0.04761904761904762,0.2,0.23809523809523814,0.5
oulad_EEE_2014B,OULAD,raw,1,694,0.8095238095238096,0.5,0.6190476190476191,0.5,0.4285714285714286,0.5
oulad_EEE_2014B,OULAD,raw,2,694,0.7142857142857143,0.5,-0.23809523809523814,0.2,-0.14285714285714288,0.2
oulad_EEE_2014B,OULAD,raw,3,694,0.6190476190476191,1.0,0.5238095238095238,0.5,0.4285714285714286,0.5
oulad_EEE_2014B,OULAD,raw,4,694,0.8095238095238096,1.0,-0.14285714285714288,0.2,-0.33333333333333337,0.2
oulad_EEE_2014J,OULAD,raw,0,1188,0.8095238095238096,1.0,0.7142857142857143,1.0,0.7142857142857143,0.5
oulad_EEE_2014J,OULAD,raw,1,1188,0.9047619047619049,0.5,0.14285714285714288,0.5,0.14285714285714288,0.5
oulad_EEE_2014J,OULAD,raw,2,1188,0.9047619047619049,0.5,0.5238095238095238,0.5,0.6190476190476191,0.5
oulad_EEE_2014J,OULAD,raw,3,1188,0.8095238095238096,0.5,0.8095238095238096,0.5,0.7142857142857143,1.0
oulad_EEE_2014J,OULAD,raw,4,1188,0.7142857142857143,0.5,0.4285714285714286,0.5,0.5238095238095238,0.5
oulad_FFF_2013B,OULAD,raw,0,1614,1.0,1.0,0.23809523809523814,0.5,0.23809523809523814,0.5
oulad_FFF_2013B,OULAD,raw,1,1614,1.0,1.0,0.4285714285714286,0.5,0.23809523809523814,0.2
oulad_FFF_2013B,OULAD,raw,2,1614,0.9047619047619049,1.0,0.23809523809523814,0.5,0.23809523809523814,0.5
oulad_FFF_2013B,OULAD,raw,3,1614,0.9047619047619049,1.0,0.14285714285714288,0.5,0.14285714285714288,0.5
oulad_FFF_2013B,OULAD,raw,4,1614,0.9047619047619049,1.0,0.9047619047619049,1.0,0.8095238095238096,0.5
oulad_FFF_2013J,OULAD,raw,0,2283,0.8095238095238096,0.5,0.6190476190476191,0.5,0.7142857142857143,0.5
oulad_FFF_2013J,OULAD,raw,1,2283,1.0,1.0,0.7142857142857143,1.0,0.8095238095238096,1.0
oulad_FFF_2013J,OULAD,raw,2,2283,0.8095238095238096,1.0,0.6190476190476191,0.5,0.6190476190476191,0.5
oulad_FFF_2013J,OULAD,raw,3,2283,0.8095238095238096,0.5,0.23809523809523814,0.5,0.4285714285714286,0.5
oulad_FFF_2013J,OULAD,raw,4,2283,1.0,1.0,0.5238095238095238,1.0,0.33333333333333337,0.5
oulad_FFF_2014B,OULAD,raw,0,1500,1.0,1.0,0.23809523809523814,0.5,-0.04761904761904762,0.2
oulad_FFF_2014B,OULAD,raw,1,1500,1.0,1.0,0.4285714285714286,0.5,0.7142857142857143,0.5
oulad_FFF_2014B,OULAD,raw,2,1500,0.9047619047619049,1.0,0.14285714285714288,0.5,0.14285714285714288,0.5
oulad_FFF_2014B,OULAD,raw,3,1500,0.9047619047619049,1.0,0.04761904761904762,0.2,0.14285714285714288,0.2
oulad_FFF_2014B,OULAD,raw,4,1500,0.8095238095238096,1.0,0.04761904761904762,0.2,-0.04761904761904762,0.2
oulad_FFF_2014J,OULAD,raw,0,2365,0.7142857142857143,0.5,0.14285714285714288,0.5,0.33333333333333337,0.5
oulad_FFF_2014J,OULAD,raw,1,2365,1.0,1.0,-0.04761904761904762,0.2,0.04761904761904762,0.2
oulad_FFF_2014J,OULAD,raw,2,2365,0.9047619047619049,0.5,-0.33333333333333337,0.0,-0.8095238095238096,0.0
oulad_FFF_2014J,OULAD,raw,3,2365,1.0,1.0,0.33333333333333337,0.5,0.14285714285714288,0.2
oulad_FFF_2014J,OULAD,raw,4,2365,1.0,1.0,0.33333333333333337,0.5,0.4285714285714286,0.5
ku_Accountancy_1819,KU Leuven,raw,0,752,1.0,1.0,0.5238095238095238,0.5,0.9047619047619049,1.0
ku_Accountancy_1819,KU Leuven,raw,1,752,0.23809523809523814,1.0,-0.14285714285714288,0.5,0.6190476190476191,0.5
ku_Accountancy_1819,KU Leuven,raw,2,752,0.9047619047619049,1.0,0.04761904761904762,0.5,0.6190476190476191,0.5
ku_Accountancy_1819,KU Leuven,raw,3,752,0.8095238095238096,0.5,0.4285714285714286,1.0,0.8095238095238096,1.0
ku_Accountancy_1819,KU Leuven,raw,4,752,0.7142857142857143,0.5,-0.5238095238095238,0.2,0.7142857142857143,0.5
ku_Globaleconom_1819,KU Leuven,raw,0,743,0.23809523809523814,0.5,0.6190476190476191,1.0,1.0,1.0
ku_Globaleconom_1819,KU Leuven,raw,1,743,0.7142857142857143,0.5,0.7142857142857143,0.5,0.7142857142857143,0.5
ku_Globaleconom_1819,KU Leuven,raw,2,743,0.8095238095238096,1.0,0.4285714285714286,0.5,0.8095238095238096,1.0
ku_Globaleconom_1819,KU Leuven,raw,3,743,0.7142857142857143,1.0,0.23809523809523814,0.5,0.8095238095238096,1.0
ku_Globaleconom_1819,KU Leuven,raw,4,743,0.7142857142857143,1.0,0.04761904761904762,0.2,0.8095238095238096,1.0
ku_Accountancy_1920,KU Leuven,raw,0,705,0.9047619047619049,1.0,0.23809523809523814,0.2,0.5238095238095238,0.5
ku_Accountancy_1920,KU Leuven,raw,1,705,0.9047619047619049,1.0,0.5238095238095238,0.5,0.7142857142857143,1.0
ku_Accountancy_1920,KU Leuven,raw,2,705,0.9047619047619049,1.0,-0.04761904761904762,0.2,0.6190476190476191,1.0
ku_Accountancy_1920,KU Leuven,raw,3,705,1.0,1.0,-0.14285714285714288,0.5,0.5238095238095238,0.5
ku_Accountancy_1920,KU Leuven,raw,4,705,1.0,1.0,-0.14285714285714288,0.2,0.4285714285714286,0.5
ku_Globaleconom_1920,KU Leuven,raw,0,681,0.8095238095238096,1.0,0.23809523809523814,0.5,0.7142857142857143,0.5
ku_Globaleconom_1920,KU Leuven,raw,1,681,0.4285714285714286,0.5,0.33333333333333337,0.2,0.5238095238095238,0.5
ku_Globaleconom_1920,KU Leuven,raw,2,681,1.0,1.0,0.04761904761904762,0.2,0.6190476190476191,0.5
ku_Globaleconom_1920,KU Leuven,raw,3,681,0.5238095238095238,0.5,-0.5238095238095238,0.2,0.4285714285714286,0.5
ku_Globaleconom_1920,KU Leuven,raw,4,681,0.7142857142857143,0.5,0.6190476190476191,0.5,0.7142857142857143,1.0
ku_Accountancy_2021,KU Leuven,raw,0,723,0.5238095238095238,0.5,-0.04761904761904762,0.2,0.4285714285714286,0.5
ku_Accountancy_2021,KU Leuven,raw,1,723,0.4285714285714286,1.0,0.7142857142857143,0.5,0.8095238095238096,0.5
ku_Accountancy_2021,KU Leuven,raw,2,723,0.5238095238095238,1.0,0.6190476190476191,0.5,0.4285714285714286,0.5
ku_Accountancy_2021,KU Leuven,raw,3,723,0.8095238095238096,0.5,1.0,1.0,0.9047619047619049,1.0
ku_Accountancy_2021,KU Leuven,raw,4,723,0.5238095238095238,0.5,-0.14285714285714288,0.2,0.6190476190476191,0.5
ku_Globaleconom_2021,KU Leuven,raw,0,335,0.6190476190476191,0.5,0.14285714285714288,0.5,0.8095238095238096,1.0
ku_Globaleconom_2021,KU Leuven,raw,1,335,0.9047619047619049,0.5,-0.04761904761904762,0.5,0.6190476190476191,0.5
ku_Globaleconom_2021,KU Leuven,raw,2,335,0.6190476190476191,0.5,0.23809523809523814,0.5,0.9047619047619049,1.0
ku_Globaleconom_2021,KU Leuven,raw,3,335,0.7142857142857143,0.5,-0.23809523809523814,0.5,0.23809523809523814,0.5
ku_Globaleconom_2021,KU Leuven,raw,4,335,0.8095238095238096,1.0,0.7142857142857143,1.0,0.8095238095238096,1.0
ukzn_ISTN101_2019,UKZN,raw,0,1056,0.7142857142857143,0.5,0.4285714285714286,0.5,0.6190476190476191,0.5
ukzn_ISTN101_2019,UKZN,raw,1,1056,0.8095238095238096,1.0,0.7142857142857143,0.5,0.6190476190476191,1.0
ukzn_ISTN101_2019,UKZN,raw,2,1056,0.7142857142857143,1.0,0.5238095238095238,0.5,0.6190476190476191,0.5
ukzn_ISTN101_2019,UKZN,raw,3,1056,0.8095238095238096,1.0,0.33333333333333337,1.0,0.8095238095238096,1.0
ukzn_ISTN101_2019,UKZN,raw,4,1056,0.4285714285714286,0.5,-0.23809523809523814,0.0,0.6190476190476191,0.5
ukzn_ISTN101_2020,UKZN,raw,0,978,0.7142857142857143,1.0,-0.23809523809523814,0.2,-0.04761904761904762,0.2
ukzn_ISTN101_2020,UKZN,raw,1,978,0.9047619047619049,1.0,0.8095238095238096,1.0,0.6190476190476191,0.5
ukzn_ISTN101_2020,UKZN,raw,2,978,0.9047619047619049,1.0,0.4285714285714286,0.5,0.6190476190476191,1.0
ukzn_ISTN101_2020,UKZN,raw,3,978,0.33333333333333337,0.5,0.14285714285714288,0.2,0.23809523809523814,0.5
ukzn_ISTN101_2020,UKZN,raw,4,978,0.7142857142857143,1.0,0.8095238095238096,0.5,0.5238095238095238,1.0
ukzn_ISTN101_2021,UKZN,raw,0,741,0.23809523809523814,0.5,-0.14285714285714288,0.2,-0.14285714285714288,0.2
ukzn_ISTN101_2021,UKZN,raw,1,741,0.5238095238095238,0.5,-0.04761904761904762,0.2,0.23809523809523814,0.5
ukzn_ISTN101_2021,UKZN,raw,2,741,0.5238095238095238,0.5,0.5238095238095238,0.5,0.7142857142857143,0.5
ukzn_ISTN101_2021,UKZN,raw,3,741,0.7142857142857143,0.5,0.5238095238095238,1.0,0.7142857142857143,1.0
ukzn_ISTN101_2021,UKZN,raw,4,741,0.7142857142857143,1.0,0.5238095238095238,0.5,0.5238095238095238,0.5
ukzn_ISTN102_2018,UKZN,raw,0,257,0.6190476190476191,0.5,0.33333333333333337,0.5,0.5238095238095238,1.0
ukzn_ISTN102_2018,UKZN,raw,1,257,0.7142857142857143,1.0,0.7142857142857143,1.0,0.7142857142857143,1.0
ukzn_ISTN102_2018,UKZN,raw,2,257,0.4285714285714286,0.5,0.04761904761904762,0.2,0.23809523809523814,0.5
ukzn_ISTN102_2018,UKZN,raw,3,257,0.8095238095238096,0.5,0.4285714285714286,0.5,0.6190476190476191,0.5
ukzn_ISTN102_2018,UKZN,raw,4,257,0.8095238095238096,1.0,0.5238095238095238,0.5,0.5238095238095238,0.5
ukzn_ISTN103_2019,UKZN,raw,0,1113,0.8095238095238096,1.0,0.04761904761904762,0.2,0.9047619047619049,1.0
ukzn_ISTN103_2019,UKZN,raw,1,1113,0.8095238095238096,0.5,0.8095238095238096,0.5,0.9047619047619049,1.0
ukzn_ISTN103_2019,UKZN,raw,2,1113,0.7142857142857143,0.5,0.7142857142857143,0.5,0.9047619047619049,1.0
ukzn_ISTN103_2019,UKZN,raw,3,1113,1.0,1.0,0.6190476190476191,0.5,0.8095238095238096,0.5
ukzn_ISTN103_2019,UKZN,raw,4,1113,0.8095238095238096,0.5,0.7142857142857143,0.5,0.6190476190476191,0.5
ukzn_ISTN103_2020,UKZN,raw,0,1082,0.9047619047619049,0.5,0.14285714285714288,0.5,0.6190476190476191,1.0
ukzn_ISTN103_2020,UKZN,raw,1,1082,0.7142857142857143,1.0,0.4285714285714286,0.5,0.33333333333333337,0.5
ukzn_ISTN103_2020,UKZN,raw,2,1082,0.8095238095238096,0.5,0.33333333333333337,0.5,0.7142857142857143,1.0
ukzn_ISTN103_2020,UKZN,raw,3,1082,0.8095238095238096,1.0,0.4285714285714286,0.5,0.7142857142857143,1.0
ukzn_ISTN103_2020,UKZN,raw,4,1082,0.4285714285714286,0.5,0.33333333333333337,0.2,0.5238095238095238,0.5
ukzn_ISTN211_2019,UKZN,raw,0,280,1.0,1.0,-0.23809523809523814,0.2,-0.8095238095238096,0.0
ukzn_ISTN211_2019,UKZN,raw,1,280,0.8095238095238096,1.0,0.33333333333333337,1.0,0.04761904761904762,0.5
ukzn_ISTN211_2019,UKZN,raw,2,280,-0.04761904761904762,0.5,-0.4285714285714286,0.2,-0.14285714285714288,0.5
ukzn_ISTN211_2019,UKZN,raw,3,280,0.5238095238095238,1.0,0.4285714285714286,0.5,0.33333333333333337,0.5
ukzn_ISTN211_2019,UKZN,raw,4,280,0.8095238095238096,1.0,0.33333333333333337,0.5,0.5238095238095238,0.5
ukzn_ISTN211_2021,UKZN,raw,0,327,0.8095238095238096,0.5,0.14285714285714288,0.5,0.14285714285714288,0.5
ukzn_ISTN211_2021,UKZN,raw,1,327,0.8095238095238096,1.0,-0.04761904761904762,0.2,0.04761904761904762,0.5
ukzn_ISTN211_2021,UKZN,raw,2,327,0.4285714285714286,0.5,-0.4285714285714286,0.2,0.04761904761904762,0.2
ukzn_ISTN211_2021,UKZN,raw,3,327,0.6190476190476191,0.5,0.14285714285714288,0.5,0.33333333333333337,0.5
ukzn_ISTN211_2021,UKZN,raw,4,327,0.33333333333333337,0.5,0.04761904761904762,0.5,0.8095238095238096,0.5
ukzn_ISTN212_2018,UKZN,raw,0,238,0.5238095238095238,1.0,-0.14285714285714288,0.2,0.23809523809523814,0.5
ukzn_ISTN212_2018,UKZN,raw,1,238,0.8095238095238096,0.5,0.23809523809523814,0.2,0.4285714285714286,0.2
ukzn_ISTN212_2018,UKZN,raw,2,238,0.7142857142857143,1.0,0.14285714285714288,0.5,0.4285714285714286,0.5
ukzn_ISTN212_2018,UKZN,raw,3,238,0.23809523809523814,0.5,0.14285714285714288,0.5,0.04761904761904762,0.5
ukzn_ISTN212_2018,UKZN,raw,4,238,0.7142857142857143,1.0,-0.23809523809523814,0.5,0.5238095238095238,0.5
ukzn_ISTN212_2019,UKZN,raw,0,264,0.7142857142857143,1.0,0.6190476190476191,0.5,0.6190476190476191,0.5
ukzn_ISTN212_2019,UKZN,raw,1,264,0.8095238095238096,0.5,0.5238095238095238,0.5,0.7142857142857143,0.5
ukzn_ISTN212_2019,UKZN,raw,2,264,0.6190476190476191,0.5,0.33333333333333337,0.5,0.33333333333333337,0.5
ukzn_ISTN212_2019,UKZN,raw,3,264,0.4285714285714286,0.5,-0.33333333333333337,0.2,0.33333333333333337,0.5
ukzn_ISTN212_2019,UKZN,raw,4,264,0.14285714285714288,0.5,0.14285714285714288,0.5,0.6190476190476191,0.5
ukzn_ISTN2IP_2018,UKZN,raw,0,99,0.5238095238095238,0.5,-0.04761904761904762,0.2,0.33333333333333337,1.0
ukzn_ISTN2IP_2018,UKZN,raw,1,99,0.7142857142857143,0.5,0.04761904761904762,0.5,0.4285714285714286,0.5
ukzn_ISTN2IP_2018,UKZN,raw,2,99,0.5238095238095238,0.5,0.04761904761904762,0.2,-0.14285714285714288,0.2
ukzn_ISTN2IP_2018,UKZN,raw,3,99,1.0,1.0,-0.23809523809523814,0.2,0.14285714285714288,0.2
ukzn_ISTN2IP_2018,UKZN,raw,4,99,0.23809523809523814,0.2,-0.4285714285714286,0.2,0.5238095238095238,0.5
ukzn_ISTN2IP_2019,UKZN,raw,0,116,0.4285714285714286,1.0,-0.33333333333333337,0.2,-0.23809523809523814,0.2
ukzn_ISTN2IP_2019,UKZN,raw,1,116,0.9047619047619049,0.5,0.5238095238095238,0.2,0.6190476190476191,0.5
ukzn_ISTN2IP_2019,UKZN,raw,2,116,0.7142857142857143,0.5,0.4285714285714286,0.5,0.5238095238095238,0.5
ukzn_ISTN2IP_2019,UKZN,raw,3,116,0.6190476190476191,0.5,-0.33333333333333337,0.2,-0.14285714285714288,0.0
ukzn_ISTN2IP_2019,UKZN,raw,4,116,-0.23809523809523814,0.0,0.04761904761904762,0.0,0.33333333333333337,0.5
ukzn_ISTN3ND_2018,UKZN,raw,0,144,0.4285714285714286,0.2,-0.4285714285714286,0.2,0.5238095238095238,0.5
ukzn_ISTN3ND_2018,UKZN,raw,1,144,0.6190476190476191,0.5,-0.14285714285714288,0.5,0.4285714285714286,0.5
ukzn_ISTN3ND_2018,UKZN,raw,2,144,0.4285714285714286,0.5,-0.33333333333333337,0.2,0.33333333333333337,0.2
ukzn_ISTN3ND_2018,UKZN,raw,3,144,0.9047619047619049,1.0,0.33333333333333337,0.2,0.14285714285714288,0.5
ukzn_ISTN3ND_2018,UKZN,raw,4,144,0.5238095238095238,0.5,0.5238095238095238,1.0,0.7142857142857143,0.5
ukzn_ISTN3ND_2019,UKZN,raw,0,223,1.0,1.0,0.4285714285714286,0.5,0.23809523809523814,0.2
ukzn_ISTN3ND_2019,UKZN,raw,1,223,0.8095238095238096,1.0,0.04761904761904762,0.2,0.5238095238095238,0.2
ukzn_ISTN3ND_2019,UKZN,raw,2,223,0.9047619047619049,1.0,0.33333333333333337,0.5,0.4285714285714286,0.5
ukzn_ISTN3ND_2019,UKZN,raw,3,223,0.4285714285714286,0.5,0.4285714285714286,0.5,-0.14285714285714288,0.2
ukzn_ISTN3ND_2019,UKZN,raw,4,223,0.9047619047619049,1.0,0.14285714285714288,0.5,-0.23809523809523814,0.2
ukzn_ISTN3SA_2018,UKZN,raw,0,141,0.4285714285714286,0.5,-0.23809523809523814,0.2,0.23809523809523814,0.5
ukzn_ISTN3SA_2018,UKZN,raw,1,141,0.6190476190476191,1.0,0.04761904761904762,0.5,0.33333333333333337,0.5
ukzn_ISTN3SA_2018,UKZN,raw,2,141,0.04761904761904762,0.5,0.04761904761904762,0.2,-0.04761904761904762,0.2
ukzn_ISTN3SA_2018,UKZN,raw,3,141,0.33333333333333337,0.5,-0.4285714285714286,0.2,-0.14285714285714288,0.0
ukzn_ISTN3SA_2018,UKZN,raw,4,141,0.6190476190476191,0.5,0.33333333333333337,0.2,0.23809523809523814,0.2
ukzn_ISTN3SA_2019,UKZN,raw,0,195,0.5238095238095238,0.5,-0.14285714285714288,0.2,0.04761904761904762,0.2
ukzn_ISTN3SA_2019,UKZN,raw,1,195,0.7142857142857143,0.5,-0.14285714285714288,0.2,0.14285714285714288,0.2
ukzn_ISTN3SA_2019,UKZN,raw,2,195,0.4285714285714286,1.0,-0.23809523809523814,0.2,0.23809523809523814,0.5
ukzn_ISTN3SA_2019,UKZN,raw,3,195,0.8095238095238096,1.0,-0.14285714285714288,0.2,0.23809523809523814,0.5
ukzn_ISTN3SA_2019,UKZN,raw,4,195,0.8095238095238096,1.0,0.4285714285714286,0.5,-0.33333333333333337,0.5
zambia_ICT1110_2020,Zambia,raw,0,65,0.14285714285714288,0.2,-0.33333333333333337,0.2,-0.23809523809523814,0.2
zambia_ICT1110_2020,Zambia,raw,1,65,0.4285714285714286,0.5,-0.33333333333333337,0.2,0.23809523809523814,0.5
zambia_ICT1110_2020,Zambia,raw,2,65,0.9047619047619049,1.0,0.33333333333333337,0.5,-0.14285714285714288,0.2
zambia_ICT1110_2020,Zambia,raw,3,65,0.4285714285714286,1.0,0.23809523809523814,0.5,-0.04761904761904762,0.5
zambia_ICT1110_2020,Zambia,raw,4,65,0.9047619047619049,1.0,-0.5238095238095238,0.0,-0.4285714285714286,0.2
zambia_ICT1110_2021,Zambia,raw,0,52,0.7142857142857143,1.0,0.04761904761904762,0.5,0.14285714285714288,0.2
zambia_ICT1110_2021,Zambia,raw,1,52,0.5238095238095238,0.5,0.5238095238095238,0.5,-0.14285714285714288,0.2
zambia_ICT1110_2021,Zambia,raw,2,52,0.7142857142857143,0.5,0.33333333333333337,0.5,-0.14285714285714288,0.2
zambia_ICT1110_2021,Zambia,raw,3,52,0.5238095238095238,0.5,-0.33333333333333337,0.2,-0.14285714285714288,0.2
zambia_ICT1110_2021,Zambia,raw,4,52,0.9047619047619049,1.0,0.04761904761904762,0.5,-0.04761904761904762,0.2
oviedo_C1112_1415,Oviedo,raw,0,199,0.5238095238095238,1.0,0.5238095238095238,0.5,0.23809523809523814,0.5
oviedo_C1112_1415,Oviedo,raw,1,199,0.6190476190476191,1.0,-0.5238095238095238,0.0,0.23809523809523814,0.2
oviedo_C1112_1415,Oviedo,raw,2,199,0.5238095238095238,0.5,0.04761904761904762,0.2,0.4285714285714286,0.5
oviedo_C1112_1415,Oviedo,raw,3,199,0.7142857142857143,1.0,0.33333333333333337,0.5,0.9047619047619049,1.0
oviedo_C1112_1415,Oviedo,raw,4,199,1.0,1.0,-0.04761904761904762,0.2,0.33333333333333337,0.2
oviedo_C1127_1415,Oviedo,raw,0,106,0.4285714285714286,0.5,0.23809523809523814,0.5,0.04761904761904762,0.2
oviedo_C1127_1415,Oviedo,raw,1,106,0.8095238095238096,1.0,0.14285714285714288,0.5,-0.04761904761904762,0.2
oviedo_C1127_1415,Oviedo,raw,2,106,0.8095238095238096,0.5,-0.14285714285714288,0.2,0.23809523809523814,0.2
oviedo_C1127_1415,Oviedo,raw,3,106,0.8095238095238096,1.0,0.9047619047619049,1.0,0.5238095238095238,1.0
oviedo_C1127_1415,Oviedo,raw,4,106,0.14285714285714288,0.2,-0.14285714285714288,0.2,0.33333333333333337,0.5
oviedo_C1200_1415,Oviedo,raw,0,107,0.7142857142857143,0.5,-0.23809523809523814,0.0,0.23809523809523814,0.2
oviedo_C1200_1415,Oviedo,raw,1,107,0.7142857142857143,0.5,0.33333333333333337,0.5,0.5238095238095238,0.5
oviedo_C1200_1415,Oviedo,raw,2,107,0.4285714285714286,1.0,-0.14285714285714288,0.2,0.04761904761904762,0.2
oviedo_C1200_1415,Oviedo,raw,3,107,0.4285714285714286,0.2,-0.6190476190476191,0.2,0.7142857142857143,1.0
oviedo_C1200_1415,Oviedo,raw,4,107,0.7142857142857143,0.5,0.14285714285714288,0.5,0.5238095238095238,0.5
oviedo_C1303_1415,Oviedo,raw,0,112,0.9047619047619049,1.0,-0.23809523809523814,0.2,0.04761904761904762,0.2
oviedo_C1303_1415,Oviedo,raw,1,112,0.04761904761904762,0.2,-0.23809523809523814,0.0,0.6190476190476191,0.5
oviedo_C1303_1415,Oviedo,raw,2,112,1.0,1.0,-0.33333333333333337,0.5,0.04761904761904762,0.5
oviedo_C1303_1415,Oviedo,raw,3,112,0.8095238095238096,1.0,-0.7142857142857143,0.0,0.33333333333333337,0.5
oviedo_C1303_1415,Oviedo,raw,4,112,0.9047619047619049,1.0,-0.23809523809523814,0.2,0.6190476190476191,0.5
oviedo_C174_1415,Oviedo,raw,0,96,0.7142857142857143,1.0,-0.04761904761904762,0.2,0.23809523809523814,0.5
oviedo_C174_1415,Oviedo,raw,1,96,0.4285714285714286,0.5,0.14285714285714288,0.2,0.14285714285714288,0.2
oviedo_C174_1415,Oviedo,raw,2,96,0.9047619047619049,1.0,0.23809523809523814,0.5,-0.14285714285714288,0.2
oviedo_C174_1415,Oviedo,raw,3,96,0.33333333333333337,0.5,0.33333333333333337,0.5,0.04761904761904762,0.2
oviedo_C174_1415,Oviedo,raw,4,96,0.5238095238095238,0.5,-0.04761904761904762,0.2,0.14285714285714288,0.2
oviedo_C190_1415,Oviedo,raw,0,112,0.6190476190476191,1.0,0.23809523809523814,0.5,-0.23809523809523814,0.2
oviedo_C190_1415,Oviedo,raw,1,112,0.6190476190476191,1.0,-0.4285714285714286,0.0,0.4285714285714286,0.5
oviedo_C190_1415,Oviedo,raw,2,112,0.7142857142857143,0.5,0.23809523809523814,0.5,-0.04761904761904762,0.2
oviedo_C190_1415,Oviedo,raw,3,112,0.7142857142857143,1.0,-0.33333333333333337,0.2,0.23809523809523814,0.2
oviedo_C190_1415,Oviedo,raw,4,112,0.9047619047619049,1.0,-0.23809523809523814,0.2,0.23809523809523814,0.5
oviedo_C1978_1415,Oviedo,raw,0,164,0.4285714285714286,0.5,0.14285714285714288,0.2,-0.14285714285714288,0.5
oviedo_C1978_1415,Oviedo,raw,1,164,0.8095238095238096,1.0,0.4285714285714286,0.5,0.33333333333333337,0.5
oviedo_C1978_1415,Oviedo,raw,2,164,0.9047619047619049,0.5,0.33333333333333337,0.5,-0.04761904761904762,0.5
oviedo_C1978_1415,Oviedo,raw,3,164,0.5238095238095238,1.0,0.04761904761904762,0.2,0.6190476190476191,1.0
oviedo_C1978_1415,Oviedo,raw,4,164,0.7142857142857143,1.0,0.4285714285714286,0.2,0.23809523809523814,0.2
oviedo_C2011_1415,Oviedo,raw,0,120,0.33333333333333337,0.2,-0.33333333333333337,0.2,0.4285714285714286,0.5
oviedo_C2011_1415,Oviedo,raw,1,120,0.4285714285714286,0.2,0.14285714285714288,0.5,0.33333333333333337,0.5
oviedo_C2011_1415,Oviedo,raw,2,120,0.7142857142857143,0.5,0.33333333333333337,0.5,0.14285714285714288,0.2
oviedo_C2011_1415,Oviedo,raw,3,120,0.5238095238095238,0.5,0.04761904761904762,0.5,0.7142857142857143,1.0
oviedo_C2011_1415,Oviedo,raw,4,120,0.4285714285714286,0.5,-0.04761904761904762,0.5,-0.04761904761904762,0.2
oviedo_C2024_1415,Oviedo,raw,0,327,0.6190476190476191,0.5,-0.14285714285714288,0.2,0.6190476190476191,1.0
oviedo_C2024_1415,Oviedo,raw,1,327,0.6190476190476191,0.5,-0.04761904761904762,0.2,0.33333333333333337,0.2
oviedo_C2024_1415,Oviedo,raw,2,327,0.8095238095238096,0.5,0.23809523809523814,0.5,0.14285714285714288,0.2
oviedo_C2024_1415,Oviedo,raw,3,327,0.33333333333333337,0.2,0.14285714285714288,0.2,-0.6190476190476191,0.0
oviedo_C2024_1415,Oviedo,raw,4,327,0.8095238095238096,1.0,0.04761904761904762,0.2,0.04761904761904762,0.5
oviedo_C2150_1415,Oviedo,raw,0,106,0.6190476190476191,0.5,0.14285714285714288,0.5,0.14285714285714288,0.5
oviedo_C2150_1415,Oviedo,raw,1,106,0.7142857142857143,1.0,0.6190476190476191,0.2,0.33333333333333337,0.2
oviedo_C2150_1415,Oviedo,raw,2,106,0.23809523809523814,0.5,0.23809523809523814,0.5,0.5238095238095238,0.5
oviedo_C2150_1415,Oviedo,raw,3,106,0.7142857142857143,1.0,0.23809523809523814,0.5,0.4285714285714286,0.5
oviedo_C2150_1415,Oviedo,raw,4,106,1.0,1.0,0.23809523809523814,0.5,0.14285714285714288,0.5
oviedo_C2271_1415,Oviedo,raw,0,596,0.8095238095238096,0.5,0.04761904761904762,0.5,0.9047619047619049,1.0
oviedo_C2271_1415,Oviedo,raw,1,596,0.8095238095238096,0.5,0.23809523809523814,0.5,0.7142857142857143,0.5
oviedo_C2271_1415,Oviedo,raw,2,596,0.7142857142857143,1.0,0.23809523809523814,0.5,0.7142857142857143,0.5
oviedo_C2271_1415,Oviedo,raw,3,596,0.7142857142857143,1.0,0.4285714285714286,0.5,0.7142857142857143,1.0
oviedo_C2271_1415,Oviedo,raw,4,596,1.0,1.0,-0.23809523809523814,0.2,0.7142857142857143,1.0
oviedo_C2335_1415,Oviedo,raw,0,428,0.6190476190476191,1.0,0.23809523809523814,0.2,0.23809523809523814,0.5
oviedo_C2335_1415,Oviedo,raw,1,428,0.8095238095238096,1.0,-0.23809523809523814,0.2,0.7142857142857143,0.5
oviedo_C2335_1415,Oviedo,raw,2,428,0.33333333333333337,0.5,-0.5238095238095238,0.0,0.4285714285714286,0.2
oviedo_C2335_1415,Oviedo,raw,3,428,0.8095238095238096,0.5,0.14285714285714288,0.5,0.14285714285714288,0.5
oviedo_C2335_1415,Oviedo,raw,4,428,-0.23809523809523814,0.2,0.5238095238095238,0.5,0.6190476190476191,1.0
oviedo_C2406_1415,Oviedo,raw,0,133,0.7142857142857143,0.5,0.4285714285714286,0.5,0.5238095238095238,0.5
oviedo_C2406_1415,Oviedo,raw,1,133,0.8095238095238096,1.0,0.23809523809523814,0.2,0.7142857142857143,0.5
oviedo_C2406_1415,Oviedo,raw,2,133,1.0,1.0,-0.14285714285714288,0.2,0.4285714285714286,0.5
oviedo_C2406_1415,Oviedo,raw,3,133,0.8095238095238096,0.5,0.6190476190476191,1.0,0.4285714285714286,0.5
oviedo_C2406_1415,Oviedo,raw,4,133,0.5238095238095238,0.5,0.23809523809523814,0.2,0.5238095238095238,1.0
oviedo_C2468_1415,Oviedo,raw,0,82,0.33333333333333337,0.5,-0.04761904761904762,0.2,0.23809523809523814,0.5
oviedo_C2468_1415,Oviedo,raw,1,82,0.8095238095238096,1.0,0.04761904761904762,0.2,0.4285714285714286,0.5
oviedo_C2468_1415,Oviedo,raw,2,82,0.5238095238095238,0.5,0.4285714285714286,0.5,0.7142857142857143,1.0
oviedo_C2468_1415,Oviedo,raw,3,82,0.9047619047619049,1.0,0.23809523809523814,0.5,0.5238095238095238,1.0
oviedo_C2468_1415,Oviedo,raw,4,82,0.5238095238095238,1.0,-0.5238095238095238,0.2,0.14285714285714288,0.2
oviedo_C2607_1415,Oviedo,raw,0,277,0.5238095238095238,0.5,0.04761904761904762,0.2,-0.23809523809523814,0.2
oviedo_C2607_1415,Oviedo,raw,1,277,0.9047619047619049,1.0,-0.4285714285714286,0.2,0.23809523809523814,0.2
oviedo_C2607_1415,Oviedo,raw,2,277,0.5238095238095238,1.0,-0.23809523809523814,0.2,0.04761904761904762,0.2
oviedo_C2607_1415,Oviedo,raw,3,277,0.33333333333333337,0.5,-0.04761904761904762,0.0,0.4285714285714286,0.2
oviedo_C2607_1415,Oviedo,raw,4,277,1.0,1.0,0.04761904761904762,0.2,0.6190476190476191,0.5
oviedo_C3022_1415,Oviedo,raw,0,238,0.6190476190476191,1.0,0.14285714285714288,0.2,0.5238095238095238,0.5
oviedo_C3022_1415,Oviedo,raw,1,238,0.6190476190476191,0.5,0.5238095238095238,0.2,0.5238095238095238,0.5
oviedo_C3022_1415,Oviedo,raw,2,238,0.7142857142857143,1.0,0.33333333333333337,0.5,0.33333333333333337,0.2
oviedo_C3022_1415,Oviedo,raw,3,238,0.8095238095238096,0.5,0.23809523809523814,0.2,0.6190476190476191,1.0
oviedo_C3022_1415,Oviedo,raw,4,238,0.14285714285714288,0.5,-0.33333333333333337,0.2,-0.04761904761904762,0.5
oviedo_C3029_1415,Oviedo,raw,0,231,-0.04761904761904762,0.2,-0.23809523809523814,0.2,0.33333333333333337,0.2
oviedo_C3029_1415,Oviedo,raw,1,231,1.0,1.0,0.7142857142857143,1.0,0.04761904761904762,0.2
oviedo_C3029_1415,Oviedo,raw,2,231,0.9047619047619049,1.0,0.14285714285714288,0.2,-0.04761904761904762,0.5
oviedo_C3029_1415,Oviedo,raw,3,231,0.8095238095238096,0.5,-0.14285714285714288,0.2,0.04761904761904762,0.2
oviedo_C3029_1415,Oviedo,raw,4,231,0.4285714285714286,0.5,-0.4285714285714286,0.2,-0.33333333333333337,0.2
oviedo_C4189_1415,Oviedo,raw,0,128,0.4285714285714286,0.5,-0.04761904761904762,0.2,-0.33333333333333337,0.2
oviedo_C4189_1415,Oviedo,raw,1,128,0.6190476190476191,1.0,0.33333333333333337,0.5,0.33333333333333337,0.2
oviedo_C4189_1415,Oviedo,raw,2,128,-0.04761904761904762,0.2,0.04761904761904762,0.2,0.4285714285714286,0.5
oviedo_C4189_1415,Oviedo,raw,3,128,0.14285714285714288,0.2,0.23809523809523814,0.5,0.7142857142857143,0.5
oviedo_C4189_1415,Oviedo,raw,4,128,1.0,1.0,0.6190476190476191,1.0,0.5238095238095238,1.0
oviedo_C4213_1415,Oviedo,raw,0,140,0.5238095238095238,0.5,0.14285714285714288,0.2,0.23809523809523814,0.2
oviedo_C4213_1415,Oviedo,raw,1,140,0.33333333333333337,0.5,-0.4285714285714286,0.2,0.04761904761904762,0.5
oviedo_C4213_1415,Oviedo,raw,2,140,0.6190476190476191,1.0,-0.23809523809523814,0.2,0.04761904761904762,0.5
oviedo_C4213_1415,Oviedo,raw,3,140,0.7142857142857143,0.5,-0.23809523809523814,0.2,-0.33333333333333337,0.2
oviedo_C4213_1415,Oviedo,raw,4,140,0.8095238095238096,1.0,-0.33333333333333337,0.2,0.14285714285714288,0.5
oviedo_C836_1415,Oviedo,raw,0,87,0.7142857142857143,0.5,-0.4285714285714286,0.2,-0.5238095238095238,0.0
oviedo_C836_1415,Oviedo,raw,1,87,0.5238095238095238,0.5,0.14285714285714288,0.2,0.5238095238095238,0.5
oviedo_C836_1415,Oviedo,raw,2,87,0.14285714285714288,0.5,-0.23809523809523814,0.2,-0.23809523809523814,0.0
oviedo_C836_1415,Oviedo,raw,3,87,-0.14285714285714288,0.2,0.5238095238095238,0.5,0.23809523809523814,0.2
oviedo_C836_1415,Oviedo,raw,4,87,0.6190476190476191,0.5,0.04761904761904762,0.2,0.23809523809523814,0.2
