cohort_id,institution,module,n_students,pass_rate,auc,auc_ci_low,auc_ci_high,covers_chance,below_chance
oviedo_C2024_1415,Oviedo,C2024,327,0.8409785932721713,0.38423076923076926,0.3060161514203227,0.47706600487634965,False,True
oviedo_C2607_1415,Oviedo,C2607,277,0.26353790613718414,0.451248992747784,0.3790988155050976,0.5150137005485577,True,False
zambia_ICT1110_2021,Zambia,ICT1110,52,0.38461538461538464,0.45546875,0.28104803798352185,0.5980618686868683,True,False
oviedo_C3029_1415,Oviedo,C3029,231,0.670995670995671,0.4742784380305602,0.3884615812760821,0.5595806876612173,True,False
oviedo_C1303_1415,Oviedo,C1303,112,0.375,0.4948979591836735,0.377235387754187,0.6074525443412163,True,False
oviedo_C4189_1415,Oviedo,C4189,128,0.53125,0.5012254901960784,0.4012681739255861,0.6131332337622549,True,False
oviedo_C2335_1415,Oviedo,C2335,428,0.32242990654205606,0.5087831084457771,0.4574975418765784,0.5641289804659474,True,False
oviedo_C190_1415,Oviedo,C190,112,0.45535714285714285,0.5249116039858567,0.40337643075762025,0.6257995152083822,True,False
oviedo_C3022_1415,Oviedo,C3022,238,0.7142857142857143,0.5347318339100346,0.4611119161111171,0.6133973545566348,True,False
ukzn_ISTN3ND_2018,UKZN,ISTN3ND,144,0.6041666666666666,0.5361968138737648,0.43837535494637114,0.6241114601704879,True,False
oviedo_C836_1415,Oviedo,C836,87,0.4942528735632184,0.538583509513742,0.41896195585152296,0.6603632478632477,True,False
ukzn_ISTN3SA_2018,UKZN,ISTN3SA,141,0.7872340425531915,0.543993993993994,0.4292000066569032,0.6435015351582354,True,False
ukzn_ISTN102_2018,UKZN,ISTN102,257,0.7354085603112841,0.5453625894802365,0.45365476882814776,0.6235988932496498,True,False
oviedo_C4213_1415,Oviedo,C4213,140,0.5785714285714286,0.5597405314919439,0.459399353647451,0.6651222287155188,True,False
ukzn_ISTN3SA_2019,UKZN,ISTN3SA,195,0.8717948717948718,0.5823529411764706,0.4447742651825492,0.7075647305972922,True,False
oviedo_C1127_1415,Oviedo,C1127,106,0.6320754716981132,0.5855338691159587,0.45756728778467903,0.7082738472183131,True,False
ku_Globaleconom_1920,KU Leuven,Globaleconom,681,0.7547723935389133,0.5858011603252639,0.5371346567353629,0.6326163803694685,False,False
ku_Globaleconom_2021,KU Leuven,Globaleconom,335,0.5134328358208955,0.587262804965045,0.5318462823545402,0.6456447463706008,False,False
ku_Globaleconom_1819,KU Leuven,Globaleconom,743,0.5625841184387618,0.5915421420684579,0.5523742301249317,0.6312382565464821,False,False
zambia_ICT1110_2020,Zambia,ICT1110,65,0.24615384615384617,0.5982142857142858,0.44070836570836575,0.7437593787515006,True,False
ukzn_ISTN2IP_2019,UKZN,ISTN2IP,116,0.7586206896551724,0.599025974025974,0.4880343300110742,0.7043685889503067,True,False
ku_Accountancy_1920,KU Leuven,Accountancy,705,0.6822695035460993,0.6089016557766558,0.5640566072820783,0.647584627596995,False,False
oviedo_C1200_1415,Oviedo,C1200,107,0.40186915887850466,0.6115552325581395,0.49926752692542165,0.703565269694001,True,False
ku_Accountancy_1819,KU Leuven,Accountancy,752,0.7021276595744681,0.6260399756493507,0.5839689844543138,0.6686261276600312,False,False
ku_Accountancy_2021,KU Leuven,Accountancy,723,0.7012448132780082,0.64944480970122,0.6052205354067681,0.6926979970327057,False,False
ukzn_ISTN103_2020,UKZN,ISTN103,1082,0.8937153419593346,0.6516613461624926,0.6035223302923652,0.6996953669641344,False,False
oviedo_C2271_1415,Oviedo,C2271,596,0.5855704697986577,0.6528021066552209,0.6108779226733979,0.6916407591245523,False,False
ukzn_ISTN103_2019,UKZN,ISTN103,1113,0.7304582210242587,0.6532164821648216,0.6166683630084578,0.6890279039290997,False,False
ukzn_ISTN212_2018,UKZN,ISTN212,238,0.8151260504201681,0.6538191190253047,0.5693411989936702,0.7323842930029154,False,False
ukzn_ISTN3ND_2019,UKZN,ISTN3ND,223,0.8026905829596412,0.6686135093956324,0.5894455197809461,0.7461492882461987,False,False
ukzn_ISTN101_2019,UKZN,ISTN101,1056,0.8257575757575758,0.6696188173115277,0.6276405598090488,0.7107215156559131,False,False
oviedo_C2468_1415,Oviedo,C2468,82,0.5,0.6838191552647234,0.563891369047619,0.7940972222222223,False,False
oviedo_C2011_1415,Oviedo,C2011,120,0.7833333333333333,0.6900572831423896,0.5797316691214309,0.8030029230191443,False,False
ukzn_ISTN212_2019,UKZN,ISTN212,264,0.8409090909090909,0.6991634491634491,0.611050193050193,0.7789740006775068,False,False
oulad_AAA_2013J,OULAD,AAA,383,0.7258485639686684,0.7094552929085304,0.6511018095951684,0.7599879860019804,False,False
oviedo_C1978_1415,Oviedo,C1978,164,0.7195121951219512,0.7129697862932941,0.6212644175026234,0.8030698728354978,False,False
ukzn_ISTN101_2020,UKZN,ISTN101,978,0.9498977505112475,0.7177456558511456,0.651196800044251,0.7827514457108045,False,False
ukzn_ISTN211_2019,UKZN,ISTN211,280,0.9321428571428572,0.7341197822141561,0.6369891970476403,0.8304326923076922,False,False
oviedo_C2406_1415,Oviedo,C2406,133,0.37593984962406013,0.7373493975903616,0.6470135160673239,0.8135606808541758,False,False
oulad_AAA_2014J,OULAD,AAA,365,0.6931506849315069,0.751464568040655,0.6989835952671273,0.801886065935786,False,False
oviedo_C1112_1415,Oviedo,C1112,199,0.457286432160804,0.7575295075295075,0.6849684488455676,0.8150930459197772,False,False
oviedo_C2150_1415,Oviedo,C2150,106,0.6132075471698113,0.7575984990619136,0.6566760982562039,0.843983397110364,False,False
ukzn_ISTN101_2021,UKZN,ISTN101,741,0.9149797570850202,0.7943999625415555,0.7491234469407059,0.8409035059771632,False,False
ukzn_ISTN211_2021,UKZN,ISTN211,327,0.9480122324159022,0.802371916508539,0.6794135512067577,0.8973909337742936,False,False
ukzn_ISTN2IP_2018,UKZN,ISTN2IP,99,0.7474747474747475,0.8137837837837838,0.7201673727342176,0.8957654483197961,False,False
oulad_DDD_2013B,OULAD,DDD,1303,0.3914044512663085,0.8224229162030512,0.8005458321757751,0.8457823855171185,False,False
oulad_FFF_2013B,OULAD,FFF,1614,0.48451053283767037,0.8306302872319495,0.809847944623731,0.8488894631137408,False,False
oulad_EEE_2013J,OULAD,EEE,1052,0.5788973384030418,0.8449313717858904,0.8170577743308599,0.8691503298485301,False,False
oulad_DDD_2014J,OULAD,DDD,1803,0.43926788685524126,0.8530757625713116,0.8331367666865472,0.8694532633515359,False,False
oulad_BBB_2014B,OULAD,BBB,1613,0.45071295722256666,0.8534066527769584,0.8357675339795844,0.8693805489324842,False,False
oulad_EEE_2014B,OULAD,EEE,694,0.5144092219020173,0.8568394716937219,0.8269832887533436,0.8836574480687978,False,False
oulad_CCC_2014J,OULAD,CCC,2498,0.4063250600480384,0.8573491358549605,0.8432862471933764,0.8714537276188329,False,False
oulad_DDD_2014B,OULAD,DDD,1228,0.39006514657980457,0.8574592149309727,0.8358761780925446,0.8766650621349177,False,False
oulad_DDD_2013J,OULAD,DDD,1938,0.4277605779153767,0.8592495222225003,0.8442735863752642,0.8763109623266097,False,False
oulad_BBB_2013B,OULAD,BBB,1767,0.45444255800792305,0.8596516951473467,0.8412243052096701,0.8737430576789074,False,False
oulad_BBB_2013J,OULAD,BBB,2237,0.47921323200715243,0.8597867689449746,0.8450486178370621,0.8756307627219163,False,False
oulad_FFF_2014B,OULAD,FFF,1500,0.436,0.8598143087455989,0.8421418335943415,0.8787075571816727,False,False
oulad_EEE_2014J,OULAD,EEE,1188,0.5757575757575758,0.8618769145084935,0.8379890755774151,0.8853770799295887,False,False
oulad_BBB_2014J,OULAD,BBB,2292,0.5026178010471204,0.8686673824317739,0.8532838006791383,0.8838186916444868,False,False
oulad_FFF_2013J,OULAD,FFF,2283,0.47963206307490147,0.8779076918346325,0.8652983873394009,0.8928251893911906,False,False
oulad_CCC_2014B,OULAD,CCC,1936,0.3424586776859504,0.8815922767681004,0.8663757857374719,0.8953749111515746,False,False
oulad_FFF_2014J,OULAD,FFF,2365,0.4723044397463002,0.8971514674150081,0.8846284713654483,0.9091656700575306,False,False
oviedo_C174_1415,Oviedo,C174,96,0.53125,0.9531590413943356,0.910065483079806,0.9917393994600615,False,False
